data_label,fitted,residual,standardised_residual
SYNTHETIC DATA,4.101740794493489,0.2315925388398438,0.3413442484346381
SYNTHETIC DATA,3.6074022480950583,0.3925977519049413,0.5786498357522434
SYNTHETIC DATA,2.436032932622208,-1.186032932622208,-1.7480939672440197
SYNTHETIC DATA,2.797542073971648,1.452457926028352,2.1407777712819143
SYNTHETIC DATA,3.071065202559515,0.4289347974404851,0.6322070080204008
SYNTHETIC DATA,4.5305224687676375,-0.0305224687676375,-0.0449870674333938
SYNTHETIC DATA,3.050741634386216,-0.0507416343862159,-0.0747880961134323
SYNTHETIC DATA,4.630906672368725,-0.2975733390353916,-0.4385933513923129
SYNTHETIC DATA,3.729547883920629,-0.4795478839206293,-0.7068056373720553
SYNTHETIC DATA,3.4873173672701934,1.2626826327298066,1.861067962032609
SYNTHETIC DATA,4.1287463976710805,0.1212536023289194,0.1787156873200475
SYNTHETIC DATA,3.475610638619598,1.2743893613804014,1.8783225096656349
SYNTHETIC DATA,4.1287918258587615,0.3712081741412385,0.5471237365840208
SYNTHETIC DATA,3.5412773110115774,-0.0412773110115773,-0.0608386296692976
SYNTHETIC DATA,3.1149010588702306,1.3850989411297694,2.041497361858072
SYNTHETIC DATA,3.999235790544139,0.2507642094558608,0.3696013742058026
SYNTHETIC DATA,4.372488516502634,-1.122488516502634,-1.6544358508331376
SYNTHETIC DATA,3.91248995370441,-0.66248995370441,-0.9764439583224808
SYNTHETIC DATA,4.177753666022031,0.8222463339779695,1.2119088909593116
SYNTHETIC DATA,5.0050218586255895,-0.5050218586255895,-0.7443517292879128
SYNTHETIC DATA,3.677754387691844,0.0722456123081562,0.1064828096775679
SYNTHETIC DATA,3.52355858098608,-1.27355858098608,-1.8770980224229352
SYNTHETIC DATA,2.50856146824753,1.74143853175247,2.5667062928449536
SYNTHETIC DATA,4.069971077134671,-0.7366377438013374,-1.0857303878875884
SYNTHETIC DATA,4.211210096658364,0.2887899033416357,0.4256474453170206
SYNTHETIC DATA,3.518642329971659,0.9813576700283408,1.4464230929004374
SYNTHETIC DATA,3.274800902114173,-0.024800902114173,-0.0365540502084904
SYNTHETIC DATA,3.78958383904312,-0.1229171723764537,-0.1811676232521746
SYNTHETIC DATA,3.4160440305540645,0.5839559694459355,0.8606927170796663
SYNTHETIC DATA,4.304932372486272,0.4450676275137279,0.6559851866442079
SYNTHETIC DATA,3.842184032969816,0.4078159670301842,0.6010799633827152
SYNTHETIC DATA,3.520585939208289,0.1460807274583779,0.215308387631383
SYNTHETIC DATA,3.780085321231412,-0.2800853212314123,-0.4128177615403487
SYNTHETIC DATA,3.5929476350916745,-0.926280968425008,-1.3652455411138935
SYNTHETIC DATA,4.302855767943378,-0.0528557679433783,-0.0779041176129811
SYNTHETIC DATA,3.337333341290696,-0.5873333412906958,-0.8656706255209708
SYNTHETIC DATA,4.219158859873176,0.7808411401268245,1.150881774769772
SYNTHETIC DATA,2.494502327568619,-0.4945023275686191,-0.7288469922160093
SYNTHETIC DATA,4.1636924969847975,-0.1636924969847975,-0.2412663751499579
SYNTHETIC DATA,3.187097110357719,1.562902889642281,2.3035626057461127
SYNTHETIC DATA,3.893592334958772,0.6064076650412282,0.8937842717448116
SYNTHETIC DATA,3.077938012869286,1.172061987130714,1.7275021903560206
SYNTHETIC DATA,3.877806565780166,0.122193434219834,0.1801009055661371
SYNTHETIC DATA,3.659722694190704,-0.659722694190704,-0.9723652944602448
SYNTHETIC DATA,4.4808881619716185,0.2691118380283814,0.3966439443897063
SYNTHETIC DATA,3.357779347439666,1.6422206525603338,2.4204690583736856
SYNTHETIC DATA,4.340798040562765,-0.3407980405627651,-0.5023022399885738
SYNTHETIC DATA,3.5903814060570927,0.4096185939429073,0.6037368552317097
SYNTHETIC DATA,4.420044434847432,0.2466222318192352,0.3634965132699121
SYNTHETIC DATA,4.167965654552647,-0.1679656545526473,-0.2475645821895603
SYNTHETIC DATA,2.825800400890171,-0.8258004008901709,-1.2171472302646669
SYNTHETIC DATA,4.169655404556573,0.3303445954434272,0.4868949069816988
SYNTHETIC DATA,4.439796411559375,0.0602035884406246,0.0887340704164248
SYNTHETIC DATA,4.195765288230984,0.0542347117690162,0.0799365429499713
SYNTHETIC DATA,3.82354239920763,0.1764576007923701,0.260080861951708
SYNTHETIC DATA,1.6509112555692629,-0.1509112555692626,-0.2224281031274534
SYNTHETIC DATA,3.111662427229343,-0.6116624272293429,-0.9015292658572738
SYNTHETIC DATA,2.4666659859211197,-0.7166659859211193,-1.056294013478929
SYNTHETIC DATA,3.2705802772923063,-0.0205802772923062,-0.0303332711844261
SYNTHETIC DATA,2.1995641418276013,2.0504358581723987,3.0221374595116104
SYNTHETIC DATA,4.134089692813414,-1.134089692813414,-1.671534824870032
SYNTHETIC DATA,4.489372000472199,0.2606279995278013,0.3841396146244715
SYNTHETIC DATA,2.4578329739883142,0.0421670260116857,0.0621499806288509
SYNTHETIC DATA,4.452588573648941,0.2140780930177257,0.3155297063261186
SYNTHETIC DATA,4.162351121210543,0.3376488787894569,0.4976606903769417
SYNTHETIC DATA,3.8913505818334833,0.8586494181665167,1.2655633975996814
SYNTHETIC DATA,4.667323429334762,0.0826765706652379,0.1218569994450254
SYNTHETIC DATA,2.840743660031982,0.4092563399680178,0.603202929089613
SYNTHETIC DATA,3.788808082468909,0.2111919175310905,0.3112757722085896
SYNTHETIC DATA,4.672329676788483,0.3276703232115165,0.4829532970762845
SYNTHETIC DATA,2.3660385420300787,0.3839614579699213,0.5659208019186075
SYNTHETIC DATA,2.8785125692720634,-0.54517923593873,-0.8035396886527845
SYNTHETIC DATA,3.39019599294506,-1.3901959929450602,-2.049009906648325
SYNTHETIC DATA,4.320305711297759,-1.5703057112977588,-2.3144736247579654
SYNTHETIC DATA,3.8923856588323114,-0.1423856588323104,-0.2098622258966491
SYNTHETIC DATA,4.206184719550218,-0.956184719550218,-1.4093206805995842
SYNTHETIC DATA,3.631156791614505,-0.8811567916145053,-1.2987370158532223
SYNTHETIC DATA,3.466272451015029,1.283727548984971,1.892086064595303
SYNTHETIC DATA,3.335602302332294,-0.335602302332294,-0.4946442412886687
SYNTHETIC DATA,3.7346372796343017,1.2653627203656983,1.8650181432620876
SYNTHETIC DATA,4.510739219227169,-0.0107392192271689,-0.0158285354711182
SYNTHETIC DATA,3.3126591118450466,0.6873408881549534,1.0130717511927223
SYNTHETIC DATA,3.228383870626081,-0.2283838706260814,-0.3366149922790231
SYNTHETIC DATA,3.996352166652669,-0.9963521666526683,-1.4685234818271562
SYNTHETIC DATA,4.361360085951264,-0.1113600859512642,-0.1641336332986875
SYNTHETIC DATA,3.8142823637095287,-1.564282363709529,-2.305595812606224
SYNTHETIC DATA,4.541738679749089,-0.0417386797490886,-0.06151864106235
SYNTHETIC DATA,3.7965657317033066,-0.12989906503664,-0.1914582350079822
SYNTHETIC DATA,3.356144239166368,-0.8561442391663681,-1.261871014212532
SYNTHETIC DATA,3.5257728588922816,-0.5257728588922816,-0.7749366290682956
SYNTHETIC DATA,3.803029896526132,0.6969701034738685,1.027264251877399
SYNTHETIC DATA,3.555540593187563,-0.0555405931875632,-0.0818612816034342
SYNTHETIC DATA,2.711968657892091,-0.7119686578920912,-1.049370621586635
SYNTHETIC DATA,4.703907945799453,0.0460920542005469,0.0679350797685867
SYNTHETIC DATA,3.688852719552276,0.5611472804477238,0.8270749898295753
SYNTHETIC DATA,3.064867392717692,0.4351326072823078,0.6413419600918092
SYNTHETIC DATA,3.6336720649223326,0.3663279350776673,0.5399307521136184
SYNTHETIC DATA,3.289309397344357,1.2106906026556428,1.7844369076853466
SYNTHETIC DATA,3.167178811411876,0.3328211885881242,0.4905451576758267
SYNTHETIC DATA,4.474341670501795,0.1923249961648716,0.2834678163638591
SYNTHETIC DATA,4.739463054322234,-0.2394630543222335,-0.3529446013889592
SYNTHETIC DATA,4.055399991756198,-0.0553999917561975,-0.0816540491504426
SYNTHETIC DATA,4.787000610965545,0.2129993890344552,0.3139398044998445
SYNTHETIC DATA,4.287893725505407,-0.2878937255054072,-0.4243265687831582
SYNTHETIC DATA,3.4908587298687794,-0.4908587298687794,-0.7234766934806514
SYNTHETIC DATA,3.252201115513995,0.2477988844860048,0.3652307816630957
SYNTHETIC DATA,2.908325907455648,0.0916740925443524,0.1351184471539452
SYNTHETIC DATA,2.5056799351974144,1.4943200648025856,2.2024783786043245
SYNTHETIC DATA,3.7089355902401593,-0.3756022569068258,-0.5536001752754081
SYNTHETIC DATA,3.0483253523947025,-0.0483253523947024,-0.071226738029398
SYNTHETIC DATA,4.311308285750602,-0.3113082857506022,-0.4588372896784057
SYNTHETIC DATA,4.133179393806302,0.5334872728603646,0.7863069039970141
SYNTHETIC DATA,3.853590420600834,-0.1035904206008342,-0.1526819233562302
SYNTHETIC DATA,3.783316073690752,-0.7833160736907518,-1.1545295794077646
SYNTHETIC DATA,4.00916285310899,-1.0091628531089896,-1.487405152895967
SYNTHETIC DATA,3.6976348191369737,0.5523651808630263,0.8141310530454557
SYNTHETIC DATA,4.308004924827429,0.1919950751725707,0.2829815458055592
SYNTHETIC DATA,4.233639616573474,0.4330270500931927,0.6382385793013268
SYNTHETIC DATA,4.191994957575476,0.308005042424524,0.4539686392625275
SYNTHETIC DATA,4.654963856957005,0.3450361430429947,0.5085487793337096
SYNTHETIC DATA,3.611157871728552,-0.1111578717285519,-0.1638355897510832
SYNTHETIC DATA,2.655256676261636,1.844743323738364,2.718967228178916
SYNTHETIC DATA,4.543611469508583,-0.2936114695085834,-0.4327539518037119
SYNTHETIC DATA,3.2763736485416244,1.2236263514583756,1.8035029081494705
SYNTHETIC DATA,4.06918954781912,-0.3191895478191195,-0.4704534820262727
SYNTHETIC DATA,4.560784648487313,0.4392153515126873,0.6473595169088424
SYNTHETIC DATA,2.9233677949186294,-0.1733677949186294,-0.2555267970018421
SYNTHETIC DATA,4.330052070733631,-0.0800520707336307,-0.1179887489341973
SYNTHETIC DATA,4.766848226903898,-0.5168482269038979,-0.7617826137710356
SYNTHETIC DATA,3.208622236824016,-1.458622236824016,-2.1498633491084025
SYNTHETIC DATA,3.8766622623435656,0.4566710709897674,0.6730875022560314
SYNTHETIC DATA,4.115330378939698,-0.3653303789396984,-0.5384604540984399
SYNTHETIC DATA,4.569146426042895,-0.0691464260428951,-0.1019149189684198
SYNTHETIC DATA,4.054715257549702,0.9452847424502976,1.3932552040960426
SYNTHETIC DATA,3.1323864158327708,-0.1323864158327707,-0.1951243414048108
SYNTHETIC DATA,3.0181876915748784,0.2318123084251215,0.3416681668315399
SYNTHETIC DATA,3.5739069716984595,0.4260930283015405,0.6280185244197757
SYNTHETIC DATA,2.941972156927809,0.3080278430721912,0.4540022451376597
SYNTHETIC DATA,3.7879116006487616,-0.5379116006487616,-0.7928279208282311
SYNTHETIC DATA,3.5397978645514554,-0.0397978645514554,-0.0586580734969813
SYNTHETIC DATA,2.8682167560042737,0.1317832439957262,0.1942353264200264
SYNTHETIC DATA,4.550997317931441,0.4490026820685591,0.6617850636449821
SYNTHETIC DATA,4.201295925666982,0.5487040743330178,0.8087349480449008
SYNTHETIC DATA,4.478245799317368,0.5217542006826319,0.7690135286387209
SYNTHETIC DATA,4.369984688729718,0.1300153112702817,0.1916295703344766
SYNTHETIC DATA,4.207494452706272,0.5425055472937279,0.7995989388961285
SYNTHETIC DATA,3.732735711630304,0.5172642883696965,0.7623958467752467
SYNTHETIC DATA,3.461709626140648,0.0382903738593523,0.0564361829304895
SYNTHETIC DATA,4.641899439012489,-0.141899439012489,-0.2091455864927962
SYNTHETIC DATA,3.46075917337535,0.78924082662465,1.163262072896171
SYNTHETIC DATA,2.3307983471903304,-0.5807983471903304,-0.8560386975629781
SYNTHETIC DATA,2.7746180906639677,0.9753819093360327,1.4376154190757129
SYNTHETIC DATA,3.324239013294563,1.1757609867054368,1.73295414591607
SYNTHETIC DATA,3.896935041075529,0.1030649589244707,0.1519074453790984
SYNTHETIC DATA,2.5570292967021198,0.9429707032978808,1.3898445417349536
SYNTHETIC DATA,3.389893393408343,-0.139893393408343,-0.2061888758297366
SYNTHETIC DATA,4.085775124955538,0.2475582083777947,0.3648760491415529
SYNTHETIC DATA,3.4675074489975595,0.0324925510024405,0.0478907716855343
SYNTHETIC DATA,4.365148067370497,0.3848519326295028,0.567233272540276
SYNTHETIC DATA,4.251914811132672,-0.5019148111326714,-0.7397722519151368
SYNTHETIC DATA,3.5704185916370776,0.4295814083629223,0.6331600478741656
SYNTHETIC DATA,4.625439395863521,-0.1254393958635207,-0.1848851285089932
SYNTHETIC DATA,3.163566528440512,0.3364334715594879,0.4958693016321484
SYNTHETIC DATA,4.207873162721935,0.5421268372780652,0.7990407581951499
SYNTHETIC DATA,3.106260528971103,-1.1062605289711032,-1.6305174196293248
SYNTHETIC DATA,3.768512180192229,-0.7685121801922294,-1.1327101204326455
SYNTHETIC DATA,3.7040099710692176,-1.037343304402551,-1.5289403207193215
SYNTHETIC DATA,3.560210425852229,-0.5602104258522291,-0.8256941598192752
SYNTHETIC DATA,3.59629611397609,-0.8462961139760901,-1.2473558622633132
SYNTHETIC DATA,3.428886758849935,-0.4288867588499352,-0.6321362039406611
SYNTHETIC DATA,2.2021971342003788,-0.2021971342003787,-0.2980183608462249
SYNTHETIC DATA,3.556978279259189,-0.0569782792591895,-0.0839802871381661
SYNTHETIC DATA,3.217167580470263,0.0328324195297371,0.0483917039158981
SYNTHETIC DATA,4.010724502777982,-1.0107245027779816,-1.4897068683797674
SYNTHETIC DATA,4.458556389070171,0.2914436109298286,0.4295587449935764
SYNTHETIC DATA,2.18045743735712,0.1528758959762135,0.2253237866693949
SYNTHETIC DATA,3.796067377510354,0.953932622489646,1.4060013146891202
SYNTHETIC DATA,3.2011675012034995,-0.4511675012034994,-0.6649757906188082
SYNTHETIC DATA,4.311991290991969,-0.3119912909919691,-0.4598439711196957
SYNTHETIC DATA,3.2734620740539166,0.2265379259460833,0.3338942543718247
SYNTHETIC DATA,4.25485177897141,0.4951482210285896,0.7297989746018276
SYNTHETIC DATA,2.681720783067342,0.568279216932658,0.8375867511822024
SYNTHETIC DATA,2.5913268307462105,1.4086731692537895,2.076243417243669
SYNTHETIC DATA,2.9813619712110047,0.5186380287889953,0.7644206028115115
SYNTHETIC DATA,3.035607326878857,1.2143926731211423,1.789893389431384
SYNTHETIC DATA,3.5651579536723994,-0.5651579536723994,-0.8329863211896091
SYNTHETIC DATA,3.9275819273190034,1.0724180726809966,1.5806370225085993
SYNTHETIC DATA,3.89390573442948,0.6060942655705199,0.8933223522575748
SYNTHETIC DATA,4.489273610344177,0.5107263896558232,0.7527596377073364
SYNTHETIC DATA,4.420300781751612,-0.170300781751612,-0.2510063262229511
SYNTHETIC DATA,3.6071130831611167,-0.6071130831611167,-0.8948239875282807
SYNTHETIC DATA,2.9114462622168285,0.5885537377831715,0.8674693679398899
SYNTHETIC DATA,3.8039040916007374,-0.5539040916007374,-0.816399253617907
SYNTHETIC DATA,3.646234295126175,0.8537657048738252,1.258365292462897
SYNTHETIC DATA,2.3705556665426206,-0.3705556665426206,-0.5461620056190947
SYNTHETIC DATA,3.894492205985596,0.1055077940144042,0.1555079400755176
SYNTHETIC DATA,3.2232398331009025,-0.2232398331009024,-0.329033195249862
SYNTHETIC DATA,3.1957760813634493,0.5542239186365507,0.8168706466935028
SYNTHETIC DATA,3.853550537937039,0.6464494620629608,0.9528018773154628
SYNTHETIC DATA,4.8241562393768005,0.1758437606231995,0.2591761229119522
SYNTHETIC DATA,3.1490743610379472,0.3509256389620527,0.5172293075071149
SYNTHETIC DATA,3.211562046727982,0.0384379532720173,0.0566537002302822
SYNTHETIC DATA,3.6298208612188656,0.1201791387811344,0.177132035471735
SYNTHETIC DATA,4.264596024502021,0.4854039754979791,0.7154369308854324
SYNTHETIC DATA,3.4383070945932523,-0.1883070945932523,-0.2775458311430952
SYNTHETIC DATA,2.351309058837937,-0.1013090588379368,-0.1493194242003215
SYNTHETIC DATA,4.125464025270838,-1.125464025270838,-1.6588214532764682
SYNTHETIC DATA,3.071317941329052,-0.5713179413290521,-0.8420655271414074
SYNTHETIC DATA,3.699244085902975,0.9674225807636918,1.425884164506027
SYNTHETIC DATA,3.945952341186516,0.3040476588134844,0.4481358514652832
SYNTHETIC DATA,2.8930324932269094,-0.3930324932269093,-0.5792906009969013
SYNTHETIC DATA,3.8039369344098986,-0.3039369344098985,-0.4479726547642378
SYNTHETIC DATA,4.513235967879723,0.4867640321202771,0.7174415183729761
SYNTHETIC DATA,2.68551772810612,0.9811489385605467,1.4461154435851538
SYNTHETIC DATA,3.3804543292207194,-0.3804543292207194,-0.5607516447727993
SYNTHETIC DATA,3.4606915623328347,0.7893084376671653,1.1633617248133217
SYNTHETIC DATA,2.576635833799348,0.6733641662006518,0.9924714603760556
SYNTHETIC DATA,3.812020778668855,-0.1453541120021881,-0.2142374290934414
SYNTHETIC DATA,3.1736318845037923,-0.1736318845037923,-0.2559160386476155
SYNTHETIC DATA,4.172612583411307,0.0773874165886931,0.1140613151273985
SYNTHETIC DATA,3.064644521996616,-1.0646445219966156,-1.5691795859723403
SYNTHETIC DATA,4.295217030698698,-0.2952170306986978,-0.4351203884795257
SYNTHETIC DATA,4.825989818144451,-0.0759898181444507,-0.1120013947476091
SYNTHETIC DATA,4.1105645888703055,-0.1105645888703055,-0.1629611501323815
SYNTHETIC DATA,4.357241808806367,-0.1072418088063669,-0.158063704518112
SYNTHETIC DATA,3.7364317251835,1.2635682748165,1.862373309924984
SYNTHETIC DATA,3.1525767386628165,0.3474232613371835,0.5120671530435722
SYNTHETIC DATA,3.339134862178881,-0.0891348621788807,-0.1313758754586466
SYNTHETIC DATA,3.0033686558844312,0.4966313441155687,0.7319849497545551
SYNTHETIC DATA,4.448297462165096,0.5517025378349043,0.8131543834707455
SYNTHETIC DATA,3.3255948445998267,0.4244051554001733,0.6255307685108136
SYNTHETIC DATA,2.171752382871739,0.0782476171282611,0.1153291647228682
SYNTHETIC DATA,2.3699747326681124,-0.8699747326681124,-1.2822557789095408
SYNTHETIC DATA,3.6705702041047545,0.3294297958952454,0.4855465839061511
SYNTHETIC DATA,3.644175602486857,1.105824397513143,1.6298746054631956
SYNTHETIC DATA,4.015770489441762,0.2342295105582383,0.345230881112305
SYNTHETIC DATA,3.4329796218978443,0.3170203781021556,0.4672563427295
SYNTHETIC DATA,3.1313432795721923,-0.3813432795721923,-0.5620618687167108
SYNTHETIC DATA,3.971955616536404,0.2780443834635959,0.409809623316436
SYNTHETIC DATA,3.845459507535729,-0.3454595075357289,-0.5091727762694926
SYNTHETIC DATA,3.587631429724781,-0.5876314297247811,-0.8661099780709693
SYNTHETIC DATA,3.203882350447502,-0.2038823504475018,-0.3005022011124343
SYNTHETIC DATA,3.9169458174911695,-0.4169458174911695,-0.6145364501915619
SYNTHETIC DATA,3.440904966408199,-0.690904966408199,-1.018324846213878
SYNTHETIC DATA,3.973987572125981,1.0260124278740197,1.5122397415378308
SYNTHETIC DATA,3.8629271114600376,-0.6129271114600376,-0.9033932839745938
SYNTHETIC DATA,4.747734418670952,0.0022655813290484,0.0033392403740881
SYNTHETIC DATA,4.430033449215453,0.3199665507845468,0.4715987067152627
SYNTHETIC DATA,4.060700264215271,-0.5607002642152707,-0.8264161325940653
SYNTHETIC DATA,3.731036897992193,0.935629768674474,1.3790247380211238
SYNTHETIC DATA,3.417722459593568,-0.417722459593568,-0.6156811430045253
SYNTHETIC DATA,3.2158906403876224,-0.7158906403876224,-1.0551512316789
SYNTHETIC DATA,3.8659049771985385,0.3840950228014614,0.5661176631269511
SYNTHETIC DATA,4.584066653809804,0.1659333461901964,0.2445691628464182
SYNTHETIC DATA,4.711776542043964,0.2882234579560361,0.4248125614498833
SYNTHETIC DATA,3.65349683052604,-0.15349683052604,-0.2262389821169658
SYNTHETIC DATA,3.314319549460723,-0.0643195494607229,-0.0948005854606045
SYNTHETIC DATA,3.668351916196961,0.6649814171363717,0.9801161263333574
SYNTHETIC DATA,2.3619097441085484,-0.3619097441085483,-0.5334187803404795
SYNTHETIC DATA,3.743451787180213,-1.243451787180213,-1.8327236183254567
SYNTHETIC DATA,3.836310287466931,-0.5863102874669308,-0.8641627464660988
SYNTHETIC DATA,2.4074342774377504,1.5925657225622496,2.3472826558834403
SYNTHETIC DATA,4.272328749030377,0.2276712509696228,0.3355646621506339
SYNTHETIC DATA,4.873449576572197,-0.123449576572197,-0.1819523338087834
SYNTHETIC DATA,3.644349189313422,-1.644349189313422,-2.423606308744048
SYNTHETIC DATA,3.1158482766088365,-1.3658482766088365,-2.0131238069685966
SYNTHETIC DATA,3.5445923137001083,-0.7945923137001083,-1.17114962982236
SYNTHETIC DATA,4.695337584791121,0.3046624152088792,0.4490419409308923
SYNTHETIC DATA,3.391114382162008,0.6088856178379918,0.8974365264301523
SYNTHETIC DATA,3.904088674219556,1.0959113257804445,1.615263728803578
SYNTHETIC DATA,3.410492232353859,0.3395077676461411,0.5004005067064617
SYNTHETIC DATA,4.228068508802703,-0.7280685088027026,-1.0731001922218653
SYNTHETIC DATA,3.81658829167408,0.1834117083259201,0.2703305212087137
SYNTHETIC DATA,3.137084236342262,-0.3870842363422619,-0.570523465034934
SYNTHETIC DATA,3.143763278191021,0.1062367218089788,0.1565823067690588
SYNTHETIC DATA,3.1024370106112333,0.1475629893887666,0.2174930935253915
SYNTHETIC DATA,3.790977698238173,0.2090223017618275,0.3080779754753228
SYNTHETIC DATA,3.324564057180868,-0.0745640571808681,-0.1098999656299029
SYNTHETIC DATA,2.277452280077004,0.9725477199229964,1.433438107233282
SYNTHETIC DATA,3.184568965097885,-0.1845689650978852,-0.2720362019920894
SYNTHETIC DATA,4.423343888091356,-0.673343888091356,-0.9924415724702884
SYNTHETIC DATA,3.9379160049612647,0.5620839950387353,0.8284556134872645
SYNTHETIC DATA,1.6845877106123763,-0.4345877106123763,-0.6405388368772011
SYNTHETIC DATA,3.725845466506304,-0.7258454665063043,-1.069823650128999
SYNTHETIC DATA,4.658180300671887,0.3418196993281128,0.503808062866812
SYNTHETIC DATA,3.915289337026672,-0.1652893370266723,-0.2436199577251766
SYNTHETIC DATA,3.987935673202293,0.6787309934643746,1.0003816272060884
SYNTHETIC DATA,3.683299915307828,0.3167000846921723,0.4667842622650041
SYNTHETIC DATA,2.4189679088050378,0.8310320911949622,1.224858218727757
SYNTHETIC DATA,3.269838137825302,-1.019838137825302,-1.5031394552900323
SYNTHETIC DATA,4.20219836064301,-1.2021983606430098,-1.7719201919834997
SYNTHETIC DATA,2.85541498796894,0.8945850120310599,1.3185288702405231
SYNTHETIC DATA,3.744714421747875,-0.9947144217478748,-1.466109609573521
SYNTHETIC DATA,2.484964508259532,-0.4849645082595319,-0.7147892001123649
SYNTHETIC DATA,3.6591558522293,-0.6591558522293002,-0.9715298260800204
SYNTHETIC DATA,4.474451722169547,0.2755482778304534,0.40613061316513
SYNTHETIC DATA,2.5176585208480704,-0.5176585208480704,-0.76297690603438
SYNTHETIC DATA,4.509532466550125,-1.0095324665501249,-1.4879499261555362
SYNTHETIC DATA,4.0282524442087695,-1.2782524442087695,-1.8840163075370853
SYNTHETIC DATA,4.192207075533113,0.1411262578002201,0.2080059946858761
SYNTHETIC DATA,3.39167542506615,1.35832457493385,2.002034622893152
SYNTHETIC DATA,3.292764374088259,-0.042764374088259,-0.0630304119729401
SYNTHETIC DATA,4.333284066535078,-0.0832840665350778,-0.1227523876218485
SYNTHETIC DATA,3.853258768606408,-0.6032587686064081,-0.8891431132155833
SYNTHETIC DATA,2.9354884618895967,-0.6021551285562632,-0.8875164581197573
SYNTHETIC DATA,1.9310727674663597,1.3189272325336403,1.943966879004297
SYNTHETIC DATA,3.093338353964514,0.9066616460354862,1.336328621383248
SYNTHETIC DATA,3.967012726970129,0.0329872730298714,0.0486199424933826
SYNTHETIC DATA,4.516764236119724,-0.266764236119724,-0.3931838138814063
SYNTHETIC DATA,4.672403369047959,0.3275966309520415,0.4828446820533137
SYNTHETIC DATA,3.0193524564233747,-0.5193524564233747,-0.7654735977186004
SYNTHETIC DATA,3.032585635984058,-0.782585635984058,-1.1534529872547152
SYNTHETIC DATA,2.331675782241954,-0.581675782241954,-0.8573319491061714
SYNTHETIC DATA,4.5589698551829,0.4410301448171001,0.6500343408028341
SYNTHETIC DATA,2.83349621537918,-0.08349621537918,-0.1230650738081528
SYNTHETIC DATA,3.1697835660439515,-0.9197835660439516,-1.3556690195918732
SYNTHETIC DATA,3.168496606960186,-0.918496606960186,-1.353772170568089
SYNTHETIC DATA,1.8730130300697136,-0.8730130300697136,-1.2867339255211103
SYNTHETIC DATA,2.3173678063192686,-0.3173678063192686,-0.4677684171868617
SYNTHETIC DATA,3.597155869109601,-1.097155869109601,-1.617098061245648
SYNTHETIC DATA,2.820457738287133,-0.570457738287133,-0.8407976738577222
SYNTHETIC DATA,3.260281774660659,-0.7602817746606592,-1.120579325526386
SYNTHETIC DATA,4.370095310483635,0.3799046895163647,0.5599415307996435
SYNTHETIC DATA,4.6048311998771405,0.3951688001228595,0.5824393037810102
SYNTHETIC DATA,3.286791368861704,1.213208631138296,1.7881482299250613
SYNTHETIC DATA,3.180184197839849,-1.430184197839849,-2.1079485227818155
SYNTHETIC DATA,2.4871670623165647,-0.2371670623165647,-0.349560538717886
SYNTHETIC DATA,2.8524945581784733,0.8975054418215267,1.322833291777274
SYNTHETIC DATA,4.099298386392063,0.6507016136079375,0.9590691235774592
SYNTHETIC DATA,2.722858551184936,0.9438081154817306,1.391078803572395
SYNTHETIC DATA,4.578524285093431,-0.3285242850934313,-0.4842119515140927
SYNTHETIC DATA,3.674737243809021,0.3252627561909795,0.479404783988177
SYNTHETIC DATA,4.597818884726029,-0.3478188847260286,-0.5126502623656817
SYNTHETIC DATA,3.208966427243053,0.4577002394236134,0.6746043936348454
SYNTHETIC DATA,4.622565917957029,-0.2892325846236963,-0.4262999132690454
SYNTHETIC DATA,3.0226803562783773,0.7273196437216227,1.0719964399612756
SYNTHETIC DATA,4.13658555755059,0.3634144424494101,0.5356365552604112
SYNTHETIC DATA,4.345891448090632,-1.095891448090632,-1.6152344310760969
SYNTHETIC DATA,4.8111144926813765,0.1888855073186235,0.2783983536726029
SYNTHETIC DATA,3.716931735997585,-0.2169317359975853,-0.319735690781147
SYNTHETIC DATA,3.726858161524708,0.0231418384752921,0.0341087562721833
SYNTHETIC DATA,2.687676500109568,-0.4376765001095677,-0.6450914037896469
SYNTHETIC DATA,3.5178600252897154,-0.5178600252897154,-0.7632739034356526
SYNTHETIC DATA,3.9337693998612657,1.0662306001387345,1.5715173065832555
SYNTHETIC DATA,3.708436675940413,-0.0417700092737467,-0.0615648176494793
SYNTHETIC DATA,4.056381919490851,0.1936180805091494,0.2853736934092562
SYNTHETIC DATA,4.26161571936156,0.2383842806384404,0.3513545968310831
SYNTHETIC DATA,2.8945420191706748,0.1054579808293252,0.1554345204208598
SYNTHETIC DATA,3.872524670385342,0.1274753296146578,0.1878858913126049
SYNTHETIC DATA,2.693153161733608,-1.193153161733608,-1.7585884730985195
SYNTHETIC DATA,4.934272533696415,0.0657274663035849,0.0968757141283616
SYNTHETIC DATA,3.757226696133548,-0.2572266961335478,-0.3791264334718069
SYNTHETIC DATA,4.346531945157812,0.4034680548421878,0.5946715755067233
SYNTHETIC DATA,3.031233871170983,-0.7812338711709832,-1.1514606210649805
SYNTHETIC DATA,3.978225242425088,0.0217747575749123,0.0320938157010097
SYNTHETIC DATA,3.414446828914917,0.3355531710850834,0.4945718267422512
SYNTHETIC DATA,2.087499135774464,0.6625008642255361,0.9764600393398248
SYNTHETIC DATA,3.2413476493487328,-0.4913476493487327,-0.7241973119136361
SYNTHETIC DATA,2.8890962577855874,-1.6390962577855874,-2.415864012841816
SYNTHETIC DATA,3.2526834591225104,-0.2526834591225104,-0.372430156334548
SYNTHETIC DATA,4.011953404949261,-1.511953404949261,-2.2284681590606006
SYNTHETIC DATA,4.280812692579729,0.4691873074202712,0.6915351834248754
SYNTHETIC DATA,4.265639141003392,0.7343608589966077,1.0823744873204282
SYNTHETIC DATA,4.524441204760564,-0.5244412047605636,-0.7729739040122845
SYNTHETIC DATA,4.117352857745614,0.6326471422543856,0.9324586378254776
SYNTHETIC DATA,3.4693696837884747,1.5306303162115251,2.2559960590086505
SYNTHETIC DATA,3.7433143990890274,0.5066856009109726,0.7468039190814094
SYNTHETIC DATA,4.0137624236993625,-0.347095757032696,-0.5115844444414972
SYNTHETIC DATA,3.610181252914408,-0.6101812529144075,-0.8993461629997074
SYNTHETIC DATA,3.977660833211089,-0.7276608332110892,-1.0724993191578125
SYNTHETIC DATA,4.28203811712241,-0.5320381171224096,-0.784170993320811
SYNTHETIC DATA,3.300032019500273,1.4499679804997272,2.137107840508801
SYNTHETIC DATA,3.975764927780075,1.0242350722199252,1.5096200969975229
SYNTHETIC DATA,3.627848811620034,0.1221511883799659,0.1800386394217634
SYNTHETIC DATA,4.043804893464161,-0.293804893464161,-0.43303903937638
SYNTHETIC DATA,3.19205364775268,-0.4420536477526799,-0.6515428818036206
SYNTHETIC DATA,4.483561655700822,0.2664383442991775,0.3927034819194498
SYNTHETIC DATA,4.005270812706734,0.7447291872932658,1.0976563666403565
SYNTHETIC DATA,3.823358809503941,-0.573358809503941,-0.8450735627923027
SYNTHETIC DATA,4.235890140259132,0.7641098597408682,1.1262215402160027
SYNTHETIC DATA,4.108736304590149,0.641263695409851,0.9451585757236644
SYNTHETIC DATA,3.490950565563925,-0.7409505655639248,-1.0920870559847458
SYNTHETIC DATA,3.697259413689408,-0.9472594136894076,-1.3961656720817386
SYNTHETIC DATA,4.303902395628469,0.4460976043715305,0.6575032695591105
SYNTHETIC DATA,3.6070110664293087,0.3929889335706913,0.5792263984185787
SYNTHETIC DATA,3.726439397839681,0.0235606021603191,0.0347259720773787
SYNTHETIC DATA,3.6214824233340255,-1.6214824233340264,-2.389902981830026
SYNTHETIC DATA,3.9974265998472993,1.002573400152701,1.4776929580289495
SYNTHETIC DATA,4.0627147138782,0.4372852861218002,0.6445147934838893
SYNTHETIC DATA,2.9987300252827067,2.0012699747172933,2.949671862732546
SYNTHETIC DATA,4.111263019982129,0.388736980017871,0.5729594439772263
SYNTHETIC DATA,3.036500826597336,0.4634991734026639,0.6831514425627468
SYNTHETIC DATA,2.558327579317684,0.1916724206823161,0.2825059853447959
SYNTHETIC DATA,4.235915090948126,-1.7359150909481258,-2.558565293313721
SYNTHETIC DATA,3.902745292386153,0.763921374280514,1.1259437314915604
SYNTHETIC DATA,3.1607630219469223,-0.6607630219469223,-0.9738986335645654
SYNTHETIC DATA,3.838648404345937,0.1613515956540632,0.2378161206236162
SYNTHETIC DATA,3.687120492724973,1.3128795072750274,1.9350531366036057
SYNTHETIC DATA,3.6549921716342215,0.3450078283657785,0.5085070463302956
SYNTHETIC DATA,4.108157327294063,-0.6081573272940632,-0.8963630989803532
SYNTHETIC DATA,3.95740969579376,0.5425903042062403,0.799723862111471
SYNTHETIC DATA,3.885055386952196,0.114944613047804,0.1694168678704546
SYNTHETIC DATA,3.1287641018241192,0.8712358981758808,1.284114610781057
SYNTHETIC DATA,3.8703726593198025,0.4629606740135306,0.6823577483004575
SYNTHETIC DATA,4.700174709057498,-0.2001747090574976,-0.2950375083806389
SYNTHETIC DATA,3.5694555891573683,-0.0694555891573682,-0.102370594490102
SYNTHETIC DATA,3.9264325126169455,0.5735674873830536,0.8453811331232273
SYNTHETIC DATA,3.577326650652979,0.6726733493470212,0.9914532653992668
SYNTHETIC DATA,4.386373979956891,0.1136260200431094,0.1674733936098701
SYNTHETIC DATA,4.408345798086514,0.091654201913486,0.1350891303526441
SYNTHETIC DATA,4.260105588703473,0.7398944112965271,1.090530390185226
SYNTHETIC DATA,4.020923023231092,-1.2709230232310915,-1.8732134737859656
SYNTHETIC DATA,3.0108909344104804,0.9891090655895196,1.4578478750000885
SYNTHETIC DATA,3.8946945506051134,-1.3946945506051145,-2.0556403308891205
SYNTHETIC DATA,2.9143008022829613,-0.4143008022829613,-0.6106379622140696
SYNTHETIC DATA,4.234341157712179,-0.984341157712179,-1.4508204554677089
SYNTHETIC DATA,3.2305628813410667,0.0194371186589332,0.0286483696478523
SYNTHETIC DATA,4.296122662014116,0.203877337985884,0.3004948132451381
SYNTHETIC DATA,3.696789957314597,0.5532100426854027,0.8153762949052966
SYNTHETIC DATA,3.92469482170497,-0.4246948217049699,-0.6259577076842556
SYNTHETIC DATA,3.515760521582568,0.9842394784174324,1.450670590352794
SYNTHETIC DATA,4.58777461357554,0.4122253864244598,0.6075790067314863
SYNTHETIC DATA,3.1662694624889185,-0.9162694624889184,-1.3504895822795868
SYNTHETIC DATA,3.260607818059377,-0.0106078180593769,-0.0156348632868238
SYNTHETIC DATA,3.267538450626788,-0.5175384506267879,-0.7627999345324121
SYNTHETIC DATA,4.076487816254287,0.9235121837457134,1.361164629310061
SYNTHETIC DATA,3.501423981457623,-1.5014239814576231,-2.2129488415290086
SYNTHETIC DATA,4.26773875345806,-0.9344054201247264,-1.3772201706648992
SYNTHETIC DATA,4.501190238092514,-0.2511902380925139,-0.3702292978233702
SYNTHETIC DATA,4.437950657480654,-0.4379506574806537,-0.6454954843453288
SYNTHETIC DATA,3.3814831399223477,0.1185168600776527,0.1746820028516373
SYNTHETIC DATA,4.391472261339663,0.6085277386603369,0.8969090483018025
SYNTHETIC DATA,4.388999421968252,-0.1389994219682515,-0.2048712513031922
SYNTHETIC DATA,3.826246909530043,0.1737530904699569,0.2560946841239918
SYNTHETIC DATA,4.623949734247493,-0.1239497342474926,-0.182689516218147
SYNTHETIC DATA,2.8545934135802997,0.3954065864197007,0.5827897770095085
SYNTHETIC DATA,4.395305891636903,0.3546941083630974,0.5227836546458113
SYNTHETIC DATA,3.8311035513236806,0.1688964486763193,0.2489364796702987
SYNTHETIC DATA,4.773170041170764,0.2268299588292359,0.3343246816451613
SYNTHETIC DATA,3.5069027666819017,0.2430972333180983,0.3583010178963072
SYNTHETIC DATA,4.299315332178755,-1.0493153321787547,-1.5465858927398128
SYNTHETIC DATA,3.481021906073695,-0.7310219060736949,-1.077453204528937
SYNTHETIC DATA,4.96782150205497,-0.2178215020549698,-0.3210471169940208
SYNTHETIC DATA,2.5569662462570566,0.1930337537429434,0.2845124541748232
SYNTHETIC DATA,3.769966873332081,-0.019966873332081,-0.0294291750730453
SYNTHETIC DATA,4.20855739718812,-0.2085573971881196,-0.3073927526132171
SYNTHETIC DATA,3.673229166869533,0.3267708331304666,0.4816275386247019
SYNTHETIC DATA,3.118867406819545,-0.3688674068195454,-0.543673679573608
SYNTHETIC DATA,3.5586579825650584,-0.2253246492317249,-0.3321060057940399
SYNTHETIC DATA,2.2048049183182474,-1.2048049183182474,-1.7757619974022434
SYNTHETIC DATA,3.702823416596969,-0.4528234165969693,-0.66741644435613
SYNTHETIC DATA,2.2416022509969875,-0.2416022509969875,-0.3560975634181147
SYNTHETIC DATA,4.556092696868552,0.1939073031314482,0.2857999786390544
SYNTHETIC DATA,3.717272086469159,0.7827279135308411,1.15366269013426
SYNTHETIC DATA,3.672892356800468,0.5771076431995317,0.8505989688642693
SYNTHETIC DATA,3.7547395271081374,0.4952604728918617,0.7299644226257405
SYNTHETIC DATA,4.246933411216552,0.7530665887834482,1.1099448628925277
SYNTHETIC DATA,3.5064466713935776,-0.5064466713935776,-0.7464517608601101
SYNTHETIC DATA,4.000457836175066,0.749542163824934,1.1047502128634077
SYNTHETIC DATA,2.7130178264462037,0.5369821735537967,0.791458038211136
SYNTHETIC DATA,4.1046044273921485,0.1453955726078515,0.2142985378811022
SYNTHETIC DATA,3.7844751902006206,0.7155248097993794,1.0546120339662977
SYNTHETIC DATA,4.024884186693484,-0.0248841866934839,-0.0366768033518925
SYNTHETIC DATA,4.736633812145977,0.2633661878540234,0.3881754304627923
SYNTHETIC DATA,3.3284074715715497,1.0049258617617831,1.4811602512498203
SYNTHETIC DATA,2.9038224294029367,0.3461775705970633,0.510231129432456
SYNTHETIC DATA,3.5947008911116725,-0.5947008911116725,-0.8765296573751238
SYNTHETIC DATA,3.811243744921618,0.1887562550783821,0.2782078487926758
SYNTHETIC DATA,4.0203159452250326,-0.5203159452250326,-0.76689368388599
SYNTHETIC DATA,3.515837445263535,-0.0158374452635348,-0.0233428109458418
SYNTHETIC DATA,3.936340459776203,-0.4363404597762028,-0.6431222139109256
SYNTHETIC DATA,3.902593627121828,0.8474063728781722,1.2489922728851648
SYNTHETIC DATA,3.121752010078373,-0.8717520100783731,-1.2848753081262605
SYNTHETIC DATA,3.553568551389421,0.1130981152772454,0.1666953147630662
SYNTHETIC DATA,3.5825258176917383,1.4174741823082615,2.089215230591334
SYNTHETIC DATA,4.50336307118212,0.49663692881788,0.7319931810474228
SYNTHETIC DATA,3.295858837016252,-0.7958588370162514,-1.1730163585677658
SYNTHETIC DATA,3.658084390804086,0.3419156091959139,0.5039494244232163
SYNTHETIC DATA,4.175040896429236,0.3249591035707642,0.4789572303841108
SYNTHETIC DATA,3.812065106915149,-0.5620651069151492,-0.8284277742814674
SYNTHETIC DATA,3.620518072071595,-1.120518072071595,-1.6515316127399562
SYNTHETIC DATA,3.908778015042526,0.0912219849574738,0.1344520857710277
SYNTHETIC DATA,3.066405463734261,0.4335945362657392,0.6390749971843694
SYNTHETIC DATA,3.639043333913416,0.8609566660865844,1.268964050363251
SYNTHETIC DATA,4.187383759391173,0.0626162406088273,0.092290078503796
SYNTHETIC DATA,2.96450553538574,-1.21450553538574,-1.790059737125825
SYNTHETIC DATA,3.3908627303515426,-1.0575293970182091,-1.5586926030995791
SYNTHETIC DATA,3.071694255111133,-0.321694255111133,-0.4741451701627905
SYNTHETIC DATA,3.869115511830195,0.380884488169805,0.5613856560579582
SYNTHETIC DATA,4.315576194126998,-0.8155761941269981,-1.202077771676327
SYNTHETIC DATA,2.9629555002745467,-0.9629555002745468,-1.4193001344681735
SYNTHETIC DATA,3.059462140692229,-0.0594621406922288,-0.0876412505626524
SYNTHETIC DATA,3.307773996772965,-0.3077739967729651,-0.4536281010712691
SYNTHETIC DATA,4.526380418254222,0.473619581745778,0.6980679126573249
SYNTHETIC DATA,3.579451696468112,-0.3294516964681113,-0.4855788631610124
SYNTHETIC DATA,3.362453251568311,-0.1124532515683109,-0.1657448501273241
SYNTHETIC DATA,4.234484454302574,0.2655155456974256,0.3913433690386572
SYNTHETIC DATA,4.282625877177695,-0.2826258771776953,-0.4165622870092362
SYNTHETIC DATA,4.161358346384226,0.5886416536157739,0.8675989470876272
SYNTHETIC DATA,3.597859402170893,-1.0978594021708932,-1.618134998641208
SYNTHETIC DATA,3.3680750051825004,0.3819249948174996,0.56291925883043
SYNTHETIC DATA,4.031309762995446,-0.6979764296621123,-1.0287474760698831
SYNTHETIC DATA,2.9731932999098785,-0.9731932999098784,-1.434389627591108
SYNTHETIC DATA,3.989272768069573,0.2607272319304266,0.3842858732650311
SYNTHETIC DATA,3.5182255877582,-0.2682255877582,-0.3953377000956737
SYNTHETIC DATA,2.6499125000741954,1.3500874999258046,1.9898939978453585
SYNTHETIC DATA,3.713975298578665,1.036024701421335,1.526996831754342
SYNTHETIC DATA,2.4916757757096635,-0.4916757757096635,-0.7246809373647175
SYNTHETIC DATA,4.44856094631244,0.3014390536875604,0.4442910283089248
SYNTHETIC DATA,3.39719043918666,-1.6471904391866596,-2.427794026998935
SYNTHETIC DATA,4.097318288903374,-0.3473182889033737,-0.5119124341709148
SYNTHETIC DATA,2.7814469752566646,-1.0314469752566646,-1.5202497210527337
SYNTHETIC DATA,3.990904985442877,0.0090950145571229,0.0134051421693258
SYNTHETIC DATA,4.505654037387275,0.4943459626127247,0.7286165259038445
SYNTHETIC DATA,3.002687630183826,-1.002687630183826,-1.4778613216745078
SYNTHETIC DATA,2.240154474830783,-0.2401544748307831,-0.3539636860927473
SYNTHETIC DATA,4.2672983009418095,0.4827016990581905,0.7114540455773691
SYNTHETIC DATA,3.726353442928325,1.0236465570716748,1.5087526845066963
SYNTHETIC DATA,3.7214901695046634,1.2785098304953375,1.884395669190902
SYNTHETIC DATA,3.3833367431855628,-0.3833367431855627,-0.565000034783271
SYNTHETIC DATA,3.037292662431201,-1.0372926624312009,-1.5288656795165594
SYNTHETIC DATA,3.12164234008748,-0.1216423400874799,-0.1792886479115188
SYNTHETIC DATA,2.639028160479568,-1.3056948271462347,-1.9244636363930567
SYNTHETIC DATA,3.9028557818554592,-0.9028557818554592,-1.3307191580789317
SYNTHETIC DATA,4.335464890467801,0.4145351095321992,0.6109833076742237
SYNTHETIC DATA,3.38690701526286,-0.1369070152628597,-0.2017872530109783
SYNTHETIC DATA,3.391512454614252,-0.3915124546142516,-0.5770502160500094
SYNTHETIC DATA,4.117070265854158,-0.6170702658541583,-0.9094998793333838
SYNTHETIC DATA,4.156787159909999,0.3432128400900014,0.5058614130684753
SYNTHETIC DATA,4.571737964815702,-1.0717379648157015,-1.5796346115099698
SYNTHETIC DATA,2.4498131138194985,0.8001868861805015,1.1793954703325915
SYNTHETIC DATA,4.362571485792036,0.6374285142079641,0.9395059020601402
SYNTHETIC DATA,3.5353472774869963,-0.5353472774869963,-0.7890483648598859
SYNTHETIC DATA,4.531033358373227,0.218966641626773,0.3227349382357934
SYNTHETIC DATA,3.824289503631052,0.6757104963689482,0.9959297164662078
SYNTHETIC DATA,4.965981661163107,0.0340183388368933,0.050139630410565
SYNTHETIC DATA,2.489210035764382,0.0107899642356179,0.0159033285402629
SYNTHETIC DATA,4.174281746697535,0.0757182533024654,0.1116011353206297
SYNTHETIC DATA,3.5799105796393804,0.6700894203606196,0.98764481240553
SYNTHETIC DATA,3.0812194084918665,0.4187805915081335,0.6172407236582519
SYNTHETIC DATA,3.794865788856072,-1.7948657888560715,-2.6454527283446088
SYNTHETIC DATA,3.927724753250048,0.5722752467499519,0.8434764996237524
SYNTHETIC DATA,3.756296090655301,0.4937039093446995,0.7276702035770247
SYNTHETIC DATA,2.138017951730937,-0.3880179517309368,-0.5718996681682287
SYNTHETIC DATA,3.960533950243138,-0.7105339502431378,-1.0472560059491507
SYNTHETIC DATA,4.19057381789091,-0.1905738178909102,-0.2808867546647436
SYNTHETIC DATA,3.1390085113516304,1.3609914886483696,2.0059653870796104
SYNTHETIC DATA,4.072293538820442,-0.0722935388204417,-0.1065534485651509
SYNTHETIC DATA,2.235180510104489,-0.4851805101044895,-0.7151075652367203
SYNTHETIC DATA,4.374483187217147,-0.1244831872171472,-0.1834757725626482
SYNTHETIC DATA,3.1006004958876363,-0.3506004958876363,-0.516750079122097
SYNTHETIC DATA,2.956561882111287,-0.2065618821112869,-0.3044515628946118
SYNTHETIC DATA,3.1406526631694587,0.3593473368305413,0.5296420481932508
SYNTHETIC DATA,4.057205266551055,-0.3905385998843882,-0.5756148515407943
SYNTHETIC DATA,4.465515883312248,0.2844841166877518,0.4193011462667466
SYNTHETIC DATA,3.0189985210472297,-1.2689985210472297,-1.8703769499719776
SYNTHETIC DATA,4.665265367982746,-0.1652653679827462,-0.243584629750771
SYNTHETIC DATA,3.661101637850245,-0.1611016378502445,-0.237447707810698
SYNTHETIC DATA,4.317593280756337,0.1824067192436631,0.2688492677767745
SYNTHETIC DATA,4.118798787427451,0.1312012125725488,0.193377470291737
SYNTHETIC DATA,2.8842366899954146,-1.6342366899954146,-2.4087014957617603
SYNTHETIC DATA,3.706826788622717,0.0431732113772826,0.063632997262833
SYNTHETIC DATA,4.8223549774113454,-0.8223549774113454,-1.2120690205183156
SYNTHETIC DATA,3.841447863246387,-0.1747811965797203,-0.2576100097433156
SYNTHETIC DATA,3.24328151005081,0.0067184899491898,0.0099023824938843
SYNTHETIC DATA,4.005952144618434,0.7440478553815657,1.096652151519702
SYNTHETIC DATA,2.624142435688636,-0.8741424356886354,-1.2883985564893616
SYNTHETIC DATA,3.8499708871968807,0.4000291128031192,0.5896029187545819
SYNTHETIC DATA,3.724610175123009,-0.9746101751230092,-1.4364779600010145
SYNTHETIC DATA,2.4745795767049628,-0.4745795767049627,-0.6994828492502113
SYNTHETIC DATA,2.9895915389439014,-0.9895915389439014,-1.4585589924884417
SYNTHETIC DATA,4.5481469658571365,-1.5481469658571363,-2.2818138493326683
SYNTHETIC DATA,3.776246874845424,-0.026246874845424,-0.0386852694510378
SYNTHETIC DATA,4.347365892110011,0.6526341078899893,0.961917426945157
SYNTHETIC DATA,3.496348957290314,0.003651042709686,0.0053812719355454
SYNTHETIC DATA,3.868065598017444,-1.1180655980174437,-1.64791691117395
SYNTHETIC DATA,4.564324716364228,0.4356752836357715,0.6421418107819233
SYNTHETIC DATA,4.114303785618007,-0.6143037856180067,-0.9054223640483536
SYNTHETIC DATA,3.446897471653534,-0.6968974716535339,-1.027157199835702
SYNTHETIC DATA,4.316042925989061,0.183957074010939,0.2711343357046702
SYNTHETIC DATA,4.4380762056677705,0.3119237943322295,0.4597444877913205
SYNTHETIC DATA,3.9831211770719657,0.7668788229280343,1.1303027151225915
SYNTHETIC DATA,4.739167587792533,0.260832412207467,0.384440898477831
SYNTHETIC DATA,3.644451977559545,0.8555480224404555,1.260992250366208
SYNTHETIC DATA,3.197539784484049,-0.6975397844840492,-1.028103904731682
SYNTHETIC DATA,2.81908739741399,-0.0690873974139898,-0.1018279166708902
SYNTHETIC DATA,3.82339817353651,-1.32339817353651,-1.95055659905342
SYNTHETIC DATA,3.3952187006279995,0.1047812993720005,0.1544371596050182
SYNTHETIC DATA,3.082889872339574,-2.082889872339574,-3.0699714317547424
SYNTHETIC DATA,3.3173008999664058,0.4326991000335942,0.637755213700783
SYNTHETIC DATA,3.1478117906961702,-0.1478117906961702,-0.2178598017782164
SYNTHETIC DATA,3.640400998953613,-0.1404009989536123,-0.2069370356548293
SYNTHETIC DATA,4.097964942780333,-1.097964942780333,-1.6182905549479398
SYNTHETIC DATA,3.293012372434624,-0.2930123724346236,-0.4318709426123337
SYNTHETIC DATA,3.746900468737392,0.5030995312626079,0.7415184109424714
SYNTHETIC DATA,3.57010406231431,-0.0701040623143098,-0.1033263790913467
SYNTHETIC DATA,3.1008107528649944,-0.1008107528649944,-0.1485849710150997
SYNTHETIC DATA,2.9459471210833827,0.5540528789166173,0.8166185512462764
SYNTHETIC DATA,4.194230607945963,0.805769392054037,1.187623525870692
SYNTHETIC DATA,3.917148528461791,-0.4171485284617908,-0.614835225895921
SYNTHETIC DATA,3.912193941027312,-0.5788606076939784,-0.8531826632738
SYNTHETIC DATA,3.0663158017906307,-0.0663158017906306,-0.0977428618165345
SYNTHETIC DATA,3.971632828154673,-0.2216328281546733,-0.3266646306218769
SYNTHETIC DATA,4.82233202785331,-1.3223320278533102,-1.9489852069059144
SYNTHETIC DATA,4.27215585235688,0.4778441476431201,0.7042945004326248
SYNTHETIC DATA,4.284628728748998,0.7153712712510023,1.0543857334962392
SYNTHETIC DATA,3.7989500848391193,-0.7989500848391193,-1.177572548806484
SYNTHETIC DATA,2.914428244066551,0.4189050892667825,0.6174242209076483
SYNTHETIC DATA,4.530523507292785,-0.0305235072927851,-0.0449885981156334
SYNTHETIC DATA,4.219442492477544,0.780557507522456,1.1504637286675323
SYNTHETIC DATA,4.646863675118836,-0.3968636751188361,-0.5849373800773816
SYNTHETIC DATA,2.804414877257284,-0.0544148772572841,-0.0802020888673602
SYNTHETIC DATA,4.084281483309264,-0.0842814833092635,-0.1242224802287437
SYNTHETIC DATA,4.109835360121869,0.5568313065447983,0.8207136757926994
SYNTHETIC DATA,2.4481184832841,0.5518815167159001,0.8134181804476482
SYNTHETIC DATA,3.978609007542061,0.5213909924579396,0.7684781960278175
SYNTHETIC DATA,4.392911016773716,-0.1429110167737155,-0.2106365509788233
SYNTHETIC DATA,3.5683565257205063,0.4316434742794937,0.6361993268770245
SYNTHETIC DATA,2.912443060710247,0.0875569392897528,0.1290501748753058
SYNTHETIC DATA,4.502133523139906,0.4978664768600938,0.7338054119357157
SYNTHETIC DATA,4.283573650321509,-0.0335736503215091,-0.0494842039972975
SYNTHETIC DATA,2.858564908334679,1.141435091665321,1.682361208410353
SYNTHETIC DATA,3.108483506449595,1.1415164935504052,1.68248118665069
SYNTHETIC DATA,4.322907283109887,-0.989573949776553,-1.4585330678142738
SYNTHETIC DATA,2.7423711393918317,-1.409037806058498,-2.076780855438692
SYNTHETIC DATA,3.56338296941316,-0.3133829694131602,-0.4618951659773708
SYNTHETIC DATA,3.036371739821535,-1.286371739821535,-1.8959833375314092
SYNTHETIC DATA,3.4827162817957773,0.5172837182042227,0.7624244844088112
SYNTHETIC DATA,2.764280646971567,-0.5142806469715668,-0.7579982576484772
SYNTHETIC DATA,3.572974836717876,-0.5729748367178762,-0.8445076252939048
SYNTHETIC DATA,3.4774540361270967,-0.4774540361270967,-0.7037195150599967
SYNTHETIC DATA,4.612615757912474,0.387384242087526,0.5709656435099237
SYNTHETIC DATA,4.307499842490983,-0.8074998424909827,-1.1901740368103433
SYNTHETIC DATA,2.4526500145466734,-0.7026500145466734,-1.0356358729409898
SYNTHETIC DATA,4.195864471296782,0.3041355287032177,0.4482653628978246
SYNTHETIC DATA,4.348448820567062,0.4015511794329383,0.5918462927960155
SYNTHETIC DATA,3.466056652254609,-0.216056652254609,-0.3184459048318242
SYNTHETIC DATA,3.168721689100048,0.8312783108999526,1.2252211219567244
SYNTHETIC DATA,4.082691442283674,0.4173085577163258,0.615071093017938
SYNTHETIC DATA,3.659392361800978,0.590607638199022,0.8704966118110445
SYNTHETIC DATA,3.403474321023581,-0.1534743210235811,-0.2262058053607631
SYNTHETIC DATA,4.004377245725893,0.7456227542741072,1.0989733950344027
SYNTHETIC DATA,2.9187342259879587,0.5812657740120413,0.8567276379664746
SYNTHETIC DATA,3.6990887696007855,-0.9490887696007856,-1.3988619598024783
SYNTHETIC DATA,3.821947478528002,0.8447191881386651,1.245031631234501
SYNTHETIC DATA,4.046616459105753,0.2033835408942472,0.2997670057001786
SYNTHETIC DATA,3.7839095964525846,-0.0339095964525846,-0.0499793550077788
SYNTHETIC DATA,4.219447675998473,-0.2194476759984729,-0.3234439348075382
SYNTHETIC DATA,3.342090096171471,-0.342090096171471,-0.5042066007805874
SYNTHETIC DATA,3.105437631073928,-1.1054376310739276,-1.6293045503993533
SYNTHETIC DATA,3.630424353719961,1.119575646280039,1.6501425713436504
SYNTHETIC DATA,3.3338292444308544,0.6661707555691456,0.9818690922773526
SYNTHETIC DATA,3.813651787921691,0.4363482120783089,0.6431336400291817
SYNTHETIC DATA,3.1867227749859484,-0.8533894416526149,-1.257810718092319
SYNTHETIC DATA,4.591881718306013,-0.3418817183060127,-0.5038994726397952
SYNTHETIC DATA,3.1326034769482454,-1.1326034769482454,-1.6693442912714582
SYNTHETIC DATA,3.7852130140664713,-0.5352130140664713,-0.7888504740012211
SYNTHETIC DATA,2.558825015821036,-0.3088250158210357,-0.4551771980709019
SYNTHETIC DATA,4.398891476200169,0.601108523799831,0.8859738673446741
SYNTHETIC DATA,3.457657356814605,0.2923426431853948,0.4308838286561678
SYNTHETIC DATA,3.817155750074485,-1.0671557500744853,-1.572880885095285
SYNTHETIC DATA,4.894094110252938,0.1059058897470617,0.1560946933852301
SYNTHETIC DATA,3.188259169444586,1.311740830555414,1.933374840959828
SYNTHETIC DATA,1.7590277135448105,-0.5090277135448105,-0.750255958947424
SYNTHETIC DATA,2.647005584147905,0.1029944158520947,0.1518034719430669
SYNTHETIC DATA,4.250784851414953,-0.7507848514149531,-1.1065818101315197
SYNTHETIC DATA,3.3647848621514416,1.1352151378485584,1.6731936183337603
SYNTHETIC DATA,4.0398755452499495,-1.2898755452499495,-1.901147596434631
SYNTHETIC DATA,3.2959146926963623,-0.0459146926963622,-0.0676736666434038
SYNTHETIC DATA,4.001627381537785,-0.0016273815377854,-0.0023985976867584
SYNTHETIC DATA,4.640014412059286,0.3599855879407139,0.5305827665195224
SYNTHETIC DATA,3.662086520612138,0.8379134793878618,1.2350006969468703
SYNTHETIC DATA,3.8318919724328895,-0.3318919724328895,-0.4891755859628049
SYNTHETIC DATA,3.5533064075390537,0.6966935924609463,1.0268567022889592
SYNTHETIC DATA,3.794027458117189,0.9559725418828108,1.4090079519306098
SYNTHETIC DATA,3.8325234182955,-1.5825234182954997,-2.3324813033888496
SYNTHETIC DATA,3.733275591538492,-0.3999422582051588,-0.5894749037606084
SYNTHETIC DATA,4.959112069508791,-0.2091120695087909,-0.3082102841596801
SYNTHETIC DATA,3.877563748004217,-0.2108970813375505,-0.3108412131360072
SYNTHETIC DATA,3.092413527735824,-0.0924135277358235,-0.136208300700019
SYNTHETIC DATA,2.8780051795306503,0.3719948204693497,0.548283174625497
SYNTHETIC DATA,4.262787892544227,0.4872121074557727,0.7181019366204855
SYNTHETIC DATA,4.601308219348824,0.398691780651176,0.5876318248644277
SYNTHETIC DATA,4.767105608828045,-0.0171056088280447,-0.0252119572533539
SYNTHETIC DATA,3.0542308702874563,-0.3042308702874563,-0.4484058868610729
SYNTHETIC DATA,4.09526856396206,0.4047314360379399,0.5965336730808108
SYNTHETIC DATA,2.9639205313528985,-0.9639205313528983,-1.4207224937972185
SYNTHETIC DATA,3.342758690738064,-1.342758690738064,-1.9790920658114417
SYNTHETIC DATA,3.298390187094409,0.4516098129055912,0.6656277138469082
SYNTHETIC DATA,3.8589989099430433,0.1410010900569567,0.2078215099461408
SYNTHETIC DATA,3.12617640071864,-0.1261764007186396,-0.1859713999822604
SYNTHETIC DATA,3.322569480138415,0.9274305198615852,1.3669398650032605
SYNTHETIC DATA,3.780398663970346,1.2196013360296538,1.797570437814556
SYNTHETIC DATA,4.245691364642905,0.0043086353570949,0.0063504977540038
SYNTHETIC DATA,2.874132241808716,0.3758677581912844,0.5539914976248065
SYNTHETIC DATA,2.160311488091567,0.0896885119084331,0.1321918998080355
SYNTHETIC DATA,3.954614793218058,1.0453852067819418,1.5407932808251572
SYNTHETIC DATA,4.542406449986714,0.4575935500132857,0.6744471441104579
SYNTHETIC DATA,3.7714967924711735,0.9785032075288264,1.4422159005553703
SYNTHETIC DATA,2.5115371365380867,-0.84487046987142,-1.245254605383961
SYNTHETIC DATA,3.777902736359657,-0.7779027363596569,-1.1465508613883395
SYNTHETIC DATA,4.309791641292453,0.1902083587075473,0.2803481043658029
SYNTHETIC DATA,3.033847261966901,0.7161527380330988,1.055537537404723
SYNTHETIC DATA,4.320634487937159,0.6793655120628408,1.0013168441832685
SYNTHETIC DATA,3.79944078092116,-0.2994407809211594,-0.4413457740316001
SYNTHETIC DATA,3.441870574472224,1.0581294255277762,1.559576985133921
SYNTHETIC DATA,2.788547827036307,-0.2885478270363069,-0.4252906490449117
SYNTHETIC DATA,4.071983352752427,-0.0719833527524267,-0.1060962653122193
SYNTHETIC DATA,3.992497525710257,0.7575024742897432,1.1164829146444253
SYNTHETIC DATA,4.420836306040658,-1.170836306040658,-1.725695658968604
SYNTHETIC DATA,3.3359068079282665,-0.8359068079282665,-1.2320430638354494
SYNTHETIC DATA,3.729427476934029,-0.2294274769340285,-0.3381531636408137
SYNTHETIC DATA,4.311931343727717,0.6880686562722831,1.0141444086379452
SYNTHETIC DATA,3.54797801528594,-1.2146446819526069,-1.790264825253997
SYNTHETIC DATA,4.096065279578837,0.1539347204211631,0.226884388043671
SYNTHETIC DATA,3.046950521802919,-1.3802838551362522,-2.034400406499152
SYNTHETIC DATA,3.741244828628151,1.008755171371849,1.486804270774022
SYNTHETIC DATA,3.990350644801104,1.009649355198896,1.488122208337705
SYNTHETIC DATA,3.37613918979174,0.1238608102082601,0.1825584510746339
SYNTHETIC DATA,4.399168495227657,0.1008315047723433,0.1486155572518287
SYNTHETIC DATA,3.115282296629542,-0.1152822966295419,-0.1699145797095081
SYNTHETIC DATA,4.273432321451261,-0.7734323214512608,-1.139961916749874
SYNTHETIC DATA,4.594582482340634,-0.594582482340634,-0.8763551346847097
SYNTHETIC DATA,4.685213467559369,0.3147865324406309,0.4639638775565203
SYNTHETIC DATA,3.4358912998351574,-1.1858912998351574,-1.74788521467586
SYNTHETIC DATA,2.29273887687776,-0.0427388768777596,-0.0629928316337863
SYNTHETIC DATA,2.1773406781452858,-0.6773406781452858,-0.998332441424634
SYNTHETIC DATA,4.453341216667709,0.0466587833322913,0.0687703818491735
SYNTHETIC DATA,4.234733039213648,0.7652669607863523,1.1279269914741146
SYNTHETIC DATA,3.209194551566577,0.040805448433423,0.060143151404275
SYNTHETIC DATA,4.195102571880875,0.0548974281191245,0.0809133205939588
SYNTHETIC DATA,3.248794638680532,0.5012053613194678,0.7387265938187956
SYNTHETIC DATA,3.653013143531528,0.8469868564684724,1.2483739476390563
SYNTHETIC DATA,3.1715380228464385,1.0784619771535615,1.5895451334526445
SYNTHETIC DATA,3.2130745431839274,-0.2130745431839273,-0.3140505742025163
SYNTHETIC DATA,2.410169063056288,-0.910169063056288,-1.3414982034125742
SYNTHETIC DATA,3.216927804000756,1.0330721959992442,1.5226451339433873
SYNTHETIC DATA,2.764586406980928,0.985413593019072,1.4524011178917229
SYNTHETIC DATA,4.277879946474567,-1.0278799464745667,-1.5149922772470332
SYNTHETIC DATA,3.112752520771189,-0.7794191874378553,-1.148785958668108
SYNTHETIC DATA,3.775317014043561,-0.0253170140435607,-0.0373147475933351
SYNTHETIC DATA,3.014605945560759,0.735394054439241,1.0838973141075885
SYNTHETIC DATA,4.673907942264512,0.3260920577354875,0.4806270915541022
SYNTHETIC DATA,4.62629683503559,-0.62629683503559,-0.9230989198665676
SYNTHETIC DATA,3.809928027285865,-0.8099280272858649,-1.1937529384365422
SYNTHETIC DATA,3.305854270385256,0.4441457296147439,0.654626401309246
SYNTHETIC DATA,4.272804939595264,0.7271950604047364,1.071812816607591
SYNTHETIC DATA,3.752109662270692,0.2478903377293084,0.3653655746005486
SYNTHETIC DATA,3.7306037087767008,-0.3972703754433673,-0.5855368156952588
SYNTHETIC DATA,4.285501659096615,0.7144983409033854,1.0530991214363872
SYNTHETIC DATA,4.603548409375692,-0.3535484093756915,-0.5210950088813688
SYNTHETIC DATA,3.8815053696626176,-0.1315053696626176,-0.1938257674339321
SYNTHETIC DATA,4.388456015562484,-0.1384560155624843,-0.2040703245889708
SYNTHETIC DATA,4.22221977583707,-0.7222197758370701,-1.064479744566471
SYNTHETIC DATA,3.32619429291769,-0.3261942929176902,-0.4807777759915516
SYNTHETIC DATA,3.806562740481839,-0.556562740481839,-0.8203178362661968
SYNTHETIC DATA,3.1718902410053564,-1.4218902410053564,-2.095724059608686
SYNTHETIC DATA,4.569443585673163,0.430556414326837,0.634597109187276
SYNTHETIC DATA,3.4102801207228284,-0.1602801207228283,-0.2362368736973072
SYNTHETIC DATA,2.697773105830658,0.0522268941693417,0.0769772205426606
SYNTHETIC DATA,2.953148165398006,0.2968518346019939,0.4375299259909846
SYNTHETIC DATA,3.202120774027255,0.2978792259727449,0.4390441981564613
SYNTHETIC DATA,3.75283550575131,0.2471644942486901,0.3642957538774199
SYNTHETIC DATA,3.27928116211832,0.4707188378816798,0.693792506207911
SYNTHETIC DATA,3.8059184640162704,-0.8059184640162704,-1.1878432430393284
SYNTHETIC DATA,3.701696266355389,0.5483037336446106,0.808144885894856
SYNTHETIC DATA,4.089607920606396,-0.8396079206063964,-1.23749813389866
SYNTHETIC DATA,3.982018540430986,1.0179814595690138,1.500402897164488
SYNTHETIC DATA,3.6001202060075923,0.1498797939924077,0.2209078318851046
SYNTHETIC DATA,3.4712394648340994,-0.4712394648340994,-0.6945598582853084
SYNTHETIC DATA,3.554949017477784,-0.5549490174777842,-0.8179393698926248
SYNTHETIC DATA,3.779374099210468,0.2206259007895323,0.3251805203547495
SYNTHETIC DATA,2.802118900144157,-0.0521189001441571,-0.0768180481464048
SYNTHETIC DATA,4.268422253529439,-0.0184222535294393,-0.0271525599096588
SYNTHETIC DATA,3.31945394741697,-0.81945394741697,-1.2077931923414795
SYNTHETIC DATA,4.011357588435848,0.2386424115641521,0.3517350560085514
SYNTHETIC DATA,2.9887867858651167,-0.4887867858651167,-0.7204228551649965
SYNTHETIC DATA,4.316755805063194,0.1832441949368064,0.2700836232205652
SYNTHETIC DATA,2.038571290699787,0.2114287093002129,0.3116247796026598
SYNTHETIC DATA,3.476903043563496,0.273096956436504,0.4025176105050225
SYNTHETIC DATA,3.5131194249775177,0.2368805750224822,0.3491382850884102
SYNTHETIC DATA,3.275680843246641,0.9743191567533592,1.4360490280191531
SYNTHETIC DATA,3.4772351224951104,-0.2272351224951103,-0.3349218523818082
SYNTHETIC DATA,4.169054682435728,0.5809453175642725,0.8562553172005827
SYNTHETIC DATA,2.805530729024009,-0.5555307290240088,-0.8187967545542657
SYNTHETIC DATA,3.153724926503941,-1.1537249265039415,-1.7004751962676032
SYNTHETIC DATA,4.35369871295375,-0.8536987129537499,-1.2582665530703248
SYNTHETIC DATA,3.723101975359784,0.2768980246402162,0.4081200050197361
SYNTHETIC DATA,3.291258340697294,-0.2912583406972939,-0.4292856751934928
SYNTHETIC DATA,3.8462339987440415,0.1537660012559585,0.2266357128621137
SYNTHETIC DATA,3.477501758140965,0.2724982418590351,0.4016351650752313
SYNTHETIC DATA,2.415956949890741,0.8340430501092588,1.2292960711422465
SYNTHETIC DATA,4.02891942555092,-0.52891942555092,-0.7795743537403549
SYNTHETIC DATA,3.2675719967412977,0.7324280032587023,1.0795256512029392
SYNTHETIC DATA,4.660516608304393,0.339483391695607,0.5003645789923972
SYNTHETIC DATA,4.135793692116119,-1.3857936921161187,-2.0425213553531667
SYNTHETIC DATA,3.0143503639049194,0.4856496360950806,0.7157990100452692
SYNTHETIC DATA,3.6707907356062655,0.8292092643937345,1.2221715542626213
SYNTHETIC DATA,3.098051825113586,0.6519481748864142,0.9609064302750796
SYNTHETIC DATA,4.249751002723156,0.0002489972768442,0.000366997092188
SYNTHETIC DATA,3.7574085438559246,-0.5074085438559246,-0.7478694647049514
SYNTHETIC DATA,4.177362734214757,-0.427362734214757,-0.6298899439950826
SYNTHETIC DATA,4.922989685956537,0.0770103140434628,0.1135055036771278
SYNTHETIC DATA,3.985107251763868,-0.2351072517638681,-0.3465245838958951
SYNTHETIC DATA,3.849900660594325,0.8167660060723416,1.2038314355305095
SYNTHETIC DATA,4.49973156054227,0.5002684394577299,0.737345664664778
SYNTHETIC DATA,3.4414065756539243,0.2252600910127422,0.3320108534335653
SYNTHETIC DATA,4.262625822722458,-1.012625822722458,-1.4925092238905808
SYNTHETIC DATA,3.190082801467077,0.0599171985329229,0.0883119603247378
SYNTHETIC DATA,4.512311510783778,-0.7623115107837783,-1.1235709536459166
SYNTHETIC DATA,3.788627343516909,0.7113726564830909,1.0484921750959133
SYNTHETIC DATA,4.01961051830781,-0.2696105183078101,-0.397378949265267
SYNTHETIC DATA,3.744118264988021,-0.2441182649880211,-0.3598059164985839
SYNTHETIC DATA,2.902806679322104,-0.6528066793221039,-0.9621717799830032
SYNTHETIC DATA,3.8685110755934895,0.1314889244065105,0.1938015287705696
SYNTHETIC DATA,4.201311109392674,-1.701311109392674,-2.50756248408652
SYNTHETIC DATA,4.139167438890785,-1.6391674388907846,-2.415968926674437
SYNTHETIC DATA,3.3547865566573787,0.3952134433426213,0.5825051034236655
SYNTHETIC DATA,3.420169883857628,-0.170169883857628,-0.2508133958139342
SYNTHETIC DATA,3.6534257879202703,-0.9034257879202704,-1.3315592900312423
SYNTHETIC DATA,4.340660086802108,0.4093399131978925,0.603326107675088
SYNTHETIC DATA,3.923838715422472,0.8261612845775286,1.2176791367399382
SYNTHETIC DATA,2.362586897342124,-0.6125868973421236,-0.9028918423782109
SYNTHETIC DATA,3.590919290934243,-0.0909192909342428,-0.1340059450430794
SYNTHETIC DATA,3.3786359261439234,0.1213640738560766,0.1788785113065187
SYNTHETIC DATA,4.071799106573192,0.9282008934268084,1.368075318619134
SYNTHETIC DATA,3.892213072618972,-0.3922130726189716,-0.5780828569436192
SYNTHETIC DATA,3.805675999955696,-0.8056759999556959,-1.187485875254754
SYNTHETIC DATA,3.5708429167359,1.1791570832641,1.7379596527136358
SYNTHETIC DATA,4.224476094715949,-0.2244760947159489,-0.3308553212733108
SYNTHETIC DATA,4.137764639072008,-1.6377646390720075,-2.413901339988599
SYNTHETIC DATA,3.792524816993543,-0.0425248169935428,-0.0626773287654122
SYNTHETIC DATA,3.0822419854247207,-0.0822419854247207,-0.1212164642488215
SYNTHETIC DATA,3.542162744028309,0.7078372559716914,1.0432813481991383
SYNTHETIC DATA,3.295491681676616,-0.6288250150099497,-0.9268252043901468
SYNTHETIC DATA,4.116615678629471,-0.1166156786294712,-0.1718798514705163
SYNTHETIC DATA,3.679505801260512,-0.1795058012605124,-0.2645736046932851
SYNTHETIC DATA,4.464495090437959,0.0355049095620412,0.0523306870372703
SYNTHETIC DATA,4.1077990815332095,-0.6077990815332095,-0.895835080545018
SYNTHETIC DATA,3.835705990498417,-0.0857059904984169,-0.1263220614082893
SYNTHETIC DATA,4.2514933518272775,0.2485066481727225,0.3662739545775696
SYNTHETIC DATA,4.210333799595794,0.2896662004042056,0.426939019578121
SYNTHETIC DATA,4.303212365143399,0.0301209681899337,0.0443952957224876
SYNTHETIC DATA,3.508034580159361,-0.7580345801593609,-1.1172671854981506
SYNTHETIC DATA,4.69558271456961,0.3044172854303903,0.448680644144621
SYNTHETIC DATA,3.0012421353858483,-0.0012421353858482,-0.0018307833743713
SYNTHETIC DATA,2.47754070746549,0.0224592925345099,0.0331027517940359
SYNTHETIC DATA,4.313113249858509,-0.3131132498585094,-0.4614976263194369
SYNTHETIC DATA,3.082818029818882,-0.3328180298188821,-0.4905405019657665
SYNTHETIC DATA,3.5634543008984063,0.1865456991015937,0.2749497102865759
SYNTHETIC DATA,4.2055028513959245,0.0444971486040755,0.0655843483724935
SYNTHETIC DATA,4.4085401338851335,0.5914598661148665,0.871752710556221
SYNTHETIC DATA,2.250501146187232,-0.0005011461872319,-0.0007386393771298
SYNTHETIC DATA,4.519914286635123,0.4800857133648772,0.7075983442025624
SYNTHETIC DATA,2.9434158533272505,0.5565841466727495,0.8203493868514825
SYNTHETIC DATA,4.113287023415153,-0.113287023415153,-0.1669737464719644
SYNTHETIC DATA,3.7205290973718186,-0.9705290973718186,-1.430462859407697
SYNTHETIC DATA,3.724185655030556,0.7758143449694437,1.143472781269262
SYNTHETIC DATA,3.712214946163902,1.0377850538360982,1.529591415219801
SYNTHETIC DATA,4.060585112875176,0.4394148871248235,0.6476536124522558
SYNTHETIC DATA,3.655202403492957,0.3447975965070431,0.5081971855887686
SYNTHETIC DATA,4.306294112773738,0.3603725538929287,0.5311531156455793
SYNTHETIC DATA,4.0026610936598015,-1.335994426993135,-1.9691222173189429
SYNTHETIC DATA,4.485364162281118,0.264635837718882,0.3900467674284231
SYNTHETIC DATA,3.384015406842715,-0.0506820735093813,-0.0747003093356672
SYNTHETIC DATA,4.399064688323382,-0.8990646883233824,-1.3251314652329758
SYNTHETIC DATA,4.302013286824264,0.6979867131757356,1.028762632940854
SYNTHETIC DATA,2.757806886087334,-0.7578068860873342,-1.1169315872000434
SYNTHETIC DATA,3.4550956862447526,-1.2050956862447526,-1.7761905602559476
SYNTHETIC DATA,2.647995969876088,0.1020040301239117,0.1503437423950403
SYNTHETIC DATA,3.9992719702716992,-0.2492719702716992,-0.3674019628372238
SYNTHETIC DATA,3.378127682952504,-0.378127682952504,-0.5573224007834389
SYNTHETIC DATA,4.269970058442446,0.2300299415575537,0.3390411362635755
SYNTHETIC DATA,3.882186992619262,-0.1321869926192618,-0.1948304115257368
SYNTHETIC DATA,3.5813925135601554,-0.5813925135601554,-0.8569144393894162
SYNTHETIC DATA,3.0406877469732634,-0.3740210803065968,-0.5512696790471991
SYNTHETIC DATA,3.4186752220290604,0.2479914446376061,0.3655145960750628
SYNTHETIC DATA,4.100965077343713,0.8990349226562868,1.3250875936155446
SYNTHETIC DATA,3.625613757746569,0.374386242253431,0.5518078912492133
SYNTHETIC DATA,5.026579843480874,-0.0265798434808743,-0.0391760319306472
SYNTHETIC DATA,2.858172240152544,-0.6081722401525433,-0.8963850790428172
SYNTHETIC DATA,4.663837110821118,0.3361628891788824,0.4954704902550197
SYNTHETIC DATA,3.0353687153773445,-0.5353687153773445,-0.7890799621669736
SYNTHETIC DATA,3.5075394548009733,-0.5075394548009733,-0.7480624143499329
SYNTHETIC DATA,3.468656450835654,0.0313435491643461,0.0461972578493844
SYNTHETIC DATA,3.4112858681183127,0.8387141318816873,1.236180778676322
SYNTHETIC DATA,4.4976211147704,0.2523788852296,0.371981244866635
SYNTHETIC DATA,2.972200282408337,-0.3055336157416706,-0.4503260034166322
SYNTHETIC DATA,2.712078331308353,1.0379216686916468,1.529792771858602
SYNTHETIC DATA,3.835379765219575,-0.8353797652195749,-1.231266255574732
SYNTHETIC DATA,3.302639443523488,-0.3026394435234878,-0.4460602829162875
SYNTHETIC DATA,3.319150114749987,0.9308498852500132,1.3719796677295628
SYNTHETIC DATA,3.73897349521107,0.51102650478893,0.7532019774090702
SYNTHETIC DATA,4.1333770947648505,0.5332895719018165,0.7860155125495674
SYNTHETIC DATA,3.539846156865352,-0.2898461568653516,-0.4272042574104301
SYNTHETIC DATA,3.919293547321096,-0.5859602139877622,-0.8636467731569313
SYNTHETIC DATA,3.842453164784335,0.657546835215665,0.9691582958658382
SYNTHETIC DATA,3.0949028063778266,0.1550971936221734,0.2285977573219389
SYNTHETIC DATA,3.3558780341911194,-0.1058780341911194,-0.1560536370806726
SYNTHETIC DATA,3.788475119143377,0.211524880856623,0.311766526861911
SYNTHETIC DATA,3.8701338857735736,-0.8701338857735736,-1.2824903546754174
SYNTHETIC DATA,2.578021838740068,1.4219781612599318,2.0958536452739693
SYNTHETIC DATA,3.0995989925444998,-0.4329323258778328,-0.6380989652780833
SYNTHETIC DATA,3.298054474583673,1.7019455254163272,2.508497549878681
SYNTHETIC DATA,3.835542443635052,0.6644575563649484,0.9793440079300546
SYNTHETIC DATA,3.774973834360552,0.2250261656394481,0.3316660708203737
SYNTHETIC DATA,4.110592309120071,0.6394076908799295,0.942423010603428
SYNTHETIC DATA,3.237368839356729,0.7626311606432705,1.124042085581329
SYNTHETIC DATA,2.6617393761148813,-0.1617393761148813,-0.2383876702539224
SYNTHETIC DATA,4.158750983442571,-2.4087509834425718,-3.5502581310617938
SYNTHETIC DATA,4.36813866475634,0.3818613352436601,0.562825430983053
SYNTHETIC DATA,2.508881903422009,1.241118096577991,1.8292839916920385
SYNTHETIC DATA,3.08262213396474,-0.0826221339647399,-0.1217767651908831
SYNTHETIC DATA,3.4434777611712035,-0.4434777611712035,-0.6536418826046255
SYNTHETIC DATA,4.925592294257465,-0.1755922942574646,-0.2588054866295902
SYNTHETIC DATA,3.3863984904155044,0.3636015095844955,0.5359122735152065
SYNTHETIC DATA,3.879227371903847,-0.8792273719038466,-1.2958932440963733
SYNTHETIC DATA,2.0813981201054026,-0.5813981201054026,-0.8569227028765877
SYNTHETIC DATA,3.7702276063232856,0.9797723936767144,1.4440865540485472
SYNTHETIC DATA,2.2062116674516346,-0.2062116674516345,-0.3039353814995259
SYNTHETIC DATA,3.714587717069061,-0.7145877170690604,-1.0532308529690746
SYNTHETIC DATA,3.740760049189476,0.2592399508105241,0.3820937695874803
SYNTHETIC DATA,2.884105019068926,0.4492283142644075,0.6621176229437419
SYNTHETIC DATA,4.08523142664452,0.581435240022147,0.856977413922749
SYNTHETIC DATA,3.118995236226817,-1.785661902893484,-2.6318871206082117
SYNTHETIC DATA,4.040791192341298,-0.040791192341298,-0.0601221393497571
SYNTHETIC DATA,3.807444945287925,-1.307444945287925,-1.9270431355631932
SYNTHETIC DATA,3.3671138781614243,-1.3671138781614245,-2.0149891771266764
SYNTHETIC DATA,3.1509664620861293,0.0990335379138707,0.1459655338569033
SYNTHETIC DATA,4.057915243614688,-1.057915243614688,-1.5592613024071904
SYNTHETIC DATA,3.3870486182979023,-1.1370486182979025,-1.6758959852111048
SYNTHETIC DATA,4.123327317374831,0.3766726826251689,0.5551778757668113
SYNTHETIC DATA,4.656309518011482,0.093690481988518,0.1380904036030526
SYNTHETIC DATA,3.267074392255432,-0.2670743922554317,-0.3936409530171095
SYNTHETIC DATA,4.129125884624972,0.1208741153750283,0.1781563614897957
SYNTHETIC DATA,4.058095699214695,0.9419043007853052,1.3882727710466256
SYNTHETIC DATA,2.656809714611833,-1.4068097146118328,-2.0734968714031288
SYNTHETIC DATA,3.5294133366563383,-0.2794133366563383,-0.4118273234593666
SYNTHETIC DATA,3.1019008870318343,-0.8519008870318343,-1.255616737401794
SYNTHETIC DATA,3.825966824918495,-0.8259668249184946,-1.2173925226439215
SYNTHETIC DATA,4.589881331507423,-1.0898813315074234,-1.6063761201029672
SYNTHETIC DATA,3.971526405627568,1.0284735943724326,1.5158672548976386
SYNTHETIC DATA,4.274300933293333,0.2256990667066674,0.3326578597191502
SYNTHETIC DATA,4.122860062435369,0.1271399375646309,0.1873915569621941
SYNTHETIC DATA,3.984134936936101,0.2658650630638988,0.3918585226933098
SYNTHETIC DATA,4.434471999514729,-1.7678053328480623,-2.605568321598931
SYNTHETIC DATA,4.35275598668297,-0.3527559866829701,-0.519927057055958
SYNTHETIC DATA,2.97210797659097,-0.4721079765909701,-0.6958399577841559
SYNTHETIC DATA,3.800553424564644,-0.5505534245646437,-0.8114607053947233
SYNTHETIC DATA,3.771863199963336,-0.7718631999633363,-1.1376491885519735
SYNTHETIC DATA,3.2823399065396317,-1.2823399065396313,-1.89004081836253
SYNTHETIC DATA,3.917605838523838,0.5823941614761621,0.8583907682763406
SYNTHETIC DATA,3.8486815013788847,0.8179851652877823,1.2056283543267776
SYNTHETIC DATA,3.102556070452578,1.647443929547422,2.428167646447616
SYNTHETIC DATA,2.87546092881642,-0.8754609288164201,-1.2903418835413665
SYNTHETIC DATA,3.8723657205670863,-0.8723657205670863,-1.285779856029987
SYNTHETIC DATA,2.988252172999264,1.011747827000736,1.4912151459757164
SYNTHETIC DATA,2.823657865374821,1.6763421346251794,2.470760711590352
SYNTHETIC DATA,4.213225939745375,-0.2132259397453753,-0.3142737175979898
SYNTHETIC DATA,2.986197809414391,0.0138021905856091,0.0203430490282524
SYNTHETIC DATA,4.347281037240988,0.4027189627590122,0.5935674886677395
SYNTHETIC DATA,2.9978636541965047,0.5021363458034953,0.7400987718716665
SYNTHETIC DATA,3.982487154436328,-0.6491538211029941,-0.9567878321680756
SYNTHETIC DATA,3.503539117614267,0.8297942157190659,1.2230337140347638
SYNTHETIC DATA,3.728313227327643,0.7716867726723571,1.1373891523636563
SYNTHETIC DATA,2.9277204494008484,0.3222795505991516,0.4750078371963259
SYNTHETIC DATA,3.839097815652341,0.660902184347659,0.9741037450302792
SYNTHETIC DATA,2.802356985258018,0.947643014741982,1.396731061682137
SYNTHETIC DATA,2.019712944299224,0.3136203890341096,0.4622450987622635
SYNTHETIC DATA,3.3947826478624585,-0.6447826478624585,-0.9503451598262
SYNTHETIC DATA,2.3578535991259097,-1.3578535991259095,-2.001340451638768
SYNTHETIC DATA,3.091007603988191,1.4089923960118091,2.076713925569811
SYNTHETIC DATA,3.856618488021371,0.393381511978629,0.5798050197432572
SYNTHETIC DATA,2.770447624335739,-0.520447624335739,-0.7670877657303524
SYNTHETIC DATA,4.229399414556201,0.5206005854437992,0.7673132151111144
SYNTHETIC DATA,3.919916973974416,0.830083026025584,1.223459391552323
SYNTHETIC DATA,3.920576449937785,-0.4205764499377848,-0.619887639439888
SYNTHETIC DATA,2.646658612032178,-0.3966586120321778,-0.5846351375891403
SYNTHETIC DATA,4.705652349676528,0.2943476503234716,0.4338390087240638
SYNTHETIC DATA,3.1310745673247733,0.6189254326752267,0.9122342097545224
SYNTHETIC DATA,3.4728337465823134,0.7771662534176866,1.1454653591628747
SYNTHETIC DATA,3.171056556505794,1.495610110160873,2.204379776488199
SYNTHETIC DATA,3.854560782705208,0.895439217294792,1.3197878833987975
SYNTHETIC DATA,3.993034029271747,0.2569659707282525,0.3787421502908195
SYNTHETIC DATA,4.289381277509986,0.4606187224900138,0.6789059458949489
SYNTHETIC DATA,3.740361111463048,0.7596388885369523,1.1196317756535572
SYNTHETIC DATA,2.9506105205875475,-0.7006105205875475,-1.0326298627467396
SYNTHETIC DATA,2.4529019968432384,0.5470980031567616,0.8063677597005006
SYNTHETIC DATA,3.4647921932026,-0.7147921932025993,-1.0535322303470993
SYNTHETIC DATA,4.480257837194464,0.019742162805536,0.0290979742226937
SYNTHETIC DATA,3.642442954336098,0.1075570456639019,0.1585283321298357
SYNTHETIC DATA,3.8022425651153857,-0.8022425651153857,-1.1824253355629917
SYNTHETIC DATA,4.420041832739899,0.5799581672601013,0.854800356344083
SYNTHETIC DATA,4.460819755962636,-0.2108197559626363,-0.3107272432641053
SYNTHETIC DATA,4.531980939971299,0.4680190600287011,0.6898133035670057
SYNTHETIC DATA,2.2214015262565368,0.5285984737434632,0.7791013028638073
SYNTHETIC DATA,3.028377950446375,0.9716220495536252,1.432073761654128
SYNTHETIC DATA,4.450079198186958,0.5499208018130419,0.8105282827062812
SYNTHETIC DATA,4.036925753681771,-0.5369257536817713,-0.7913748809604328
SYNTHETIC DATA,3.9438279781673296,0.3061720218326695,0.4512669501691476
SYNTHETIC DATA,3.1901509624640267,-0.1901509624640267,-0.28026350804113
SYNTHETIC DATA,3.461612676382515,-1.461612676382515,-2.1542709580439
SYNTHETIC DATA,3.897859642352847,0.8521403576471531,1.255969693147336
SYNTHETIC DATA,3.702157990288381,-0.4521579902883812,-0.6664356725042755
SYNTHETIC DATA,4.791568214261746,0.208431785738254,0.3072076138943104
SYNTHETIC DATA,3.4270858003034737,0.3229141996965263,0.4759432465158503
SYNTHETIC DATA,4.154775206682261,-0.4047752066822614,-0.5965981866345043
SYNTHETIC DATA,2.9519623923594103,1.3813709409739228,2.036002662340823
SYNTHETIC DATA,3.0795472397980945,-0.0795472397980945,-0.1172446786064553
SYNTHETIC DATA,3.3264456651279874,-0.3264456651279874,-0.4811482734982118
SYNTHETIC DATA,3.885080677330497,0.8649193226695027,1.2748046099938712
SYNTHETIC DATA,3.3662871659167672,-1.3662871659167672,-2.0137706859298623
SYNTHETIC DATA,3.7505666759659375,0.2494333240340616,0.3676397821513589
SYNTHETIC DATA,3.609420766890492,0.1405792331095079,0.2071997349813894
SYNTHETIC DATA,4.447370206904746,0.0526297930952539,0.077571053279024
SYNTHETIC DATA,4.1705681007055935,-0.6705681007055935,-0.988350339377228
SYNTHETIC DATA,3.3825611326595757,-0.8825611326595753,-1.3008068741525298
SYNTHETIC DATA,3.194960862003988,0.0550391379960122,0.0811221867848313
SYNTHETIC DATA,4.450266376357448,0.0497336236425525,0.0733023890546753
SYNTHETIC DATA,4.115845896857612,-0.3658458968576124,-0.5392202759697594
SYNTHETIC DATA,3.824104306946634,-0.074104306946634,-0.1092223397488688
SYNTHETIC DATA,3.184144927918621,-1.434144927918621,-2.113786242937929
SYNTHETIC DATA,3.424325136143636,1.242341530523031,1.831087211012363
SYNTHETIC DATA,3.660163157706912,0.6731701756264217,0.9921855376641424
SYNTHETIC DATA,3.416125312459275,0.333874687540725,0.4920979098068048
SYNTHETIC DATA,3.082582711056587,-1.8325827110565869,-2.7010437008616712
SYNTHETIC DATA,3.669284265894852,0.5807157341051483,0.8559169341347882
SYNTHETIC DATA,3.702294465556468,0.5477055344435318,0.8072632000783381
SYNTHETIC DATA,4.3445031546930615,-1.3445031546930617,-1.9816632312756783
SYNTHETIC DATA,4.124591173774336,0.375408826225664,0.5533150777899014
SYNTHETIC DATA,3.873084188584543,-0.8730841885845426,-1.286838806057788
SYNTHETIC DATA,3.0932072741281784,0.240126059205155,0.3539218043014668
SYNTHETIC DATA,4.0097694488707125,0.2402305511292874,0.3540758149508994
SYNTHETIC DATA,3.6195566826288914,-1.8695566826288916,-2.7555396384303674
SYNTHETIC DATA,3.143830777322129,-0.3938307773221288,-0.5804671919435918
SYNTHETIC DATA,3.3484252904500247,0.1515747095499753,0.223405967965206
SYNTHETIC DATA,3.464413973651308,0.285586026348692,0.4209252509418829
SYNTHETIC DATA,2.378164769577907,-0.8781647695779071,-1.2943270745032174
SYNTHETIC DATA,3.857664506058395,-0.1909978393917284,-0.2815117199647571
SYNTHETIC DATA,3.2705295470290667,0.4794704529709332,0.7066915118934799
SYNTHETIC DATA,2.820623323886426,0.929376676113574,1.3698083047487692
SYNTHETIC DATA,4.324340278407382,0.6756597215926181,0.9958548795221824
SYNTHETIC DATA,3.534007725679817,-0.5340077256798175,-0.7870739994198277
SYNTHETIC DATA,3.932064005801252,0.5679359941987481,0.8370808751866324
SYNTHETIC DATA,3.612586801083448,0.6374131989165526,0.9394833288517692
SYNTHETIC DATA,3.81851391789914,-0.0685139178991396,-0.1009826652004852
SYNTHETIC DATA,3.948681316964568,0.801318683035432,1.181063625743652
SYNTHETIC DATA,4.450932869277664,0.549067130722336,0.8092700568656427
SYNTHETIC DATA,4.516649128623924,0.2333508713760759,0.3439358548010822
SYNTHETIC DATA,3.3831332900557087,0.3668667099442912,0.5407248524021877
SYNTHETIC DATA,3.0250147525150832,-0.5250147525150832,-0.7738192560611399
SYNTHETIC DATA,3.6911465567393233,0.3088534432606766,0.4552190972748563
SYNTHETIC DATA,2.500257874905563,1.499742125094437,2.2104699533958128
SYNTHETIC DATA,3.7075242381938978,0.7924757618061022,1.168030043936081
SYNTHETIC DATA,3.518652992588575,-1.0186529925885748,-1.501392669697789
SYNTHETIC DATA,2.996780132796434,-0.246780132796434,-0.3637292435239135
SYNTHETIC DATA,3.0359869890184576,-0.5359869890184576,-0.7899912357011294
SYNTHETIC DATA,2.93954107848194,-0.2728744118152728,-0.4021896019825637
SYNTHETIC DATA,3.225407767228841,-0.7254077672288415,-1.0691785251536678
SYNTHETIC DATA,3.5803224770991164,-0.3303224770991164,-0.4868623067534997
SYNTHETIC DATA,3.8073459005106014,-1.0573459005106025,-1.5584221475927085
SYNTHETIC DATA,3.704045216299875,-1.2040452162998752,-1.774642272579524
SYNTHETIC DATA,4.449951090333485,0.2167155763331818,0.3194170930467065
SYNTHETIC DATA,4.534778105966756,-0.0347781059667555,-0.051259451201111
SYNTHETIC DATA,3.2261644542595045,-0.7261644542595045,-1.0702938061859315
SYNTHETIC DATA,2.5791105450724783,-0.0791105450724782,-0.1166010342401144
SYNTHETIC DATA,3.5503313422505465,-1.0503313422505465,-1.548083390008486
SYNTHETIC DATA,4.451299068483283,-0.7012990684832827,-1.0336447135064333
SYNTHETIC DATA,3.221759100307396,0.5282408996926042,0.7785742744618491
SYNTHETIC DATA,4.725385741950361,0.2746142580496391,0.4047539613882538
SYNTHETIC DATA,4.333722659747915,-0.3337226597479148,-0.4918738360394117
SYNTHETIC DATA,3.123109730169686,0.876890269830314,1.2924485892953104
SYNTHETIC DATA,3.28694737020401,-0.2869473702040102,-0.4229317356822054
SYNTHETIC DATA,2.888979020654917,-0.3889790206549168,-0.5733161876778521
SYNTHETIC DATA,4.751146317541354,0.2488536824586456,0.3667854484197412
SYNTHETIC DATA,3.67554012809395,0.3244598719060501,0.478221412821765
SYNTHETIC DATA,4.638466243613535,0.1115337563864651,0.1643896061572085
SYNTHETIC DATA,3.605268239025512,1.3947317609744876,2.0556951752534136
SYNTHETIC DATA,3.8777923920021657,0.3722076079978342,0.5485968021687274
SYNTHETIC DATA,2.330252655539141,-1.080252655539141,-1.5921844143672013
SYNTHETIC DATA,2.8729689734758344,1.1270310265241656,1.6611310564605466
SYNTHETIC DATA,3.6585961422570414,0.0914038577429576,0.1347201480738234
SYNTHETIC DATA,3.8284766411606346,0.6715233588393654,0.9897582943630272
SYNTHETIC DATA,4.611884393448207,-0.3618843934482072,-0.5333814160016074
SYNTHETIC DATA,3.2559113289218264,0.4940886710781735,0.7282373039050276
SYNTHETIC DATA,3.675736871056453,0.9909297956102144,1.4605314490203474
SYNTHETIC DATA,4.650819404434682,0.0991805955653175,0.1461822821328243
SYNTHETIC DATA,4.113751009676849,0.1362489903231507,0.2008173900368885
SYNTHETIC DATA,4.801820472179879,0.1981795278201215,0.2920968107080164
SYNTHETIC DATA,3.242431062914053,0.5075689370859471,0.7481058682904481
SYNTHETIC DATA,3.75164322051848,0.9150234461481874,1.3486530787657225
SYNTHETIC DATA,3.859414799121871,-0.1094147991218705,-0.1612664749951622
SYNTHETIC DATA,3.97380177888012,0.7761982211198797,1.1440385763364045
SYNTHETIC DATA,3.3753626497640967,-0.1253626497640967,-0.1847720124312499
SYNTHETIC DATA,2.9553278971733485,0.0446721028266514,0.0658422134052567
SYNTHETIC DATA,2.6084061901141258,0.6415938098858742,0.9456451314576274
SYNTHETIC DATA,3.072364403135032,0.6776355968649681,0.9987671221324996
SYNTHETIC DATA,3.484653366289128,0.2653466337108718,0.391094409657709
SYNTHETIC DATA,4.111065807284116,-0.861065807284116,-1.269124913576856
SYNTHETIC DATA,4.080638484983452,-0.080638484983452,-0.1188530649107799
SYNTHETIC DATA,3.366333024071789,0.633666975928211,0.9339617707012782
SYNTHETIC DATA,4.824644865393196,-0.3246448653931955,-0.4784940747268129
SYNTHETIC DATA,4.918914784751461,0.0810852152485388,0.1195115006589821
SYNTHETIC DATA,4.00213770681527,0.2478622931847303,0.3653242397456362
SYNTHETIC DATA,3.0855178026151617,-0.0855178026151617,-0.1260446912827401
SYNTHETIC DATA,4.3847458833959925,0.2819207832706745,0.4155230490831203
SYNTHETIC DATA,2.5748047822299096,0.9251952177700904,1.3636452531981136
SYNTHETIC DATA,4.268747541904639,-0.0187475419046387,-0.0276320024535041
SYNTHETIC DATA,4.719301528388963,-0.4693015283889634,-0.6917035337133131
SYNTHETIC DATA,4.085684844848223,-0.085684844848223,-0.1262908948339718
SYNTHETIC DATA,2.7590009945125167,-0.2590009945125167,-0.3817415718942357
SYNTHETIC DATA,3.705948483688216,-0.0392818170215494,-0.0578974710305343
SYNTHETIC DATA,3.449621830602658,0.3003781693973422,0.442727390928659
SYNTHETIC DATA,3.096961866607805,-0.4302951999411384,-0.6342121052980606
SYNTHETIC DATA,4.229316191256398,0.0206838087436018,0.030485866192922
SYNTHETIC DATA,4.533099248635093,-0.2830992486350929,-0.4172599892114111
SYNTHETIC DATA,2.549493957215133,0.7005060427848671,1.0324758729109156
SYNTHETIC DATA,3.685063495684305,0.5649365043156949,0.832659926977562
SYNTHETIC DATA,2.979971747337934,-0.4799717473379341,-0.7074303696727746
SYNTHETIC DATA,3.826922427185108,-0.0769224271851078,-0.1133759672345346
SYNTHETIC DATA,4.595404320986444,-0.3454043209864439,-0.5090914368132055
SYNTHETIC DATA,4.15503773934932,-0.1550377393493196,-0.2285101276677835
SYNTHETIC DATA,4.201214292976553,0.5487857070234474,0.8088552664692419
SYNTHETIC DATA,4.214888412583303,-0.2148884125833028,-0.3167240363528517
SYNTHETIC DATA,4.679628844973957,-0.6796288449739567,-1.001704970567146
SYNTHETIC DATA,2.729527045544454,-0.0628603788777875,-0.0926499139041496
SYNTHETIC DATA,3.7671598471429104,0.4828401528570896,0.7116581126348178
SYNTHETIC DATA,3.283189812049758,-0.7831898120497578,-1.1543434823721384
SYNTHETIC DATA,3.496220801948825,0.2537791980511747,0.3740451659672381
SYNTHETIC DATA,3.770370075719807,0.7296299242801934,1.0754015625308062
SYNTHETIC DATA,3.051641180267337,-0.384974513600671,-0.5674139446365595
SYNTHETIC DATA,3.9228664550851633,0.4104668782481697,0.6049871414891566
SYNTHETIC DATA,4.489462877981515,0.2605371220184853,0.3840056702613565
SYNTHETIC DATA,4.380689144420298,-0.1306891444202982,-0.1926227330301098
SYNTHETIC DATA,2.8851644316142093,0.3648355683857907,0.5377311528114154
SYNTHETIC DATA,4.533210859949859,-0.7832108599498593,-1.1543745048725922
SYNTHETIC DATA,3.21908054303171,0.4475861236349563,0.6596971981364294
SYNTHETIC DATA,3.838235815942834,-1.0882358159428338,-1.6039507946736762
SYNTHETIC DATA,3.608468973420016,-0.8584689734200159,-1.2652974400835764
SYNTHETIC DATA,3.0565491119557584,0.6934508880442416,1.0220772801730282
SYNTHETIC DATA,4.037161200102807,0.2128387998971925,0.3137031121666618
SYNTHETIC DATA,4.589851891640638,0.4101481083593619,0.6045173065425569
SYNTHETIC DATA,3.3999088976483285,0.8500911023516715,1.252949295719202
SYNTHETIC DATA,3.51311160426663,-0.2631116042666299,-0.3878001997073546
SYNTHETIC DATA,2.6915707074371014,-1.6915707074371014,-2.4932061054154637
SYNTHETIC DATA,3.860154912626169,0.3898450873738315,0.5745926834351986
SYNTHETIC DATA,2.9273106584078343,-0.1773106584078343,-0.2613381835911733
SYNTHETIC DATA,3.6434459867943896,-0.6434459867943896,-0.9483750550465836
SYNTHETIC DATA,3.39156833148728,0.1084316685127197,0.1598174387672475
SYNTHETIC DATA,4.348367577054754,0.1516324229452461,0.223491031739851
SYNTHETIC DATA,3.464601415183289,0.7853985848167109,1.15759899260522
SYNTHETIC DATA,3.644753081948359,0.1052469180516411,0.1551234349878747
SYNTHETIC DATA,4.191716690050104,0.8082833099498963,1.1913287895164344
SYNTHETIC DATA,4.732380810777583,0.2676191892224171,0.3944439292795429
SYNTHETIC DATA,3.696042691333588,0.5539573086664125,0.8164776902522551
SYNTHETIC DATA,3.6144340031952376,0.8855659968047624,1.305235743486686
SYNTHETIC DATA,3.516203066973105,0.2337969330268952,0.3445933050786998
SYNTHETIC DATA,3.974798222636125,-0.7247982226361249,-1.0682801173641487
SYNTHETIC DATA,4.137054758804314,-0.6370547588043136,-0.9389550239619228
SYNTHETIC DATA,3.2829530420072497,0.9670469579927504,1.4253305340951157
SYNTHETIC DATA,4.21822437256612,0.2817756274338805,0.4153091038918609
SYNTHETIC DATA,2.539624881190177,0.2103751188098228,0.3100718925541318
SYNTHETIC DATA,4.290691692744072,-0.2906916927440717,-0.4284504927619316
SYNTHETIC DATA,3.813545938531812,-1.5635459385318118,-2.304510395519493
SYNTHETIC DATA,3.2027250960269145,0.0472749039730855,0.0696784820761087
SYNTHETIC DATA,3.763956166142372,-1.5139561661423722,-2.231420028830159
SYNTHETIC DATA,3.708539186370167,0.2914608136298331,0.429584100053517
SYNTHETIC DATA,3.8434185846189015,0.6565814153810985,0.9677353635489993
SYNTHETIC DATA,4.428337329164333,0.5716626708356669,0.8425736239693024
SYNTHETIC DATA,2.0660230845499545,-1.0660230845499543,-1.57121144935208
SYNTHETIC DATA,3.809333125572723,-0.3093331255727229,-0.4559261010458459
SYNTHETIC DATA,3.79113325171264,0.9588667482873596,1.4132737228182406
SYNTHETIC DATA,3.812682317537255,0.6873176824627452,1.013037548322432
SYNTHETIC DATA,4.2502565000869845,0.4997434999130155,0.7365719562574959
SYNTHETIC DATA,3.6724449579373584,-0.4224449579373583,-0.6226416334243383
SYNTHETIC DATA,3.009134752017617,-0.0091347520176174,-0.0134637112132819
SYNTHETIC DATA,3.6193270076197703,0.1306729923802292,0.1925989265378728
SYNTHETIC DATA,3.890945559375131,-1.1409455593751314,-1.6816396867563463
SYNTHETIC DATA,3.422482670974558,0.8275173290254418,1.2196778106835622
SYNTHETIC DATA,3.435045529220885,-0.185045529220885,-0.2727386098641702
SYNTHETIC DATA,4.325426902756181,0.6745730972438189,0.9942533038689696
SYNTHETIC DATA,3.644508795654085,1.1054912043459146,1.6293835120461932
SYNTHETIC DATA,4.644804225495234,0.3551957745047662,0.5235230603837979
SYNTHETIC DATA,3.810340109681728,-0.0603401096817282,-0.0889352890768932
SYNTHETIC DATA,3.940223361933721,1.0597766380662792,1.562004811733103
SYNTHETIC DATA,2.188457810992444,-0.4384578109924439,-0.6462429779182661
SYNTHETIC DATA,3.3194668708190846,-1.0694668708190846,-1.5762872460150228
SYNTHETIC DATA,3.5619725204136845,1.4380274795863155,2.1195087359321194
SYNTHETIC DATA,2.7301830561260405,0.2698169438739595,0.3976831999120621
SYNTHETIC DATA,3.024807794240279,0.4751922057597211,0.7003858032284063
SYNTHETIC DATA,3.3999364940628847,-0.1499364940628846,-0.2209914021203121
SYNTHETIC DATA,2.1300078878051005,1.8699921121948997,2.756181418077932
SYNTHETIC DATA,3.1012228418308045,1.1487771581691957,1.6931826804028305
SYNTHETIC DATA,2.9286876339809584,-0.4286876339809584,-0.6318427137916001
SYNTHETIC DATA,2.240393028261783,-0.4903930282617832,-0.7227902958711634
SYNTHETIC DATA,3.1626783534341514,0.3373216465658486,0.4971783827948809
SYNTHETIC DATA,3.950084801334324,0.7999151986656763,1.1789950300981105
SYNTHETIC DATA,3.748736170175866,-0.7487361701758659,-1.1035622588051186
SYNTHETIC DATA,2.8053435614911857,-0.0553435614911856,-0.0815708765815164
SYNTHETIC DATA,3.472639718359795,-0.2226397183597948,-0.3281486861188507
SYNTHETIC DATA,3.777406402751184,0.4725935972488155,0.6965557140831583
SYNTHETIC DATA,3.998981017636523,0.6676856490301439,0.984101893785093
SYNTHETIC DATA,2.637711564634808,0.1122884353651918,0.1655019275216763
SYNTHETIC DATA,3.66089136877544,-0.6608913687754399,-0.9740878039581315
SYNTHETIC DATA,3.710137161997936,0.289862838002064,0.4272288437382222
SYNTHETIC DATA,4.661754339607207,0.3382456603927926,0.4985402867961127
SYNTHETIC DATA,4.572549948043225,0.1774500519567752,0.2615436357462307
SYNTHETIC DATA,3.954188387509221,1.0458116124907786,1.5414217602094251
SYNTHETIC DATA,4.247783036311743,0.2522169636882569,0.3717425887030469
SYNTHETIC DATA,4.397810779274873,0.6021892207251272,0.8875667065682465
SYNTHETIC DATA,4.53435233714032,-0.7843523371403203,-1.1560569281304185
SYNTHETIC DATA,3.806960664348888,-0.3069606643488876,-0.4524293303923214
SYNTHETIC DATA,3.2238687468189653,1.2761312531810347,1.880889884031494
SYNTHETIC DATA,2.859534172646085,0.8904658273539146,1.312457603848146
SYNTHETIC DATA,2.726394437299436,0.0236055627005637,0.034792239418701
SYNTHETIC DATA,3.571043971101525,-1.2377106377681917,-1.824261738072256
SYNTHETIC DATA,3.201233616919768,0.7987663830802321,1.177301790779746
SYNTHETIC DATA,3.129359105131782,-0.1293591051317819,-0.1906623880915317
SYNTHETIC DATA,3.3373994347448623,-0.0873994347448623,-0.128818028922893
SYNTHETIC DATA,2.9526555366467395,0.5473444633532605,0.806731017389908
SYNTHETIC DATA,4.176041151919661,0.0739588480803385,0.1090079479224201
SYNTHETIC DATA,4.239333494287641,-0.4893334942876413,-0.721228648721794
SYNTHETIC DATA,3.6116461157916135,0.8883538842083865,1.3093448107963566
SYNTHETIC DATA,3.092863384775556,-0.0928633847755553,-0.1368713450014438
SYNTHETIC DATA,3.569208380045606,0.4307916199543942,0.6349437787672559
SYNTHETIC DATA,3.544035340848762,0.7059646591512378,1.0405213277014966
SYNTHETIC DATA,3.7492307716502977,0.0007692283497022,0.0011337656826903
SYNTHETIC DATA,3.1632904794691368,-0.4132904794691368,-0.6091488473950478
SYNTHETIC DATA,3.673558715485314,0.576441284514686,0.849616822783027
SYNTHETIC DATA,3.067435369134592,0.182564630865408,0.2690820137197727
SYNTHETIC DATA,3.5854445045758525,0.7478888287574805,1.1023133622686618
SYNTHETIC DATA,3.961759994988312,0.5382400050116876,0.7933119560264595
SYNTHETIC DATA,2.823220573501605,-1.073220573501605,-1.5818198284869394
SYNTHETIC DATA,2.949949728471159,-0.4499497284711591,-0.6631809153600142
SYNTHETIC DATA,4.414060807868948,0.5859391921310522,0.8636157890418327
SYNTHETIC DATA,3.547570958684655,-0.0475709586846551,-0.0701148371224434
SYNTHETIC DATA,3.766683555255662,-1.016683555255662,-1.4984899159665594
SYNTHETIC DATA,4.773325799245897,0.2266742007541031,0.3340951098145653
SYNTHETIC DATA,3.0317986161067503,-0.0317986161067502,-0.0468679810264805
SYNTHETIC DATA,4.878900189098181,-1.3789001890981814,-2.0323610210931458
SYNTHETIC DATA,3.4601293037014558,-0.4601293037014553,-0.6781845915309994
SYNTHETIC DATA,3.673551057330136,-0.4235510573301364,-0.6242719133453289
SYNTHETIC DATA,3.657580844770516,1.3424191552294844,1.978591624417373
SYNTHETIC DATA,3.155162617222026,-0.9051626172220262,-1.3341192027798872
SYNTHETIC DATA,2.7650234704176078,1.234976529582393,1.8202319359530008
SYNTHETIC DATA,3.8931062750838334,-0.1431062750838343,-0.2109243422066927
SYNTHETIC DATA,4.807901340670431,-0.3079013406704307,-0.4538157932447342
SYNTHETIC DATA,4.165691316724378,0.3343086832756219,0.492737576130661
SYNTHETIC DATA,3.1520044935369245,-0.9020044935369244,-1.3294644442062522
SYNTHETIC DATA,4.807412838928202,0.1925871610717981,0.2838542212263347
SYNTHETIC DATA,4.288106634039517,-0.0381066340395168,-0.0561653688057192
SYNTHETIC DATA,3.328275364834241,-1.3282753648342411,-1.9577450914216787
SYNTHETIC DATA,4.130830577246939,-0.8808305772469387,-1.2982562084892055
SYNTHETIC DATA,4.104468148190008,0.6455318518099924,0.951449411542064
SYNTHETIC DATA,3.218401307912435,0.0315986920875648,0.0465733130099081
SYNTHETIC DATA,2.910368289770969,1.339631710229031,1.9744832091657456
SYNTHETIC DATA,3.922719363078136,0.0772806369218641,0.1139039325739517
SYNTHETIC DATA,3.6722582440425646,0.6610750892907684,0.9743585896299888
SYNTHETIC DATA,4.849677744305905,-0.5996777443059047,-0.8838650414149765
SYNTHETIC DATA,3.803926444817313,0.4460735551826871,0.6574678234591094
SYNTHETIC DATA,3.659251685591256,0.0074149810754109,0.0109289407811775
SYNTHETIC DATA,4.525238497066416,0.4747615029335845,0.6997509903228492
SYNTHETIC DATA,2.833928812039135,-0.5839288120391348,-0.860652689777145
SYNTHETIC DATA,3.812034543075521,-0.3120345430755211,-0.4599077203666588
SYNTHETIC DATA,4.516767388450104,0.2332326115498961,0.3437615516404987
SYNTHETIC DATA,3.234931839031169,-0.234931839031169,-0.3462660430650505
SYNTHETIC DATA,3.493583768375108,-0.7435837683751081,-1.0959681336699856
SYNTHETIC DATA,3.623963747384123,-1.6239637473841229,-2.393560205405733
SYNTHETIC DATA,4.5207959139744665,0.2292040860255335,0.337823907775537
SYNTHETIC DATA,2.8086032170208712,-0.0586032170208712,-0.0863752829432679
SYNTHETIC DATA,2.5924097357162768,-0.8424097357162768,-1.241627729254909
SYNTHETIC DATA,4.7232624831082,0.2767375168918002,0.4078834326455766
SYNTHETIC DATA,4.67760765310158,0.07239234689842,0.1066990817936034
SYNTHETIC DATA,4.47041198437003,-0.9704119843700304,-1.4302902465516107
SYNTHETIC DATA,4.487777616731315,-1.2377776167313153,-1.8243604583675768
SYNTHETIC DATA,4.343700112021491,-0.3437001120214908,-0.5065796031797405
SYNTHETIC DATA,4.134889770864709,0.3651102291352908,0.5381359752965537
SYNTHETIC DATA,3.029531010551917,0.2204689894480824,0.3249492487249016
SYNTHETIC DATA,3.4351498969608825,0.0648501030391175,0.0955825683922596
SYNTHETIC DATA,3.869706216986168,0.3802937830138324,0.5605150157146984
SYNTHETIC DATA,3.344063910003832,-0.0940639100038316,-0.1386407991635927
SYNTHETIC DATA,4.270158739010109,-0.7701587390101094,-1.135136983512986
SYNTHETIC DATA,3.752868352195004,0.7471316478049963,1.101197353245014
SYNTHETIC DATA,3.123354279757807,0.3766457202421929,0.5551381359099098
SYNTHETIC DATA,3.3852773973128776,-0.1352773973128775,-0.1993853590762305
SYNTHETIC DATA,3.6118946268862335,-0.3618946268862344,-0.5333964990661559
SYNTHETIC DATA,4.428951398165115,0.2377152685015522,0.3503685398268129
SYNTHETIC DATA,3.893688430801699,-0.6436884308016988,-0.9487323932746502
SYNTHETIC DATA,2.6153353172153384,-0.3653353172153384,-0.5384677326230216
SYNTHETIC DATA,4.291024187721836,-0.7910241877218356,-1.165890568859192
SYNTHETIC DATA,4.46465310314752,0.2853468968524799,0.4205727979718003
SYNTHETIC DATA,4.260315228816709,-0.0103152288167089,-0.0152036159951845
SYNTHETIC DATA,3.0772894332924894,1.1727105667075106,1.728458131809492
SYNTHETIC DATA,4.734072328025356,0.2659276719746444,0.3919508019683281
SYNTHETIC DATA,3.774624167594003,0.9753758324059972,1.4376064622883906
SYNTHETIC DATA,4.671149392603288,-0.4211493926032883,-0.6207320996480282
SYNTHETIC DATA,3.964163445214216,-0.4641634452142162,-0.6841305128013934
SYNTHETIC DATA,1.9952136017130424,0.0047863982869573,0.0070546725475476
SYNTHETIC DATA,3.699201803195679,0.0507981968043211,0.074871463462806
SYNTHETIC DATA,2.8197155702382144,0.1802844297617856,0.2657212252595965
SYNTHETIC DATA,3.799074967714607,-0.0490749677146067,-0.0723315960670085
SYNTHETIC DATA,3.465875429179712,-0.7158754291797114,-1.0551288118792028
SYNTHETIC DATA,3.215872223689454,-0.2158722236894541,-0.3181740755653114
SYNTHETIC DATA,4.373632540743974,0.6263674592560262,0.9232030129067272
SYNTHETIC DATA,3.542417977418328,0.207582022581672,0.3059551479578688
SYNTHETIC DATA,2.483614959871692,-0.4836149598716921,-0.7128001007118356
SYNTHETIC DATA,3.8347430265603473,0.1652569734396527,0.2435722570335083
SYNTHETIC DATA,4.315996361706877,0.1840036382931229,0.2712029668012745
SYNTHETIC DATA,4.644282671915284,-0.6442826719152839,-0.949608245265918
SYNTHETIC DATA,3.2972389714073143,0.4527610285926857,0.6673244906751514
SYNTHETIC DATA,4.436506234058221,-0.1865062340582213,-0.2748915427582226
SYNTHETIC DATA,2.645346597395323,-0.1453465973953229,-0.2142263533142063
SYNTHETIC DATA,3.753834878408136,0.4961651215918645,0.731297784365919
SYNTHETIC DATA,3.500871860862874,0.499128139137126,0.7356649759954618
SYNTHETIC DATA,3.914772637500498,-1.414772637500498,-2.0852334236357293
SYNTHETIC DATA,3.5569137743916763,0.4430862256083236,0.6530647983293023
SYNTHETIC DATA,5.011894379684432,-0.0118943796844321,-0.0175311264962056
SYNTHETIC DATA,4.34782485053722,0.4021751494627796,0.5927659622376518
SYNTHETIC DATA,4.558415016127897,-1.5584150161278971,-2.296947928867872
SYNTHETIC DATA,3.810474154350389,-1.310474154350389,-1.9315078868714952
SYNTHETIC DATA,3.808702191802129,-0.0587021918021291,-0.0865211618756881
SYNTHETIC DATA,4.564412624268528,-0.0644126242685274,-0.0949377684220133
SYNTHETIC DATA,3.1284758526491987,0.3715241473508013,0.5475894495050155
SYNTHETIC DATA,2.571523125166547,-0.5715231251665469,-0.8423679476043093
SYNTHETIC DATA,2.9074894199180186,0.0925105800819814,0.1363513461553002
SYNTHETIC DATA,3.239600406727845,1.4270662599388215,2.103352994036271
SYNTHETIC DATA,4.003465567311578,-0.2534655673115784,-0.3735829056127819
SYNTHETIC DATA,3.221428624453614,-0.4714286244536141,-0.6948386606529533
SYNTHETIC DATA,3.151164652214737,-0.1511646522147369,-0.2228015844491686
SYNTHETIC DATA,3.713939933055496,0.9527267336111712,1.4042239550428175
SYNTHETIC DATA,4.630340541049979,0.3696594589500206,0.5448410852273156
SYNTHETIC DATA,2.610008882673968,0.8899911173260326,1.3117579287269032
SYNTHETIC DATA,4.433765134858755,-0.9337651348587546,-1.376276454196347
SYNTHETIC DATA,3.3300345151303543,-0.8300345151303543,-1.223387891342705
SYNTHETIC DATA,3.972591807013848,-1.3059251403471812,-1.9248030950253407
SYNTHETIC DATA,4.119766550308572,0.1302334496914277,0.1919510845585262
SYNTHETIC DATA,3.476660771922954,0.5233392280770461,0.7713497005525699
SYNTHETIC DATA,2.7640588800758707,0.2359411199241292,0.347753622196886
SYNTHETIC DATA,4.28073707647755,0.0525962568557831,0.0775216242148804
SYNTHETIC DATA,3.3600537402263164,-1.1100537402263164,-1.6361082337874615
SYNTHETIC DATA,2.830913444151792,-1.580913444151792,-2.330108362460632
SYNTHETIC DATA,4.675798098453469,-0.6757980984534688,-0.99605883318064
SYNTHETIC DATA,4.03928779515558,0.2107122048444196,0.31056872366844
SYNTHETIC DATA,3.663975398914472,0.3360246010855277,0.4952666674309768
SYNTHETIC DATA,1.7242099533868993,0.7757900466131007,1.1434369679212777
SYNTHETIC DATA,3.446185705730887,-0.4461857057308869,-0.6576331221547348
SYNTHETIC DATA,2.7211597543422235,1.6121735789911096,2.3761826759343974
SYNTHETIC DATA,4.034624518970121,-0.2846245189701211,-0.4195080851940277
SYNTHETIC DATA,4.364285874378209,-0.6142858743782087,-0.9053959646715948
SYNTHETIC DATA,3.635449627566616,-0.6354496275666159,-0.936589220992986
SYNTHETIC DATA,3.5460727340994374,0.4539272659005626,0.6690434078706184
SYNTHETIC DATA,3.828287623087496,-0.3282876230874962,-0.4838631353779873
SYNTHETIC DATA,3.830495916847949,-0.0804959168479491,-0.1186429337325141
SYNTHETIC DATA,2.4710356597163257,0.7789643402836743,1.1481155594368793
SYNTHETIC DATA,3.2434947128324865,-0.7434947128324865,-1.0958368747036242
SYNTHETIC DATA,3.1871609169454262,-0.1871609169454262,-0.2758564798810481
SYNTHETIC DATA,3.555036548217505,-0.555036548217505,-0.8180683814519548
SYNTHETIC DATA,3.380103470092486,-0.3801034700924859,-0.5602345134954565
SYNTHETIC DATA,3.851625423729274,-0.3516254237292746,-0.5182607202919566
SYNTHETIC DATA,3.146670941453665,0.3533290585463349,0.520771707688829
SYNTHETIC DATA,4.845666461271806,0.1543335387281939,0.2274722063557692
SYNTHETIC DATA,3.7752433619854022,-0.5252433619854027,-0.7741562035648123
SYNTHETIC DATA,3.941346913866549,-0.2746802471998819,-0.4048512227983463
SYNTHETIC DATA,4.35053728099848,-0.6005372809984797,-0.8851319125663476
SYNTHETIC DATA,4.836480182672238,0.1635198173277618,0.241011862599398
SYNTHETIC DATA,3.6422506738297393,-0.3922506738297393,-0.5781382773690527
SYNTHETIC DATA,3.236575271497036,0.0134247285029642,0.019786707655778
SYNTHETIC DATA,3.3570701248792645,1.1429298751207355,1.684564369780391
SYNTHETIC DATA,2.396691074418578,0.1033089255814219,0.1522670278405079
SYNTHETIC DATA,3.311685411158618,-0.061685411158618,-0.0909181289552735
SYNTHETIC DATA,4.45717166708754,0.5428283329124604,0.8000746926271584
SYNTHETIC DATA,4.2524689364853705,-1.2524689364853705,-1.8460139948980816
SYNTHETIC DATA,4.393603051668722,-0.3936030516687223,-0.5801315470976882
SYNTHETIC DATA,3.515693839965279,-0.8490271732986123,-1.2513811706629134
SYNTHETIC DATA,4.110081249510266,-0.8600812495102659,-1.2676737738508577
SYNTHETIC DATA,3.276315717123436,-0.7763157171234356,-1.1442117536988046
SYNTHETIC DATA,4.387093085667797,0.6129069143322026,0.9033635154274036
SYNTHETIC DATA,3.6978325185216505,0.0521674814783494,0.0768896521760118
SYNTHETIC DATA,2.6436513500870342,0.8563486499129658,1.262172295216743
SYNTHETIC DATA,3.722178292575234,-0.7221782925752338,-1.0644186023858764
SYNTHETIC DATA,4.571538222233976,0.0951284444326914,0.1402098164832881
SYNTHETIC DATA,1.8341207368044847,0.9158792631955152,1.3499144675318766
SYNTHETIC DATA,3.8407377270964727,-0.5907377270964727,-0.8706883498400521
SYNTHETIC DATA,3.3922741889739254,0.3577258110260746,0.5272520812719682
SYNTHETIC DATA,3.1543615558052647,-0.1543615558052646,-0.2275135007263218
SYNTHETIC DATA,4.3689794571124585,-0.3689794571124585,-0.5438388305029639
SYNTHETIC DATA,4.00681296534986,-0.2568129653498596,-0.3785166356600131
SYNTHETIC DATA,3.9616627270405256,0.2883372729594744,0.4249803133861238
SYNTHETIC DATA,3.282452131396038,-0.0324521313960382,-0.0478311972267087
SYNTHETIC DATA,3.1972989747127176,-0.4472989747127176,-0.6592739693331985
SYNTHETIC DATA,2.398196104301336,-0.398196104301336,-0.5869012474807582
SYNTHETIC DATA,4.75410528413514,0.2458947158648596,0.3624242274876734
SYNTHETIC DATA,3.1632553775753767,1.086744622424623,1.6017529245121676
SYNTHETIC DATA,2.888853213654417,0.6111467863455831,0.9007692627465912
SYNTHETIC DATA,2.965403332875135,1.7845966671248652,2.6303170695838287
SYNTHETIC DATA,3.859205927440661,-0.6092059274406605,-0.8979086307610477
SYNTHETIC DATA,3.630485728475967,0.6195142715240332,0.913102099347606
SYNTHETIC DATA,4.191750925904643,0.0582490740953574,0.0858533116770366
SYNTHETIC DATA,4.423533312571026,0.0764666874289741,0.1127042523972667
SYNTHETIC DATA,3.8061433532204494,-1.3061433532204505,-1.9251247189843763
SYNTHETIC DATA,3.342330618613493,-1.342330618613493,-1.978461130296984
SYNTHETIC DATA,3.0771925626674745,0.9228074373325256,1.3601259035551134
SYNTHETIC DATA,3.82391216505819,-0.0739121650581902,-0.1089391418149793
SYNTHETIC DATA,2.3655982336521384,-0.3655982336521384,-0.5388552451653953
SYNTHETIC DATA,4.025389085998705,-0.2753890859987047,-0.4058959803205772
SYNTHETIC DATA,4.200424771160788,0.5495752288392124,0.8100189426920387
SYNTHETIC DATA,3.4044446156995365,-0.4044446156995365,-0.5961109285773025
SYNTHETIC DATA,3.912317915990384,-0.4123179159903838,-0.6077153860608747
SYNTHETIC DATA,3.473668926537494,0.5263310734625062,0.7757593815364583
SYNTHETIC DATA,3.618249935366099,0.6317500646339012,0.9311364350995792
SYNTHETIC DATA,3.7718239143638135,-1.105157247697147,-1.628891293333732
SYNTHETIC DATA,4.339283932206278,0.3273827344603885,0.4825294200092434
SYNTHETIC DATA,3.127591506574985,0.8724084934250151,1.285842898946293
SYNTHETIC DATA,2.8334056240927623,1.6665943759072377,2.4563934897870667
SYNTHETIC DATA,2.8841296635588964,-0.3841296635588964,-0.566168720140148
SYNTHETIC DATA,2.478496939186688,-1.2284969391866882,-1.8106816675166089
SYNTHETIC DATA,4.271842701882295,-0.5218427018822949,-0.7691439705589824
SYNTHETIC DATA,3.3821093444276253,-0.1321093444276253,-0.1947159658542604
SYNTHETIC DATA,4.041307525806416,-0.2913075258064159,-0.4293581691269827
SYNTHETIC DATA,4.442586515897327,-0.692586515897327,-1.0208032820453925
SYNTHETIC DATA,3.976260075925147,-0.2262600759251469,-0.3334847312194417
SYNTHETIC DATA,3.90754531750948,-1.15754531750948,-1.706106070660382
SYNTHETIC DATA,4.601473207740964,0.3985267922590365,0.5873886484693788
SYNTHETIC DATA,3.3542423496100717,-0.3542423496100713,-0.5221178074091173
SYNTHETIC DATA,3.576843139209395,0.1731568607906051,0.2552159011855937
SYNTHETIC DATA,2.976087983135734,-0.7260879831357339,-1.0701810953948103
SYNTHETIC DATA,4.675357741790546,0.3246422582094537,0.4784902319986346
SYNTHETIC DATA,4.027471457168837,0.2225285428311627,0.3279848245045891
SYNTHETIC DATA,3.8465794096085335,0.1534205903914665,0.2261266117808275
SYNTHETIC DATA,4.569629476457516,-0.319629476457516,-0.4711018928567363
SYNTHETIC DATA,4.364733489164342,0.3852665108356579,0.5678443193680638
SYNTHETIC DATA,4.196902030913596,-0.6969020309135958,-1.0271639197292142
SYNTHETIC DATA,2.696055004886874,0.0539449951131261,0.0795095295640512
SYNTHETIC DATA,4.065990606198325,0.1840093938016753,0.2712114498454651
SYNTHETIC DATA,4.170251395529165,-0.4202513955291653,-0.6194085417393903
SYNTHETIC DATA,2.9940479829864928,-0.9940479829864928,-1.4651273454674698
SYNTHETIC DATA,3.358165247613288,0.1418347523867118,0.2090502448735441
SYNTHETIC DATA,3.2592319092873114,-0.5092319092873114,-0.7505569230570914
SYNTHETIC DATA,3.786791259016903,0.713208740983097,1.0511983800835898
SYNTHETIC DATA,2.189361705205673,0.3106382947943271,0.4578497899922182
SYNTHETIC DATA,2.6491785892583457,-1.1491785892583457,-1.693774349694556
SYNTHETIC DATA,2.711201940329692,-0.7112019403296919,-1.0482405565534094
SYNTHETIC DATA,3.630573648377128,0.1194263516228724,0.1760225024614946
SYNTHETIC DATA,3.385482788915455,1.1145172110845452,1.6426869435902225
SYNTHETIC DATA,4.2084332076084765,0.7915667923915235,1.1666903138945872
SYNTHETIC DATA,3.911730807489492,0.8382691925105084,1.2355249825266923
SYNTHETIC DATA,3.3313767637476226,-0.3313767637476226,-0.4884162198694912
SYNTHETIC DATA,3.482578333365944,1.017421666634056,1.499577818344508
SYNTHETIC DATA,2.4322959687815766,1.8177040312184236,2.6791140142988
SYNTHETIC DATA,3.931178847942133,-0.4311788479421325,-0.635514514107477
SYNTHETIC DATA,3.889208438904092,-0.3892084389040917,-0.5736543272406985
SYNTHETIC DATA,4.120508086073181,-0.8705080860731806,-1.2830418885057957
SYNTHETIC DATA,4.316210082383424,0.6837899176165765,1.0078379756328195
SYNTHETIC DATA,4.358391067506326,-0.1083910675063259,-0.1597575969429703
SYNTHETIC DATA,3.9688340272327314,0.0311659727672686,0.0459355279935618
SYNTHETIC DATA,4.124502638664223,0.1254973613357775,0.1849705638199137
SYNTHETIC DATA,3.978342038305816,-0.4783420383058159,-0.7050283414920643
SYNTHETIC DATA,3.475461923874817,-0.8087952572081507,-1.1920833485923978
SYNTHETIC DATA,4.052550740645438,0.2807825926878946,0.4138454699564324
SYNTHETIC DATA,4.013926730165861,-0.0139267301658607,-0.0205266079185098
SYNTHETIC DATA,3.191427245387827,1.058572754612173,1.5602304078818243
SYNTHETIC DATA,3.037783451491852,-1.3711167848251848,-2.020889061352395
SYNTHETIC DATA,3.3126876391818114,1.0206456941515216,1.5043297125782118
SYNTHETIC DATA,4.557051588181666,0.4429484118183344,0.6528616745810009
SYNTHETIC DATA,4.155517840346755,0.8444821596532446,1.2446822749442734
SYNTHETIC DATA,4.145586338707699,0.354413661292301,0.5223703037015787
SYNTHETIC DATA,3.120511332217977,0.5461553344486894,0.8049783602695358
SYNTHETIC DATA,3.2795989093571576,0.4704010906428424,0.6933241785451268
SYNTHETIC DATA,3.0754804792565973,1.6745195207434027,2.4680743609472
SYNTHETIC DATA,3.950879481292184,1.0491205187078156,1.5462987571604208
SYNTHETIC DATA,3.9876386160988746,0.2623613839011254,0.3866944498930196
SYNTHETIC DATA,3.858482900670374,0.3915170993296262,0.5770570618961091
SYNTHETIC DATA,3.605721345937895,1.3942786540621048,2.055027340964612
SYNTHETIC DATA,2.5285444417350287,-0.5285444417350287,-0.7790216650853068
SYNTHETIC DATA,3.9543079788555904,0.7956920211444096,1.1727704886503407
SYNTHETIC DATA,2.8994563130763638,0.1005436869236366,0.1481913425178609
SYNTHETIC DATA,4.149853646836879,-0.3998536468368785,-0.5893442994628192
SYNTHETIC DATA,4.076276663070676,0.1737233369293243,0.2560508303797547
SYNTHETIC DATA,4.61615423244633,0.1338457675536704,0.1972752799405154
SYNTHETIC DATA,2.564435149790778,-0.064435149790778,-0.0949709687897874
SYNTHETIC DATA,4.363081790723004,-0.1130817907230037,-0.166671254002186
SYNTHETIC DATA,4.733462269672748,0.2665377303272525,0.3928499669885634
SYNTHETIC DATA,3.4931472344445225,-0.7431472344445225,-1.095324726299444
SYNTHETIC DATA,3.3082482235130897,-0.3082482235130896,-0.4543270638746752
SYNTHETIC DATA,4.175855619136943,0.074144380863057,0.1092814046952258
SYNTHETIC DATA,4.46082428929613,0.0391757107038701,0.0577410809264151
SYNTHETIC DATA,3.337774246493899,-0.3377742464938991,-0.4978454698394631
SYNTHETIC DATA,2.814035550622767,-0.564035550622767,-0.8313320113083981
SYNTHETIC DATA,2.996581861510471,0.2534181384895291,0.3735130002708496
SYNTHETIC DATA,4.543842224408376,-0.293842224408376,-0.4330940614559352
SYNTHETIC DATA,2.343839896632217,-0.5938398966322169,-0.8752606375916352
SYNTHETIC DATA,3.0126143627421484,0.4873856372578515,0.7183577021998446
SYNTHETIC DATA,4.2017810648096425,0.2982189351903574,0.4395448955802779
SYNTHETIC DATA,4.29418312013954,-1.2941831201395404,-1.907496531165556
SYNTHETIC DATA,3.060426376899303,-0.560426376899303,-0.8260124500726286
SYNTHETIC DATA,3.929929064936245,-0.9299290649362444,-1.3706224706474752
SYNTHETIC DATA,4.203620242969847,0.5463797570301532,0.8053091367176255
SYNTHETIC DATA,3.616702087373648,-1.1167020873736484,-1.6459072328040405
SYNTHETIC DATA,4.804228939596929,0.1957710604030706,0.2885469705254662
SYNTHETIC DATA,4.292340934214081,0.7076590657859194,1.0430187136801443
SYNTHETIC DATA,2.527628470907833,0.4723715290921668,0.6962284078218588
SYNTHETIC DATA,4.494146215263669,0.5058537847363311,0.7455779052020715
SYNTHETIC DATA,2.7840877561199435,-0.2840877561199435,-0.4187169504165459
SYNTHETIC DATA,3.9098381172363896,-0.2431714505697231,-0.3584104067052199
SYNTHETIC DATA,2.9266633245259213,0.5733366754740787,0.8450409394451689
SYNTHETIC DATA,3.3211043388795134,-0.5711043388795134,-0.8417506984860161
SYNTHETIC DATA,3.326087373827408,0.423912626172592,0.6248048296707153
SYNTHETIC DATA,4.894519502751093,0.1054804972489069,0.1554677073722101
SYNTHETIC DATA,4.737160000718666,-0.0704933340519993,-0.1039001267146686
SYNTHETIC DATA,4.051650005167164,-0.051650005167164,-0.0761269438288034
SYNTHETIC DATA,3.764081932443745,-0.5140819324437453,-0.7577053723012546
SYNTHETIC DATA,3.6864966801819614,0.5635033198180386,0.8305475563128102
SYNTHETIC DATA,3.067118981985699,1.4328810180143008,2.1119233661002705
SYNTHETIC DATA,3.0072108774664983,-0.0072108774664982,-0.0106281124672081
SYNTHETIC DATA,2.9142823925106263,-0.1642823925106262,-0.2421358221793297
SYNTHETIC DATA,3.2972998506639675,-1.6306331839973007,-2.4033902881865177
SYNTHETIC DATA,3.554789745906746,0.6952102540932539,1.0246704098339834
SYNTHETIC DATA,2.481042394228371,-1.2310423942283708,-1.8144334137623208
SYNTHETIC DATA,2.1336989920596627,-0.467032325392996,-0.6883589553642679
SYNTHETIC DATA,4.147017220970989,0.352982779029011,0.5202613263001135
SYNTHETIC DATA,3.2629688819383604,-0.2629688819383604,-0.3875898412643665
SYNTHETIC DATA,3.5731254073341487,-0.3231254073341487,-0.4762545454579018
SYNTHETIC DATA,3.386055304902518,0.8639446950974818,1.273368106392582
SYNTHETIC DATA,3.956276350828839,0.5437236491711612,0.8013942992818828
SYNTHETIC DATA,2.639749188292595,0.360250811707405,0.5309736798354769
SYNTHETIC DATA,3.154269592592521,0.845730407407479,1.2465220673385526
SYNTHETIC DATA,3.357345321582408,0.6426546784175922,0.9472087456114392
SYNTHETIC DATA,3.668966428286193,-0.6689664282861933,-0.9859896343606612
SYNTHETIC DATA,3.4429368514410457,0.5570631485589543,0.8210553877428085
SYNTHETIC DATA,3.6097432242672896,0.3902567757327104,0.5751994709170182
SYNTHETIC DATA,3.605692694657457,-0.2723593613241237,-0.401430469051564
SYNTHETIC DATA,3.2071911652860687,-1.4571911652860687,-2.147754092735016
SYNTHETIC DATA,2.6217355618745173,0.3782644381254827,0.5575239642361037
SYNTHETIC DATA,2.684557429123086,-0.1845574291230858,-0.2720191991185617
SYNTHETIC DATA,2.6019983690501283,0.1480016309498717,0.2181396073326051
SYNTHETIC DATA,4.33938004134738,0.66061995865262,0.9736877725717336
SYNTHETIC DATA,2.943394432574201,0.556605567425799,0.8203809588999053
SYNTHETIC DATA,3.5685585166559863,-0.3185585166559863,-0.4695234051801119
SYNTHETIC DATA,2.8697569411093284,0.463576392224005,0.683265255385335
SYNTHETIC DATA,4.782358540351585,-0.5323585403515851,-0.7846432651258175
SYNTHETIC DATA,3.2319844247014573,-1.2319844247014573,-1.815821872498725
SYNTHETIC DATA,3.1304529636606584,-1.1304529636606584,-1.6661746496863823
SYNTHETIC DATA,3.043171390797211,-0.7931713907972111,-1.1690553315224117
SYNTHETIC DATA,4.145619627428657,0.1877137059046756,0.2766712355410672
SYNTHETIC DATA,2.705732992701201,1.294267007298799,1.907620172451557
SYNTHETIC DATA,3.6803871439481126,0.0696128560518873,0.1026023901696269
SYNTHETIC DATA,3.568302710756242,-0.3183027107562419,-0.4691463728584714
SYNTHETIC DATA,2.6110122966424885,0.1389877033575115,0.2048539792425473
SYNTHETIC DATA,3.705625979539788,0.2943740204602116,0.4338778756692241
SYNTHETIC DATA,3.5640034389224526,-0.8973367722557861,-1.322584689700368
SYNTHETIC DATA,3.780239023717983,0.2197609762820174,0.3239057081028118
SYNTHETIC DATA,4.417199863577455,-0.7505331969107885,-1.1062108965519213
SYNTHETIC DATA,4.732439268154075,0.2675607318459247,0.3943577689509581
SYNTHETIC DATA,3.5465301596731043,0.2034698403268957,0.2998942024359858
SYNTHETIC DATA,3.236758646042374,0.7632413539576262,1.124941449521687
SYNTHETIC DATA,4.704165405804014,0.2958345941959859,0.4360306153326811
SYNTHETIC DATA,2.346663573238568,0.1533364267614319,0.226002563004543
SYNTHETIC DATA,4.786428918186357,0.2135710818136429,0.3147824225005145
SYNTHETIC DATA,4.033553008604862,0.2997803247284709,0.4418462276571702
SYNTHETIC DATA,3.569548608220749,0.4304513917792509,0.6344423164519226
SYNTHETIC DATA,3.550722046712805,-0.3007220467128051,-0.4432342317119951
SYNTHETIC DATA,3.5959690091142726,-0.8459690091142726,-1.246873742399799
SYNTHETIC DATA,3.47328894247898,1.02671105752102,1.5132694517909513
SYNTHETIC DATA,3.8309932482843294,1.1690067517156706,1.7229990788060408
SYNTHETIC DATA,3.687043121604114,0.312956878395886,0.4612671504170042
SYNTHETIC DATA,3.893719191101475,-0.393719191101475,-0.5803027250103497
SYNTHETIC DATA,2.805038638113922,-0.0550386381139218,-0.0811214500086066
SYNTHETIC DATA,2.993218570614744,-0.2432185706147436,-0.3584798569406822
SYNTHETIC DATA,4.191268140306087,-0.4412681403060867,-0.6503851223596404
SYNTHETIC DATA,3.1077770263679634,0.3922229736320366,0.5780974500470081
SYNTHETIC DATA,3.594356737869948,0.4056432621300518,0.5978776135793875
SYNTHETIC DATA,4.541124407070958,-0.5411244070709582,-0.7975632762893543
SYNTHETIC DATA,4.141946413081797,0.8580535869182029,1.2646852019087995
SYNTHETIC DATA,4.237744901517772,-1.7377449015177715,-2.5612622511552927
SYNTHETIC DATA,3.7584529659298016,-0.2584529659298016,-0.3809338325533024
SYNTHETIC DATA,3.518643151173606,-0.518643151173606,-0.7644281526943094
SYNTHETIC DATA,2.71913021584474,-0.7191302158447401,-1.0599260420212224
SYNTHETIC DATA,3.655972212220554,-0.4059722122205533,-0.5983624531255025
SYNTHETIC DATA,3.8448462386907183,-0.5948462386907183,-0.8767438851752928
SYNTHETIC DATA,4.413948904862587,0.0860510951374129,0.1268307111438096
SYNTHETIC DATA,2.694191718720668,0.8058082812793321,1.1876808447007676
SYNTHETIC DATA,3.745706596191265,0.754293403808735,1.1117530655871075
SYNTHETIC DATA,3.7126741056804486,-0.2126741056804486,-0.3134603693567354
SYNTHETIC DATA,4.798969557953041,0.2010304420469593,0.296298773253902
SYNTHETIC DATA,3.956716759827977,0.5432832401720229,0.8007451804477104
SYNTHETIC DATA,3.802340717144887,0.530992616188446,0.7826300294696901
SYNTHETIC DATA,3.40991791688258,0.0900820831174202,0.132771984422204
SYNTHETIC DATA,3.713378590155011,1.2866214098449889,1.896351326184841
SYNTHETIC DATA,3.479415173233739,-0.1460818399004053,-0.2153100272597133
SYNTHETIC DATA,4.541640552541671,0.4583594474583288,0.6755760003726928
SYNTHETIC DATA,2.1631003564844185,0.3368996435155815,0.4965563924891822
SYNTHETIC DATA,4.346459110730821,-0.5964591107308213,-0.8791210973130763
SYNTHETIC DATA,2.094453377151032,0.6555466228489681,0.9662101828115918
SYNTHETIC DATA,4.477910841929925,0.0220891580700746,0.0325572105982126
SYNTHETIC DATA,3.089897657358416,-1.4232309906917486,-2.097700190602945
SYNTHETIC DATA,4.455628223726712,-0.9556282237267116,-1.4085004613922498
SYNTHETIC DATA,4.627216827014015,0.3727831729859847,0.5494451274182787
SYNTHETIC DATA,3.621831647043016,0.8781683529569837,1.2943323560457225
SYNTHETIC DATA,3.2455389706875906,-0.4955389706875905,-0.7303749005334054
SYNTHETIC DATA,3.586953179639058,-1.2536198463057246,-1.847710320909329
SYNTHETIC DATA,3.3396625276476857,0.1603374723523143,0.2363214042653534
SYNTHETIC DATA,4.627359188690853,-0.6273591886908534,-0.924664722944008
SYNTHETIC DATA,3.5839610704972165,-0.250627737163883,-0.3694002276914515
SYNTHETIC DATA,4.15954282920838,0.8404571707916197,1.238749843766604
SYNTHETIC DATA,4.551704895252564,0.4482951047474364,0.660742165414763
SYNTHETIC DATA,3.13685780139329,-0.1368578013932899,-0.2017147166874636
SYNTHETIC DATA,3.102029478065732,-1.6020294780657314,-2.361231285342264
SYNTHETIC DATA,4.204498919867372,0.7955010801326283,1.1724890606885925
SYNTHETIC DATA,3.252013305352779,0.4979866946472211,0.7339826009349858
SYNTHETIC DATA,2.435072979900952,0.3149270200990481,0.4641709423195606
SYNTHETIC DATA,3.113219151308871,-0.8632191513088712,-1.2722987273855106
SYNTHETIC DATA,4.149930004561993,0.6000699954380071,0.8844431803677936
SYNTHETIC DATA,2.750978952319451,-1.0009789523194512,-1.4753429013300805
SYNTHETIC DATA,4.070828550819486,0.9291714491805144,1.3695058207673132
SYNTHETIC DATA,4.587189845135516,0.4128101548644842,0.6084408969489707
SYNTHETIC DATA,4.283381245450979,0.049952087882354,0.0736243835028491
SYNTHETIC DATA,4.81409429767945,0.1859057023205501,0.2740064190159665
SYNTHETIC DATA,2.0431110272646604,-0.0431110272646604,-0.0635413440977787
SYNTHETIC DATA,1.7403036928915456,0.2596963071084543,0.3827663931457166
SYNTHETIC DATA,4.227874868179751,-0.4778748681797511,-0.7043397794322867
SYNTHETIC DATA,4.519909374859049,0.4800906251409511,0.707605583669433
SYNTHETIC DATA,4.522424777913941,-0.0224247779139412,-0.0330518806939692
SYNTHETIC DATA,3.836741639709533,0.6632583602904667,0.9775765128077148
SYNTHETIC DATA,3.772776125390406,0.477223874609594,0.7033802799939446
SYNTHETIC DATA,2.3097949349921625,-0.5597949349921625,-0.8250817678308657
SYNTHETIC DATA,3.7614112100723776,-0.2614112100723775,-0.3852939886645148
SYNTHETIC DATA,3.295119235615923,-0.7951192356159229,-1.171926260046453
SYNTHETIC DATA,4.151519079931994,-0.1515190799319938,-0.2233239754699568
SYNTHETIC DATA,4.639314862787848,-0.3059815294545149,-0.4509861834485121
SYNTHETIC DATA,3.469755130042332,-1.2197551300423322,-1.7977971148134544
SYNTHETIC DATA,3.3679735381128384,0.6320264618871616,0.9315438170176504
SYNTHETIC DATA,3.4155430419287085,0.0844569580712915,0.1244811124846174
SYNTHETIC DATA,3.952688455652448,-0.4526884556524475,-0.66721752541683
SYNTHETIC DATA,2.31321752667059,-1.06321752667059,-1.5670763375278003
SYNTHETIC DATA,3.1044093824089334,-0.3544093824089334,-0.5223639970552826
SYNTHETIC DATA,4.224875131533236,-0.7248751315332358,-1.0683934733894065
SYNTHETIC DATA,3.593644659235485,0.9063553407645148,1.3358771580371704
SYNTHETIC DATA,3.9398315697425454,-0.1898315697425463,-0.2797927551014396
SYNTHETIC DATA,3.2646567574544885,1.0686765758788446,1.575122430284044
SYNTHETIC DATA,4.333474606565612,-0.3334746065656118,-0.4915082304481901
SYNTHETIC DATA,3.380962527220174,-1.380962527220174,-2.0354007012995816
SYNTHETIC DATA,2.118807344623081,-0.3688073446230815,-0.5435851539008294
SYNTHETIC DATA,3.4564217240339574,0.2935782759660426,0.4327050278405815
SYNTHETIC DATA,2.915305442251761,0.334694557748239,0.4933063165249129
SYNTHETIC DATA,3.622774632022467,0.877225367977533,1.2929424904623656
SYNTHETIC DATA,3.9280659016483135,0.0719340983516865,0.1060236692498117
SYNTHETIC DATA,3.333567452222577,0.4164325477774229,0.6137799419484173
SYNTHETIC DATA,3.122777286139913,0.3772227138600872,0.555988566816874
SYNTHETIC DATA,3.659879623733646,0.3401203762663538,0.5013034305661794
SYNTHETIC DATA,4.404939157826879,0.3450608421731207,0.5085851833821823
SYNTHETIC DATA,3.8750792441998434,-0.3750792441998434,-0.5528293068343046
SYNTHETIC DATA,4.400921024050631,0.5990789759493689,0.8829825167202171
SYNTHETIC DATA,3.728854924643576,0.2711450753564244,0.3996407329352562
SYNTHETIC DATA,2.890963191142962,0.1090368088570379,0.1607093551349488
SYNTHETIC DATA,2.7566119861114293,-0.5066119861114293,-0.7466954182266339
SYNTHETIC DATA,4.427853617262298,0.322146382737702,0.4748115610822081
SYNTHETIC DATA,3.343941715552458,-0.0106083822191243,-0.0156356948018887
SYNTHETIC DATA,3.947034265115956,1.0529657348840442,1.551966221372863
SYNTHETIC DATA,2.322481664444924,0.4275183355550762,0.6301192848142332
SYNTHETIC DATA,4.011144100189877,0.2388558998101233,0.3520497163393018
SYNTHETIC DATA,2.5541603521811296,0.1958396478188704,0.288648061519224
SYNTHETIC DATA,3.058398291724271,-0.0583982917242709,-0.0860732435437963
SYNTHETIC DATA,4.089735252160396,0.1602647478396042,0.2362142156043621
SYNTHETIC DATA,4.864547977793675,0.1354520222063246,0.199642738710783
SYNTHETIC DATA,2.704241455574561,-0.7042414555745609,-1.0379814979093656
SYNTHETIC DATA,3.3954142238826077,-0.6454142238826073,-0.9512760397371288
SYNTHETIC DATA,4.754853819256929,0.2451461807430712,0.3613209615540912
SYNTHETIC DATA,4.990700203314293,0.0092997966857071,0.013706970553455
SYNTHETIC DATA,3.5534401514265683,0.4465598485734317,0.6581845712991476
SYNTHETIC DATA,4.093611682270411,-0.843611682270411,-1.243399278309273
SYNTHETIC DATA,2.58033265643488,1.4196673435651204,2.0924477310193206
SYNTHETIC DATA,3.5663357202338983,1.1836642797661017,1.7446028097437805
SYNTHETIC DATA,3.543514886076152,1.2064851139238484,1.7782384377447953
SYNTHETIC DATA,2.533215135309167,-1.0332151353091672,-1.5228558121956397
SYNTHETIC DATA,4.4485368828664695,0.2181297838001974,0.3215014934655513
SYNTHETIC DATA,3.288461344215267,-1.0384613442152668,-1.5305881996255388
SYNTHETIC DATA,2.26774070908191,0.23225929091809,0.3423269743384228
SYNTHETIC DATA,4.048556984126434,0.2014430158735658,0.296906865826626
SYNTHETIC DATA,4.141727349844698,-1.1417273498446976,-1.6827919677477992
SYNTHETIC DATA,4.052919699968011,0.6970803000319892,1.0274266705870003
SYNTHETIC DATA,3.903305510082663,1.0966944899173372,1.6164180344433356
SYNTHETIC DATA,4.795128582608188,-0.7951285826081884,-1.1719400365785728
SYNTHETIC DATA,4.233117643047015,-0.7331176430470148,-1.080542111303128
SYNTHETIC DATA,4.3230666211305016,0.1769333788694984,0.2607821112707603
SYNTHETIC DATA,3.40652023766978,-1.0731869043364464,-1.5817702035036214
SYNTHETIC DATA,3.193808792145266,-0.193808792145266,-0.285654783294207
SYNTHETIC DATA,3.4038482294652948,0.5961517705347052,0.8786681085908036
SYNTHETIC DATA,2.1461251205109444,0.1038748794890556,0.1531011873182598
SYNTHETIC DATA,2.0638767704594745,-0.0638767704594744,-0.0941479734802665
SYNTHETIC DATA,3.910415574236517,0.0895844257634834,0.1320384872365498
SYNTHETIC DATA,3.632544973271105,-0.6325449732711048,-0.9323080509586208
SYNTHETIC DATA,3.024529775038659,-0.5245297750386588,-0.7731044477472491
SYNTHETIC DATA,3.499976377134242,-0.7499763771342418,-1.1053901998701932
SYNTHETIC DATA,3.85235440768762,-0.3523544076876201,-0.5193351697652812
SYNTHETIC DATA,2.9920501501728967,-0.9920501501728968,-1.4621827396365945
SYNTHETIC DATA,2.726351180074089,0.2736488199259108,0.4033310021150189
SYNTHETIC DATA,3.6556332923737807,-0.6556332923737807,-0.9663379250262484
SYNTHETIC DATA,4.657457710541155,-0.1574577105411547,-0.2320769232642585
SYNTHETIC DATA,3.472042411831405,-0.4720424118314055,-0.6957433218834939
SYNTHETIC DATA,3.392118629370089,0.6078813706299111,0.895956366446579
SYNTHETIC DATA,4.873332358854537,0.1266676411454632,0.1866954392588917
SYNTHETIC DATA,2.6312287319579264,0.6187712680420736,0.9120069864980976
SYNTHETIC DATA,2.984564115014848,0.0154358849851523,0.0227509512421039
SYNTHETIC DATA,3.7643424700122337,-0.4310091366789002,-0.6352643766726133
SYNTHETIC DATA,3.9659019302927954,0.0340980697072046,0.0502571457421893
SYNTHETIC DATA,2.718835318998802,-1.218835318998802,-1.7964414052947948
SYNTHETIC DATA,4.0618559815725455,0.6881440184274545,1.0142554849202223
SYNTHETIC DATA,3.706124979154455,0.7938750208455452,1.170092411867175
SYNTHETIC DATA,3.9607877038622026,0.7892122961377974,1.1632200218109288
SYNTHETIC DATA,3.3777259367666965,-0.044392603433363,-0.0654302592429253
SYNTHETIC DATA,2.7716508404818625,-1.0216508404818625,-1.5058111977781057
SYNTHETIC DATA,4.463927837252041,-0.463927837252041,-0.6837832502204103
SYNTHETIC DATA,3.8517990276404217,0.3982009723595783,0.5869084225119159
SYNTHETIC DATA,2.1189577934339336,-0.6189577934339336,-0.9122819062775404
SYNTHETIC DATA,4.686776463743719,0.3132235362562809,0.4616601774437023
SYNTHETIC DATA,2.604979291375309,-0.3549792913753089,-0.5232039858942069
SYNTHETIC DATA,3.180723109462439,0.4859435572042274,0.716232220374943
SYNTHETIC DATA,3.801097578772998,0.198902421227002,0.2931622833173938
SYNTHETIC DATA,3.319107301927529,0.430892698072471,0.635092757807863
SYNTHETIC DATA,4.787978561489484,0.2120214385105159,0.3124984031996446
SYNTHETIC DATA,3.6169165479358822,0.1330834520641173,0.1961517031225613
SYNTHETIC DATA,3.7227919142737633,0.0272080857262366,0.04010199819084
SYNTHETIC DATA,3.865941992048432,0.3840580079515683,0.5660631069388243
SYNTHETIC DATA,4.0049493112745775,0.4950506887254224,0.7296552217378992
SYNTHETIC DATA,4.039410187159682,-0.5394101871596817,-0.7950366875218681
SYNTHETIC DATA,3.99617605005034,0.0038239499496603,0.005636119920604
SYNTHETIC DATA,3.067165086227145,0.1828349137728548,0.2694803837034057
SYNTHETIC DATA,3.717649794414697,0.0323502055853026,0.047680968771872
SYNTHETIC DATA,2.878195578857788,-0.5448622455244547,-0.8030724764737401
SYNTHETIC DATA,4.347091620876382,-1.347091620876382,-1.985478371644061
SYNTHETIC DATA,4.190341908131053,0.3096580918689469,0.4564050688774817
SYNTHETIC DATA,3.682048646899719,0.0679513531002813,0.1001535009302369
SYNTHETIC DATA,4.424633420688346,0.5753665793116536,0.8480328147590396
SYNTHETIC DATA,2.9930388680519866,0.7569611319480134,1.1156850301542374
SYNTHETIC DATA,2.675636782424245,0.0743632175757551,0.1096039481312105
SYNTHETIC DATA,4.018469957924014,0.7315300420759856,1.0782021461946458
SYNTHETIC DATA,3.545855382560507,-0.2958553825605068,-0.4360612553036366
SYNTHETIC DATA,4.7162894332644365,0.2837105667355635,0.4181610109740505
SYNTHETIC DATA,3.0780951555586378,-0.5780951555586378,-0.8520544633535461
SYNTHETIC DATA,2.94553303816528,0.3044669618347204,0.4487538621981297
SYNTHETIC DATA,4.2544366436059695,-0.2544366436059695,-0.3750141749858892
SYNTHETIC DATA,3.648044488223588,-0.6480444882235878,-0.9551527864110676
SYNTHETIC DATA,4.134311641864761,-0.6343116418647607,-0.934911943840298
SYNTHETIC DATA,2.9529981590586294,-1.2029981590586294,-1.7730990148870631
SYNTHETIC DATA,3.030011514924116,-0.7800115149241158,-1.1496589901640173
SYNTHETIC DATA,4.110599246585613,-1.7772659132522797,-2.619512271278873
SYNTHETIC DATA,3.544830267100965,-0.0448302671009654,-0.0660753317328824
SYNTHETIC DATA,3.406325627713227,-0.156325627713227,-0.2304083463575906
SYNTHETIC DATA,3.416681623120954,-0.666681623120954,-0.98262205997396
SYNTHETIC DATA,4.47489058842849,0.5251094115715098,0.7739587740466299
SYNTHETIC DATA,2.617239294829585,1.3827607051704152,2.0380510358226696
SYNTHETIC DATA,4.293558058057807,-0.7935580580578074,-1.169625240406885
SYNTHETIC DATA,4.83934325084728,0.1606567491527197,0.2367919863489687
SYNTHETIC DATA,2.4118909368525205,0.5881090631474795,0.8668139619839009
SYNTHETIC DATA,3.39480787359073,0.8551921264092699,1.260467695197486
SYNTHETIC DATA,3.2178490304290825,0.1154843029042509,0.1702123167625455
SYNTHETIC DATA,3.489891711530273,0.7601082884697266,1.1203236242254964
SYNTHETIC DATA,3.3166806155011117,0.0166527178322222,0.0245444412039756
SYNTHETIC DATA,4.165742479175994,0.8342575208240062,1.2296121795337491
SYNTHETIC DATA,3.756279772640031,-1.5062797726400308,-2.22010579226679
SYNTHETIC DATA,4.739038723634552,0.2609612763654478,0.3846308313633051
SYNTHETIC DATA,3.8874018557468046,0.8625981442531954,1.2713834250715668
SYNTHETIC DATA,3.489734722531125,-0.739734722531125,-1.09029502491015
SYNTHETIC DATA,3.759887345539864,-0.5098873455398634,-0.7515229705651196
SYNTHETIC DATA,3.6233846342106046,-0.8733846342106046,-1.2872816328730965
SYNTHETIC DATA,3.7953391035417248,-0.1286724368750582,-0.1896503077318213
SYNTHETIC DATA,4.641306434837438,0.3586935651625618,0.528678454116463
SYNTHETIC DATA,4.180158973294872,0.0698410267051281,0.1029386909007967
SYNTHETIC DATA,3.715314315265594,-0.4653143152655938,-0.6858267801971452
SYNTHETIC DATA,3.762430882170959,1.2375691178290409,1.8240531518306184
SYNTHETIC DATA,3.19239869556482,-0.6923986955648198,-1.0205264536528995
SYNTHETIC DATA,4.3613729433789805,-1.028039610045647,-1.515227605388198
SYNTHETIC DATA,4.068384037986287,-0.068384037986287,-0.1007912351938816
SYNTHETIC DATA,3.857807323714374,0.8921926762856258,1.3150028065291477
SYNTHETIC DATA,4.728361877745703,0.2716381222542967,0.4003674347696087
SYNTHETIC DATA,3.1732240360155743,0.5767759639844257,0.8501101068613356
SYNTHETIC DATA,3.458409815093532,0.7915901849064682,1.1667247921229136
SYNTHETIC DATA,4.017342303082408,-1.0173423030824085,-1.4994608444038706
SYNTHETIC DATA,3.8720655704446,1.1279344295554,1.6624625822094978
SYNTHETIC DATA,3.835579589702488,0.8310870769641787,1.2249392622542965
SYNTHETIC DATA,3.156655164106243,-0.906655164106243,-1.336319067667585
SYNTHETIC DATA,3.0383218270016528,-0.5383218270016528,-0.7934325534593908
SYNTHETIC DATA,2.712201096101592,-0.7122010961015919,-1.0497132122690764
SYNTHETIC DATA,4.178481110875352,0.1548522224579809,0.2282366943172828
SYNTHETIC DATA,4.549307569323716,0.200692430676284,0.2958005782867261
SYNTHETIC DATA,3.68713784047312,-0.3538045071397859,-0.5214724713818817
SYNTHETIC DATA,3.1416100893817167,0.1917232439516167,0.2825808937626115
SYNTHETIC DATA,4.294655320771125,0.3720113458955421,0.5483075314515501
SYNTHETIC DATA,3.5112748302430536,0.4887251697569463,0.7203320391817173
SYNTHETIC DATA,4.756556743843249,0.243443256156751,0.3588110209663233
SYNTHETIC DATA,2.760364334083415,-0.0103643340834151,-0.0152759922489359
SYNTHETIC DATA,2.515882334502192,-0.7658823345021917,-1.1288339908083411
SYNTHETIC DATA,4.1668312213556975,0.4998354453109694,0.7367074745816996
SYNTHETIC DATA,3.982037346221257,0.2679626537787429,0.3949501616971773
SYNTHETIC DATA,3.302755393731619,0.1972446062683808,0.2907188298109507
SYNTHETIC DATA,3.592525090907278,0.4074749090927221,0.6005772780806805
SYNTHETIC DATA,3.966752522896957,1.0332474771030429,1.522903480766392
SYNTHETIC DATA,3.403175701560155,0.3468242984398451,0.5111843416151194
SYNTHETIC DATA,3.7146046553332455,0.2853953446667545,0.4206442052063974
SYNTHETIC DATA,3.2377200414221976,0.5122799585778024,0.7550494429779248
SYNTHETIC DATA,4.037100077188089,-0.0371000771880893,-0.0546818046387628
SYNTHETIC DATA,3.276656729964188,0.2233432700358122,0.3291856509506546
SYNTHETIC DATA,3.118310979876819,1.548355686789848,2.282121483120293
SYNTHETIC DATA,4.047836394086599,-1.7978363940865991,-2.649831103463643
SYNTHETIC DATA,4.084513174251264,-0.5845131742512635,-0.8615139812553243
SYNTHETIC DATA,3.560685165845048,-0.8106851658450474,-1.1948688849767015
SYNTHETIC DATA,2.703801817493839,-0.4538018174938392,-0.6688585094610028
SYNTHETIC DATA,4.335367030732384,-1.00203369739905,-1.47689749012767
SYNTHETIC DATA,2.247842279636042,-0.5811756129693755,-0.8565947496035721
SYNTHETIC DATA,3.372285305400207,-0.8722853054002071,-1.2856613321136352
SYNTHETIC DATA,4.303671196358709,0.1963288036412906,0.2893690282973764
SYNTHETIC DATA,4.122816031073253,-0.1228160310732526,-0.1810185510830115
SYNTHETIC DATA,3.4324102534155827,0.5675897465844173,0.8365705408197393
SYNTHETIC DATA,4.025817318932713,-0.5258173189327131,-0.7750021587229315
SYNTHETIC DATA,4.533123537090952,0.466876462909048,0.6881292296455169
SYNTHETIC DATA,4.38527238188526,0.3647276181147401,0.5375720449043789
SYNTHETIC DATA,4.671769357597411,0.0782306424025893,0.115304145674302
SYNTHETIC DATA,1.981708326456149,-0.981708326456149,-1.4469399254176185
SYNTHETIC DATA,4.280459825136827,-1.0304598251368269,-1.5187947604679228
SYNTHETIC DATA,3.2924812439081745,-1.0424812439081743,-1.5365131298773167
SYNTHETIC DATA,3.551597111681555,-0.5515971116815548,-0.8129989958608479
SYNTHETIC DATA,3.272920457010183,0.2270795429898169,0.3346925437453027
SYNTHETIC DATA,4.161357613519961,0.8386423864800392,1.236075033127148
SYNTHETIC DATA,4.369795562518634,-0.3697955625186342,-0.5450416882802913
SYNTHETIC DATA,4.737523406805903,0.0124765931940968,0.0183892510017728
SYNTHETIC DATA,3.6217433230574185,0.8782566769425815,1.2944625367701692
SYNTHETIC DATA,4.808845988894383,-0.058845988894383,-0.0867331044133381
SYNTHETIC DATA,3.4420042543185634,-1.6920042543185634,-2.4938451101742314
SYNTHETIC DATA,3.160761731070695,0.339238268929305,0.5000032925413882
SYNTHETIC DATA,4.462732607673261,-0.4627326076732609,-0.6820216013161783
SYNTHETIC DATA,4.678763216861154,-1.178763216861154,-1.737379133013084
SYNTHETIC DATA,3.905519151909007,-0.1555191519090066,-0.2292196816508114
SYNTHETIC DATA,3.7078273126519696,-1.2078273126519696,-1.7802167044816928
SYNTHETIC DATA,2.314559925963624,0.1854400740363759,0.2733201294769876
SYNTHETIC DATA,3.5585127016728744,-0.8918460350062078,-1.3144918919392732
SYNTHETIC DATA,3.2734877818044765,-0.0234877818044765,-0.0346186421531921
SYNTHETIC DATA,3.1898686775346303,-0.6898686775346303,-1.0167974600187897
SYNTHETIC DATA,3.2697724650500635,1.7302275349499363,2.550182404394427
SYNTHETIC DATA,3.5588531357926763,0.4411468642073237,0.6502063735148257
SYNTHETIC DATA,4.2719260523338525,0.2280739476661475,0.3361581968210984
SYNTHETIC DATA,2.848802568972148,-1.098802568972148,-1.6195251322117263
SYNTHETIC DATA,2.3831188357212536,-1.1331188357212536,-1.6701038785790974
SYNTHETIC DATA,4.069079767719039,-0.0690797677190389,-0.1018166712633228
SYNTHETIC DATA,4.9319756462053785,0.0680243537946214,0.1002610966553392
SYNTHETIC DATA,3.4800858777546426,-0.9800858777546426,-1.4445485982383677
SYNTHETIC DATA,3.342325814418197,0.3243408522484694,0.4780459897456619
SYNTHETIC DATA,3.120717970701794,0.629282029298206,0.92749879776034
SYNTHETIC DATA,3.24396709640073,1.25603290359927,1.851266926110952
SYNTHETIC DATA,2.846577393204192,-0.0965773932041917,-0.1423454221116288
SYNTHETIC DATA,3.047996397278671,-0.5479963972786712,-0.8076919028178806
SYNTHETIC DATA,3.177355008034492,-0.9273550080344916,-1.366828568119534
SYNTHETIC DATA,4.000395529829647,-0.0003955298296469,-0.000582971425205
SYNTHETIC DATA,2.7387064010730366,0.2612935989269633,0.3851206415945269
SYNTHETIC DATA,4.762308679254104,-1.5123086792541036,-2.2289917978668514
SYNTHETIC DATA,4.154897451172383,-0.404897451172383,-0.5967783627913652
SYNTHETIC DATA,2.254786953175549,0.7452130468244511,1.0983695272147334
SYNTHETIC DATA,2.736789639618527,0.013210360381473,0.0194707504764779
SYNTHETIC DATA,3.287377418618585,-0.0373774186185849,-0.0550905781796831
SYNTHETIC DATA,3.222199647252875,-0.2221996472528751,-0.3275000653040273
SYNTHETIC DATA,3.9155872011221846,-0.9155872011221846,-1.349483997235136
SYNTHETIC DATA,3.083632255004497,-1.0836322550044968,-1.5971656060985535
SYNTHETIC DATA,2.979922115879381,-0.9799221158793808,-1.4443072296065735
SYNTHETIC DATA,4.481151122205194,-0.481151122205194,-0.7091686503173248
SYNTHETIC DATA,3.257750843770157,0.7422491562298434,1.0940010487977387
SYNTHETIC DATA,3.127150637520142,-0.3771506375201419,-0.555882333497736
SYNTHETIC DATA,3.5323852356234697,0.4676147643765302,0.6892174121957768
SYNTHETIC DATA,4.488801354772547,0.5111986452274531,0.7534556952054519
SYNTHETIC DATA,3.778034436396581,0.7219655636034195,1.0641050611493237
SYNTHETIC DATA,3.537369399387231,-0.0373693993872308,-0.055078758634402
SYNTHETIC DATA,4.577993186029233,0.4220068139707669,0.62199585302169
SYNTHETIC DATA,4.682098937955303,-0.1820989379553026,-0.2683956289286322
SYNTHETIC DATA,3.4674831883275994,-0.2174831883275993,-0.3205484763833047
SYNTHETIC DATA,3.631124975256115,0.3688750247438848,0.5436849076324707
SYNTHETIC DATA,2.220841383243302,-0.720841383243302,-1.0624481316901468
SYNTHETIC DATA,4.0306865540692725,0.4693134459307275,0.6917210989783991
SYNTHETIC DATA,3.1539608334687865,-0.1539608334687865,-0.2269228760651763
SYNTHETIC DATA,2.681115047160072,-0.681115047160072,-1.0038954840041625
SYNTHETIC DATA,3.9127712229715543,-0.1627712229715547,-0.2399085093602047
SYNTHETIC DATA,3.3325446549184847,0.4174553450815152,0.6152874429189379
SYNTHETIC DATA,3.887949825729181,-0.1379498257291813,-0.2033242513817785
SYNTHETIC DATA,3.689738584482906,-0.6897385844829054,-1.0166057158667972
SYNTHETIC DATA,3.011432445539295,0.4885675544607051,0.720099729992886
SYNTHETIC DATA,3.391555606275467,0.858444393724533,1.2652612120698268
SYNTHETIC DATA,2.616569083730776,0.6334309162692238,0.9336138423643534
SYNTHETIC DATA,4.146046609517506,-0.8127132761841724,-1.197858116853165
SYNTHETIC DATA,4.00054045855247,0.2494595414475302,0.3676784239976859
SYNTHETIC DATA,3.0074541198096894,1.2425458801903106,1.8313884019917652
SYNTHETIC DATA,4.889770744881944,0.1102292551180559,0.162466901707066
SYNTHETIC DATA,3.523319527614292,0.8100138057190409,1.193879367271215
SYNTHETIC DATA,3.9912177373517657,-0.3245510706850991,-0.4783558307043471
SYNTHETIC DATA,4.406618352745853,0.3433816472541471,0.5061102179516739
SYNTHETIC DATA,3.984228023924613,-0.4842280239246133,-0.7137036958338331
SYNTHETIC DATA,3.314577871567822,-0.3145778715678218,-0.4636563322911868
SYNTHETIC DATA,2.9586819965130284,-0.2086819965130284,-0.3075763995611262
SYNTHETIC DATA,3.5731344127089333,0.9268655872910668,1.3661072108743066
SYNTHETIC DATA,2.7130545860458226,1.0369454139541774,1.5283538699781198
SYNTHETIC DATA,3.0034919279384003,-0.0034919279384002,-0.0051467526704106
SYNTHETIC DATA,4.010338310723904,-0.7603383107239043,-1.1206626540313307
SYNTHETIC DATA,4.56221443780472,-0.8122144378047196,-1.197122878953975
SYNTHETIC DATA,2.8529392326314897,0.6470607673685103,0.9537028802196678
SYNTHETIC DATA,4.590953991085959,0.4090460089140411,0.6028929221442174
SYNTHETIC DATA,3.869779507726333,-0.3697795077263333,-0.545018025121542
SYNTHETIC DATA,3.75128969516543,0.49871030483457,0.7350491300071123
SYNTHETIC DATA,3.944447751324657,0.305552248675343,0.4503534664980096
SYNTHETIC DATA,4.636372430717592,0.363627569282408,0.5359506829045717
SYNTHETIC DATA,3.231057776441916,-0.4810577764419159,-0.7090310679946371
SYNTHETIC DATA,3.651311277916971,-0.1513112779169709,-0.2230176960751346
SYNTHETIC DATA,4.432531851065942,0.5674681489340578,0.8363913180400189
SYNTHETIC DATA,3.243724383034197,-0.9937243830341976,-1.4646503914901825
SYNTHETIC DATA,3.305137188642071,0.6948628113579289,1.0241583139782289
SYNTHETIC DATA,2.777250789341893,-0.2772507893418932,-0.4086399449218219
SYNTHETIC DATA,3.738661784488847,0.2613382155111532,0.3851864019790121
SYNTHETIC DATA,4.00595829449917,0.2440417055008303,0.3596930754686155
SYNTHETIC DATA,3.927192330382364,0.3228076696176361,0.4757862318300722
SYNTHETIC DATA,4.74796193729156,-0.24796193729156,-0.3654711051970326
SYNTHETIC DATA,3.449292327700424,-0.7826256610337574,-1.153511980176407
SYNTHETIC DATA,4.15470647512957,0.1786268582037626,0.263278130501301
SYNTHETIC DATA,4.194291551761769,0.8057084482382306,1.1875337007791438
SYNTHETIC DATA,4.884335792026731,0.1156642079732686,0.1704774788479954
SYNTHETIC DATA,4.1136257979985125,0.8863742020014875,1.3064269571451184
SYNTHETIC DATA,4.470030911539078,0.0299690884609216,0.04417144018633
SYNTHETIC DATA,2.554959497985632,-0.804959497985632,-1.1864298229842507
SYNTHETIC DATA,3.556129547496678,0.1938704525033219,0.2857456644973936
SYNTHETIC DATA,3.4267984330462227,-0.4267984330462226,-0.6290582204895281
SYNTHETIC DATA,3.640135544264328,1.3598644557356725,2.004304253243119
SYNTHETIC DATA,3.797037521749637,-1.0470375217496364,-1.5432286278948444
SYNTHETIC DATA,3.768104248356637,-0.4347709150233037,-0.6408088618627692
SYNTHETIC DATA,4.574072764929023,0.4259272350709775,0.6277741617733555
SYNTHETIC DATA,2.4307579448570724,-0.1807579448570724,-0.2664191391696595
SYNTHETIC DATA,3.5561786571234704,0.4438213428765296,0.6541482876881742
SYNTHETIC DATA,2.5070516739497704,-0.7570516739497704,-1.115818480012753
SYNTHETIC DATA,2.5365611340230068,-0.2865611340230067,-0.4223624621659543
SYNTHETIC DATA,2.7658137099159714,-0.2658137099159714,-0.3917828332873737
SYNTHETIC DATA,4.417662443414753,0.0823375565852471,0.1213573265845657
SYNTHETIC DATA,3.867510770685809,-0.6175107706858092,-0.9101491394150988
SYNTHETIC DATA,3.4294013777919408,-0.4294013777919407,-0.6328947008113681
SYNTHETIC DATA,3.222797749753269,1.4438689169133978,2.1281184305456837
SYNTHETIC DATA,3.0142952313744447,0.4857047686255553,0.7158802698832306
SYNTHETIC DATA,3.852448821483071,1.1475511785169288,1.6913757089645642
SYNTHETIC DATA,3.314586550181785,0.9354134498182152,1.3787059056538042
SYNTHETIC DATA,3.5167932659418946,0.4832067340581054,0.7121984166756037
SYNTHETIC DATA,4.600543809991935,-0.1005438099919349,-0.1481915239082286
SYNTHETIC DATA,3.949753822550744,-1.1997538225507434,-1.768317187231902
SYNTHETIC DATA,4.010714929098593,0.7392850709014072,1.0896322833625494
SYNTHETIC DATA,3.0146992960234043,-1.0146992960234045,-1.4955653162375375
SYNTHETIC DATA,3.2142158673944614,-0.2142158673944614,-0.3157327719832247
SYNTHETIC DATA,4.147756898540549,0.1022431014594511,0.150696109642106
SYNTHETIC DATA,4.671248730558676,-0.171248730558676,-0.252403507991944
SYNTHETIC DATA,3.137791158022233,-1.1377911580222335,-1.676990414528234
SYNTHETIC DATA,4.4787789600197705,0.5212210399802295,0.7682277030669296
SYNTHETIC DATA,2.619170444270667,-0.1191704442706669,-0.1756453206090693
SYNTHETIC DATA,4.280199123580835,-0.0301991235808349,-0.0445104889549723
SYNTHETIC DATA,3.901914550286264,-0.9019145502862638,-1.3293318768469913
SYNTHETIC DATA,2.911130373434585,0.0888696265654149,0.1309849446817307
SYNTHETIC DATA,3.151067715000999,0.8489322849990009,1.2512413147958878
SYNTHETIC DATA,2.380696613209023,-0.130696613209023,-0.1926337412779867
SYNTHETIC DATA,3.572155114834493,-0.822155114834493,-1.211774443061599
SYNTHETIC DATA,2.029719590242476,-1.0297195902424758,-1.5177037282397556
SYNTHETIC DATA,3.785075313129018,0.4649246868709822,0.6852525068971772
SYNTHETIC DATA,3.843154713070052,0.1568452869299483,0.2311742720893196
SYNTHETIC DATA,3.506964473704356,-0.7569644737043557,-1.1156899555689888
SYNTHETIC DATA,3.903873566164573,0.096126433835427,0.1416807530874164
SYNTHETIC DATA,3.645289848472365,0.8547101515276356,1.259757312408127
SYNTHETIC DATA,3.304317614006816,1.1956823859931849,1.7623162967941046
SYNTHETIC DATA,5.013888572068005,-0.013888572068005,-0.0204703666971843
SYNTHETIC DATA,4.39435214438903,0.1056478556109699,0.1557143768659848
SYNTHETIC DATA,2.790002464958272,0.2099975350417282,0.3095153718294703
SYNTHETIC DATA,3.77974068995035,0.97025931004965,1.430065219867217
SYNTHETIC DATA,2.986768468625849,-0.4867684686258489,-0.7174480573386426
SYNTHETIC DATA,3.846829181658223,0.1531708183417768,0.2257584727509244
SYNTHETIC DATA,3.106060609775302,-1.106060609775302,-1.630222758721939
SYNTHETIC DATA,3.055656662816204,-0.5556566628162041,-0.8189823683735398
SYNTHETIC DATA,3.834594850850296,-0.084594850850296,-0.1246843526548304
SYNTHETIC DATA,2.662964679974684,0.3370353200253166,0.4967563661000669
SYNTHETIC DATA,3.663824458306996,0.8361755416930041,1.2324391505376069
SYNTHETIC DATA,4.417785063324566,-0.4177850633245663,-0.6157734146451138
SYNTHETIC DATA,4.522489472346914,-0.5224894723469138,-0.7700972455619727
SYNTHETIC DATA,3.6888192323163898,1.0611807676836102,1.5640743584090606
SYNTHETIC DATA,2.738091835273419,0.2619081647265808,0.3860264501410153
SYNTHETIC DATA,4.109472491997124,-0.1094724919971241,-0.1613515085253533
SYNTHETIC DATA,3.851025057296688,0.1489749427033118,0.2195741715488571
SYNTHETIC DATA,3.9528168508056623,-0.2861501841389957,-0.4217567631222599
SYNTHETIC DATA,2.9451624274848136,-0.1951624274848136,-0.2876499064529542
SYNTHETIC DATA,3.995307160518161,1.004692839481839,1.4808167997059387
SYNTHETIC DATA,4.290635544320652,-0.2906355443206516,-0.4283677355993343
SYNTHETIC DATA,4.569412870087027,-0.3194128700870271,-0.470782636722186
SYNTHETIC DATA,3.375843523244925,-0.3758435232449248,-0.553955777736798
SYNTHETIC DATA,3.7021079183722354,0.2978920816277646,0.4390631461066966
SYNTHETIC DATA,3.2391148863529646,-1.2391148863529646,-1.8263314600943292
SYNTHETIC DATA,2.585009731037244,0.164990268962756,0.2431791612987471
SYNTHETIC DATA,3.783178473048422,-0.4498451397150886,-0.6630267619899859
SYNTHETIC DATA,3.619174767488164,-0.1191747674881638,-0.1756516925994395
SYNTHETIC DATA,4.466575517532911,-0.2165755175329105,-0.3192106603776975
SYNTHETIC DATA,4.083590322379471,0.4164096776205293,0.6137462336236348
SYNTHETIC DATA,3.607765139564499,0.6422348604355008,0.9465899758777762
SYNTHETIC DATA,4.753383182591639,0.2466168174083609,0.3634885329695974
SYNTHETIC DATA,3.6502696847158025,-0.1502696847158025,-0.2214824918314722
SYNTHETIC DATA,2.966660185802944,-0.2166601858029442,-0.3193354529428885
SYNTHETIC DATA,3.841999891693488,0.1580001083065121,0.2328763633433561
SYNTHETIC DATA,3.955072448633441,0.2949275513665594,0.4346937248850889
SYNTHETIC DATA,4.304283815971264,-0.5542838159712637,-0.816958929376543
SYNTHETIC DATA,2.708719240265518,-0.958719240265518,-1.4130563107413845
SYNTHETIC DATA,4.066778002742745,-0.8167780027427449,-1.2038491174232988
SYNTHETIC DATA,3.108650600225957,-0.1086506002259568,-0.1601401222245289
SYNTHETIC DATA,4.453226777904344,-0.2032267779043435,-0.2995359527256782
SYNTHETIC DATA,3.3905904837781318,-0.6405904837781313,-0.9441663290838636
SYNTHETIC DATA,4.4280686610928415,-0.4280686610928415,-0.6309304096372689
SYNTHETIC DATA,2.5240089511612007,-0.1906756178278672,-0.2810367975942152
SYNTHETIC DATA,3.853977076976814,0.3960229230231862,0.5836981955438594
SYNTHETIC DATA,3.671808981264536,-0.6718089812645358,-0.9901792732621932
SYNTHETIC DATA,2.89359400277175,0.3564059972282498,0.5253068076843606
SYNTHETIC DATA,3.473529816028809,-0.4735298160288095,-0.697935606964977
SYNTHETIC DATA,2.645934968190189,0.104065031809811,0.1533814528282867
SYNTHETIC DATA,3.669726531578061,1.0802734684219386,1.5922150904756454
SYNTHETIC DATA,3.1945000113945494,-0.4445000113945494,-0.655148577232821
SYNTHETIC DATA,3.925348846247677,-1.9253488462476769,-2.837771709698288
SYNTHETIC DATA,3.561879207981689,0.438120792018311,0.6457462456443771
SYNTHETIC DATA,4.265253130456861,0.2347468695431391,0.3459934165322996
SYNTHETIC DATA,3.699933712205816,0.0500662877941842,0.0737927027555773
SYNTHETIC DATA,2.781883466639006,-0.2818834666390062,-0.4154680480988281
SYNTHETIC DATA,2.5765905316137254,-0.8265905316137254,-1.218311803956669
SYNTHETIC DATA,3.851025438148239,-0.3510254381482389,-0.5173764015299784
SYNTHETIC DATA,3.748594002890774,0.751405997109226,1.1074973167848947
SYNTHETIC DATA,2.6359063335250448,-1.1359063335250448,-1.6742123716575652
SYNTHETIC DATA,4.120676342054415,0.8793236579455854,1.2960351600955533
SYNTHETIC DATA,3.998389212533763,0.751610787466237,1.1077991572969026
SYNTHETIC DATA,2.3798947722312738,0.6201052277687262,0.9139731097705368
SYNTHETIC DATA,2.973908369404159,-0.223908369404159,-0.3300185509229314
SYNTHETIC DATA,3.319908480020584,1.1800915199794164,1.7393369190102843
SYNTHETIC DATA,3.568995786578104,-0.0689957865781036,-0.1016928914577262
SYNTHETIC DATA,4.5244536513046345,-0.2744536513046345,-0.4045172431030199
SYNTHETIC DATA,2.9405279161979934,-0.9405279161979934,-1.3862441177710645
SYNTHETIC DATA,4.4499097569874655,-1.1999097569874655,-1.7685470190018484
SYNTHETIC DATA,2.4961477023707803,-0.2461477023707803,-0.3627971043046908
SYNTHETIC DATA,3.8300563178394142,0.4199436821605857,0.6189550029982146
SYNTHETIC DATA,2.620509492667384,-0.620509492667384,-0.914568955814162
SYNTHETIC DATA,2.719668716704288,-0.0530020500376213,-0.0781197227951212
SYNTHETIC DATA,3.4405037021998264,-0.4405037021998264,-0.6492584170168716
SYNTHETIC DATA,3.03032990357458,0.9696700964254203,1.4291967778926282
SYNTHETIC DATA,3.4131147961927644,0.0868852038072356,0.1280601039318491
SYNTHETIC DATA,3.227638065628682,-1.4776380656286818,-2.1778907796301565
SYNTHETIC DATA,3.419126245392057,0.3308737546079427,0.4876748346867047
SYNTHETIC DATA,4.620401224537272,0.1295987754627283,0.1910156381979419
SYNTHETIC DATA,4.412639551098685,-0.1626395510986853,-0.2397144381836904
SYNTHETIC DATA,4.722437274360491,0.277562725639509,0.4090997078382032
SYNTHETIC DATA,4.531408522346682,0.4685914776533177,0.6906569899173705
SYNTHETIC DATA,4.312089137563859,-0.5620891375638593,-0.8284631930551654
SYNTHETIC DATA,3.397856326355093,-0.6478563263550932,-0.9548754546286748
SYNTHETIC DATA,4.328988406518487,-0.3289884065184871,-0.4848960200933817
SYNTHETIC DATA,3.414333520770592,-1.1643335207705916,-1.7161112036063453
SYNTHETIC DATA,2.890650975417668,0.6093490245823321,0.8981195416415179
SYNTHETIC DATA,3.786410503301839,0.7135894966981611,1.0517595759409644
SYNTHETIC DATA,3.67449047019728,-0.0078238035306128,-0.0115315042075001
SYNTHETIC DATA,4.076158738707303,0.6738412612926972,0.9931746508434252
SYNTHETIC DATA,4.768529091259191,-0.0185290912591913,-0.0273100280420491
SYNTHETIC DATA,4.143536046078551,-0.3935360460785508,-0.5800327875567609
SYNTHETIC DATA,3.155739199487676,-0.9057391994876762,-1.334969027394769
SYNTHETIC DATA,3.3384349023844697,0.9115650976155304,1.3435558187822252
SYNTHETIC DATA,4.12358045126846,0.3764195487315396,0.5548047817150465
SYNTHETIC DATA,3.2736911970365585,0.4763088029634414,0.7020315558731912
SYNTHETIC DATA,3.752214462560389,-1.4188811292270556,-2.091288929687984
SYNTHETIC DATA,3.478035782073235,-0.7280357820732348,-1.0730519562945342
SYNTHETIC DATA,2.524943216547812,1.475056783452188,2.174086227769605
SYNTHETIC DATA,3.207035865379589,0.7929641346204108,1.1687498566385586
SYNTHETIC DATA,4.334760898071417,-0.5847608980714174,-0.8618791013996666
SYNTHETIC DATA,3.7079499869599184,-0.2079499869599184,-0.3064974906636072
SYNTHETIC DATA,3.2491628096843064,-0.2491628096843063,-0.367241071044902
SYNTHETIC DATA,3.8582943559461818,1.1417056440538182,1.6827599755821123
SYNTHETIC DATA,2.7253711421614826,0.2746288578385174,0.4047754800174244
SYNTHETIC DATA,3.093378724169766,0.4066212758302341,0.5993191079950533
SYNTHETIC DATA,4.1194815603484205,0.3805184396515795,0.5608461371383495
SYNTHETIC DATA,2.6097039541152025,-1.1097039541152025,-1.6355926840300763
SYNTHETIC DATA,2.6788157377578523,0.0711842622421476,0.1049184857903536
SYNTHETIC DATA,3.8306787375419296,-0.5806787375419296,-0.8558624048993912
SYNTHETIC DATA,2.818075552834165,0.1819244471658354,0.2681384469499389
SYNTHETIC DATA,2.816310022717241,-0.1496433560505745,-0.2205593459970843
SYNTHETIC DATA,4.302612459286517,0.6973875407134829,1.0278795126346691
SYNTHETIC DATA,4.234404153891425,0.2655958461085745,0.3914617238165353
SYNTHETIC DATA,3.34518283441283,0.4048171655871702,0.5966600298654345
SYNTHETIC DATA,3.4177870130347525,-0.1677870130347525,-0.24730128245214
SYNTHETIC DATA,4.114058623594508,0.3859413764054924,0.568839003747291
SYNTHETIC DATA,3.3213003657950178,-0.5713003657950178,-0.8420396225613813
SYNTHETIC DATA,3.536861240744313,-0.2868612407443129,-0.422804789469535
SYNTHETIC DATA,3.997248020809393,0.0027519791906072,0.0040561421936619
SYNTHETIC DATA,3.0408521272907123,-0.2908521272907123,-0.4286869572439928
SYNTHETIC DATA,2.6163186793040705,-0.1163186793040704,-0.1714421041578336
SYNTHETIC DATA,3.503509973358629,0.2464900266413709,0.3633016560551534
SYNTHETIC DATA,3.6602950129574863,-0.6602950129574863,-0.9732088351040452
SYNTHETIC DATA,2.713375681495899,-0.7133756814958989,-1.051444433709329
SYNTHETIC DATA,3.557343542539457,-1.2240102092061234,-1.80406867609289
SYNTHETIC DATA,3.828724876938728,-0.3287248769387276,-0.4845076038395855
SYNTHETIC DATA,3.142215029205542,-0.4755483625388756,-0.700910742713566
SYNTHETIC DATA,4.830588410891254,0.1694115891087459,0.2496957451657496
SYNTHETIC DATA,2.457553895958466,0.292446104041534,0.431036319614461
SYNTHETIC DATA,3.224414318514596,-0.2244143185145959,-0.3307642693286858
SYNTHETIC DATA,3.2348193855153986,-0.7348193855153986,-1.0830503095672417
SYNTHETIC DATA,2.9838702980798417,-0.4838702980798417,-0.7131764437028236
SYNTHETIC DATA,3.753598167036904,0.2464018329630963,0.3631716673906733
SYNTHETIC DATA,2.8406975908838605,-0.5906975908838605,-0.8706291930753406
SYNTHETIC DATA,3.6382912422189633,-0.8882912422189633,-1.3092524827666747
SYNTHETIC DATA,2.8251092936146573,-0.5751092936146573,-0.8476536013641949
SYNTHETIC DATA,3.812068674524895,0.9379313254751054,1.382417002643623
SYNTHETIC DATA,4.207212302364842,-0.2072123023648417,-0.3054102173216004
SYNTHETIC DATA,2.2391337451066984,1.2608662548933016,1.8583908026967293
SYNTHETIC DATA,3.502658542376204,0.7473414576237958,1.1015065919418698
SYNTHETIC DATA,4.113340137019773,-0.6133401370197733,-0.9040020423567876
SYNTHETIC DATA,2.724839421235374,-0.974839421235374,-1.4368158458514124
SYNTHETIC DATA,4.327361652905197,-0.5773616529051973,-0.8509733537754148
SYNTHETIC DATA,3.814356176413428,1.185643823586572,1.7475204594272584
SYNTHETIC DATA,3.2406327114338334,-0.9906327114338334,-1.4600935766458027
SYNTHETIC DATA,2.9306143741060127,-1.4306143741060129,-2.108582559590616
SYNTHETIC DATA,3.6095432217573498,0.1404567782426502,0.2070192487502521
SYNTHETIC DATA,3.7916351581574954,0.2083648418425054,0.3071089452847946
SYNTHETIC DATA,3.6399768035350655,-1.1399768035350657,-1.6802118375009234
SYNTHETIC DATA,2.847394245045992,0.152605754954008,0.2249256258104224
SYNTHETIC DATA,3.4473890650072514,0.0526109349927486,0.0775432583212985
SYNTHETIC DATA,3.5383313047348484,-0.2883313047348483,-0.4249715168197073
SYNTHETIC DATA,4.285530287704032,-0.0355302877040317,-0.0523680918813462
SYNTHETIC DATA,4.181919772266667,0.8180802277333328,1.2057684668675068
SYNTHETIC DATA,3.469813870367781,0.0301861296322187,0.0444913371738017
SYNTHETIC DATA,2.822849970384426,0.1771500296155741,0.2611014328104889
SYNTHETIC DATA,3.675588886211285,0.3244111137887149,0.4781495482314797
SYNTHETIC DATA,4.560658605986879,-0.0606586059868785,-0.0894047207885337
SYNTHETIC DATA,2.725468217680544,-0.2254682176805436,-0.3323176113341252
SYNTHETIC DATA,3.468978293944619,0.1976883727220473,0.2913728971974309
SYNTHETIC DATA,3.276058865182621,0.2239411348173789,0.3300668438662457
SYNTHETIC DATA,3.258630782334087,-0.0086307823340869,-0.0127209102848913
SYNTHETIC DATA,3.427693851811205,0.2389728148554613,0.352222037427371
SYNTHETIC DATA,5.069660198474606,-0.0696601984746063,-0.1026721681675842
SYNTHETIC DATA,2.928579954032423,-0.4285799540324229,-0.6316840043129248
SYNTHETIC DATA,3.491465382433164,0.5085346175668364,0.7495291847739084
SYNTHETIC DATA,3.980364764259318,0.2696352357406821,0.3974153802901575
SYNTHETIC DATA,3.47196296728825,-0.4719629672882499,-0.6956262285694712
SYNTHETIC DATA,3.545505869067312,-1.0455058690673114,-1.540971124970397
SYNTHETIC DATA,3.5612071442833457,-0.3112071442833457,-0.4586882172674413
SYNTHETIC DATA,2.8950164407275216,-0.2283497740608551,-0.3365647373507353
SYNTHETIC DATA,4.379116258535039,-1.1291162585350385,-1.6642044799703406
SYNTHETIC DATA,2.338652679345527,-1.0886526793455271,-1.6045652096526952
SYNTHETIC DATA,4.52650894892598,0.4734910510740198,0.6978784712972022
SYNTHETIC DATA,3.378120769862082,0.2885458968045844,0.4252878040763307
SYNTHETIC DATA,3.497072618920962,0.5029273810790378,0.7412646787828647
SYNTHETIC DATA,4.758800639529131,0.2411993604708691,0.3555037430622075
SYNTHETIC DATA,4.061745297860894,-1.0617452978608943,-1.5649064194506168
SYNTHETIC DATA,3.0343199610924616,-0.2843199610924616,-0.4190591973309933
SYNTHETIC DATA,4.546666452241062,-0.0466664522410615,-0.06878168505399
SYNTHETIC DATA,3.40279052303239,-0.1527905230323898,-0.2251979554854882
SYNTHETIC DATA,2.378552803123355,-0.3785528031233549,-0.5579489854132393
SYNTHETIC DATA,3.963280757019321,-0.2132807570193211,-0.3143545127793458
SYNTHETIC DATA,3.496698540125411,1.253301459874589,1.8472410511410011
SYNTHETIC DATA,4.339602193344951,0.6603978066550491,0.973360342737297
SYNTHETIC DATA,3.7599097980521257,-0.0099097980521256,-0.0146060515817442
SYNTHETIC DATA,3.8395205508361694,0.8271461158304976,1.2191306795468164
SYNTHETIC DATA,3.885039465591848,0.8649605344081523,1.2748653519764348
SYNTHETIC DATA,2.7100438036982712,-0.7100438036982712,-1.0465335789451615
SYNTHETIC DATA,3.54818122805591,-0.0481812280559101,-0.0710143131630675
SYNTHETIC DATA,4.263780295506996,-0.2637802955069963,-0.3887857837422337
SYNTHETIC DATA,2.9495294180294707,0.5504705819705293,0.8113386036933127
SYNTHETIC DATA,2.71670006793195,0.0332999320680498,0.0490807706570959
SYNTHETIC DATA,3.771971202920605,-0.2719712029206045,-0.4008583623715016
SYNTHETIC DATA,4.156985922059581,-0.4903192553929147,-0.7226815620380057
SYNTHETIC DATA,4.660372205946189,0.0896277940538112,0.1321024077606824
SYNTHETIC DATA,3.155520084483997,-1.6555200844839968,-2.440071091398289
SYNTHETIC DATA,4.530443315143116,0.2195566848568839,0.3236046029665101
SYNTHETIC DATA,3.354142513717166,-0.6041425137171661,-0.8904456651550828
SYNTHETIC DATA,4.2828439440728,0.4671560559271999,0.6885413218015367
SYNTHETIC DATA,3.4846292072352805,-0.2346292072352804,-0.3458199940539836
SYNTHETIC DATA,2.4717448494602112,-0.4717448494602112,-0.6953047446976028
SYNTHETIC DATA,3.896816694907826,-0.1468166949078262,-0.2163931300724078
SYNTHETIC DATA,4.092161459683882,0.907838540316118,1.338063245891109
SYNTHETIC DATA,4.819608675897442,-0.3196086758974417,-0.4710712349107543
SYNTHETIC DATA,4.284818539431628,0.4651814605683722,0.6856309656557902
SYNTHETIC DATA,3.46450268360297,-0.4645026836029706,-0.6846305162705448
SYNTHETIC DATA,4.209034109933629,0.5409658900663707,0.7973296380725703
SYNTHETIC DATA,4.133432819544826,0.8665671804551742,1.27723338762287
SYNTHETIC DATA,2.5758703203826525,-0.3258703203826525,-0.4803002728645515
SYNTHETIC DATA,3.876363067533072,-0.6263630675330716,-0.9231965399461612
SYNTHETIC DATA,4.078742994971369,-0.0787429949713693,-0.1160593021374586
SYNTHETIC DATA,3.9132620630762687,0.5867379369237313,0.8647930590105197
SYNTHETIC DATA,3.625221270278168,0.1247787297218319,0.1839113726672433
SYNTHETIC DATA,2.8343641891988227,-0.1676975225321562,-0.2471693823982617
SYNTHETIC DATA,4.2615917016066405,-0.0115917016066404,-0.0170850092702405
SYNTHETIC DATA,3.8760143997111887,0.1239856002888113,0.1827423791772889
SYNTHETIC DATA,3.8398874429390113,-0.8398874429390113,-1.2379101218712651
SYNTHETIC DATA,4.248379780206183,-0.2483797802061831,-0.3660869638787079
SYNTHETIC DATA,3.4694869269753728,0.0305130730246272,0.0449732190475503
SYNTHETIC DATA,3.063739334221162,-0.0637393342211618,-0.09394540620539
SYNTHETIC DATA,3.170453333482168,-0.1704533334821678,-0.2512311722221998
SYNTHETIC DATA,3.1509496615981227,0.5157170050685438,0.7601153058813422
SYNTHETIC DATA,3.012664634084443,0.2373353659155568,0.3498086013963928
SYNTHETIC DATA,4.550345307895352,0.199654692104648,0.2942710553816221
SYNTHETIC DATA,3.0686809049339234,-0.5686809049339234,-0.8381787991367005
SYNTHETIC DATA,4.23552452626054,0.7644754737394601,1.1267604186971134
SYNTHETIC DATA,2.728305566477119,-0.4783055664771192,-0.7049745856628917
SYNTHETIC DATA,2.415538192431731,0.5844618075682688,0.8614382719000522
SYNTHETIC DATA,4.341420930786187,-1.341420930786187,-1.9771203413869551
SYNTHETIC DATA,3.625106858673096,-0.8751068586730963,-1.2898200195488063
SYNTHETIC DATA,3.950942433549741,-0.4509424335497405,-0.6646440633986475
SYNTHETIC DATA,4.5587073705182455,0.4412926294817545,0.6504212169562322
SYNTHETIC DATA,4.346623815885807,0.1533761841141929,0.2260611613677112
SYNTHETIC DATA,3.825044191825433,-0.3250441918254325,-0.4790826419646646
SYNTHETIC DATA,4.101290465756301,0.3987095342436992,0.5876579918848646
SYNTHETIC DATA,3.6839704247852056,0.3160295752147943,0.4657959983305507
SYNTHETIC DATA,3.352949933286701,-0.352949933286701,-0.5202129149597514
SYNTHETIC DATA,4.190756395582936,-0.4407563955829356,-0.6496308618001705
SYNTHETIC DATA,4.217874801882001,-0.2178748018820009,-0.3211256756103336
SYNTHETIC DATA,2.094767435869276,0.9052325641307242,1.3342222975302598
SYNTHETIC DATA,3.897224475958162,0.4361088573751712,0.6427808551266063
SYNTHETIC DATA,3.2552176995065,0.4947823004935001,0.7292596443165662
SYNTHETIC DATA,3.289973923563541,-0.0399739235635414,-0.0589175668790294
SYNTHETIC DATA,3.163537930954977,-0.1635379309549769,-0.2410385602749756
SYNTHETIC DATA,4.363924120906479,0.3860758790935206,0.5690372472623344
SYNTHETIC DATA,4.089747991782677,-0.0897479917826773,-0.1322795671960807
SYNTHETIC DATA,3.6709389794799527,0.5790610205200473,0.8534780517428493
SYNTHETIC DATA,4.04319628405019,-0.0431962840501896,-0.0636670040759723
SYNTHETIC DATA,3.623836873652546,1.376163126347454,2.0283268642405727
SYNTHETIC DATA,3.3083268086634403,1.4416731913365597,2.1248821505664184
SYNTHETIC DATA,2.937832996737858,-0.9378329967378578,-1.3822720759154847
SYNTHETIC DATA,4.586881254548866,0.4131187454511336,0.60889572862188
SYNTHETIC DATA,2.8506004441910227,-0.1839337775243561,-0.2710999990125485
SYNTHETIC DATA,3.8892447743522447,-0.1392447743522447,-0.2052328761877214
SYNTHETIC DATA,2.2146764591786865,0.0353235408213135,0.0520633676460526
SYNTHETIC DATA,4.007896576750635,-0.5078965767506354,-0.7485887763999264
SYNTHETIC DATA,3.957950453269992,-0.4579504532699916,-0.6749731838288981
SYNTHETIC DATA,3.0056706911573032,-0.7556706911573032,-1.1137830494425056
SYNTHETIC DATA,3.008277031089025,-0.2582770310890252,-0.3806745221873505
SYNTHETIC DATA,4.60367156460888,0.14632843539112,0.2156734843592686
SYNTHETIC DATA,3.877313581333602,-0.1273135813336021,-0.1876474905173585
SYNTHETIC DATA,3.055008682104388,-0.5550086821043876,-0.8180273095871766
SYNTHETIC DATA,4.196591422615958,-0.946591422615958,-1.3951811200228947
SYNTHETIC DATA,3.517696831016805,0.4823031689831945,0.7108666520904736
SYNTHETIC DATA,4.1427199973176,0.1906133360157333,0.2809450004298485
SYNTHETIC DATA,3.682401371554498,-0.0157347048878313,-0.0231913819036798
SYNTHETIC DATA,4.439623818689733,-0.7729571520230665,-1.1392615645184998
SYNTHETIC DATA,3.989812819171076,-0.739812819171076,-1.0904101315496078
SYNTHETIC DATA,2.87760838156588,-0.5442750482325467,-0.8022070063714075
SYNTHETIC DATA,2.4410659405788304,0.5589340594211696,0.823812923306563
SYNTHETIC DATA,3.2071914622049063,0.7928085377950937,1.1685205224740698
SYNTHETIC DATA,3.227106059093658,-0.227106059093658,-0.3347316258313767
SYNTHETIC DATA,4.285341056760405,-0.0353410567604051,-0.052089184389091
SYNTHETIC DATA,3.0349196711682085,-0.7849196711682085,-1.156893121767446
SYNTHETIC DATA,3.1987281315279508,1.4679385351387162,2.163594641413218
SYNTHETIC DATA,4.516727231743433,-0.2667272317434328,-0.3931292731303217
SYNTHETIC DATA,3.250215137836425,-0.2502151378364248,-0.3687920975330216
SYNTHETIC DATA,3.7900919677970974,-1.0400919677970974,-1.5329915757610917
SYNTHETIC DATA,2.630596484593529,0.8694035154064705,1.2814138617741926
SYNTHETIC DATA,3.2223597197372293,0.7776402802627707,1.146164027340976
SYNTHETIC DATA,3.642830508827496,1.0238361578391708,1.5090321370823612
SYNTHETIC DATA,4.276708157110959,-1.026708157110959,-1.5132651768764942
SYNTHETIC DATA,4.126697819148663,0.3733021808513372,0.5502100931232098
SYNTHETIC DATA,3.620367761482096,0.0462989051845705,0.0682399574387967
SYNTHETIC DATA,3.5136811404748194,-0.5136811404748194,-0.7571146450088426
SYNTHETIC DATA,3.527165262347609,-0.5271652623476091,-0.7769888925538011
SYNTHETIC DATA,3.4712760111300205,0.2787239888699795,0.4108112937408642
SYNTHETIC DATA,3.531951861550985,0.7180481384490145,1.0583311681222514
SYNTHETIC DATA,3.303585524146562,-1.053585524146562,-1.5528797287814429
SYNTHETIC DATA,4.4441534719790665,-0.1941534719790665,-0.2861628069093399
SYNTHETIC DATA,4.485918990554519,0.2640810094454808,0.3892290060232279
SYNTHETIC DATA,3.804829503159289,-0.1381628364926226,-0.2036382079510168
SYNTHETIC DATA,2.853567352686126,-0.103567352686126,-0.1526479235562001
SYNTHETIC DATA,4.147977506339971,-0.6479775063399709,-0.9550540618112316
SYNTHETIC DATA,3.406160885510344,0.0938391144896564,0.1383094730499709
SYNTHETIC DATA,3.4065732925950583,-0.9065732925950584,-1.3361983972453266
SYNTHETIC DATA,4.363077288515085,-0.6964106218484187,-1.0264396318965097
SYNTHETIC DATA,4.691423443268757,-0.9414234432687572,-1.3875640351416934
SYNTHETIC DATA,3.746702044223576,-0.2467020442235763,-0.3636141487745447
SYNTHETIC DATA,4.14530248716017,0.1046975128398299,0.1543136666332844
SYNTHETIC DATA,3.7482786978020575,-1.4982786978020584,-2.20831300787521
SYNTHETIC DATA,3.191186228651261,-1.5245195619845944,-2.246989418210076
SYNTHETIC DATA,4.203309533390311,-0.4533095333903105,-0.6681329319092514
SYNTHETIC DATA,3.070702969298532,1.679297030701468,2.475115932986585
SYNTHETIC DATA,3.014561051677648,0.235438948322352,0.3470134714612338
SYNTHETIC DATA,4.202774422541175,0.2972255774588248,0.4380807855964445
SYNTHETIC DATA,4.469550987143943,-0.4695509871439425,-0.6920712109781348
SYNTHETIC DATA,3.134096286471508,0.8659037135284922,1.2762555037040528
SYNTHETIC DATA,3.9109613094445614,0.3390386905554385,0.4997091339714597
SYNTHETIC DATA,3.8947409402985897,0.6052590597014103,0.8920913423074807
SYNTHETIC DATA,3.417117740244783,0.332882259755217,0.4906351704704389
SYNTHETIC DATA,3.767908746828741,0.7320912531712587,1.079029315241148
SYNTHETIC DATA,3.54917485009548,-1.5491748500954796,-2.2833288479357003
SYNTHETIC DATA,4.558304828000755,-0.5583048280007548,-0.8228854991012371
SYNTHETIC DATA,2.928622931886651,-0.6786229318866508,-1.0002223552441436
SYNTHETIC DATA,2.9390251046417,-0.4390251046416997,-0.6470791120412263
SYNTHETIC DATA,3.136479104394211,1.113520895605789,1.6412184741826867
SYNTHETIC DATA,3.294090649312268,0.0392426840210653,0.0578397929002018
SYNTHETIC DATA,3.212038460610351,0.037961539389649,0.0559515137978717
SYNTHETIC DATA,3.1521093714407185,0.0978906285592815,0.1442809997323349
SYNTHETIC DATA,4.142675742889163,0.3573242571108368,0.5266602309468694
SYNTHETIC DATA,4.003262419357668,0.496737580642332,0.7321415317738462
SYNTHETIC DATA,3.7003285523055776,1.2996714476944216,1.91558577727758
SYNTHETIC DATA,3.610225798185184,0.889774201814816,1.311438216949827
SYNTHETIC DATA,3.618245128817169,0.1317548711828311,0.194193507730434
SYNTHETIC DATA,3.687392202839994,-1.187392202839994,-1.750097395649935
SYNTHETIC DATA,3.6921758373128784,0.0578241626871216,0.0852270347424595
SYNTHETIC DATA,2.987267169906138,0.2627328300938618,0.3872419244452167
SYNTHETIC DATA,3.201909761708205,-0.201909761708205,-0.2975948025232616
SYNTHETIC DATA,4.138279899107114,-0.3882798991071139,-0.5722857524121275
SYNTHETIC DATA,4.223586239546532,0.4430804271201349,0.6530562519374248
SYNTHETIC DATA,2.626913592515887,0.3730864074841129,0.5498920647521908
SYNTHETIC DATA,3.094737266793167,-0.0947372667931669,-0.1396332597512068
SYNTHETIC DATA,3.647499737076884,0.1025002629231162,0.1510751399294409
SYNTHETIC DATA,2.0797415181035404,0.1702584818964596,0.2509439804654487
SYNTHETIC DATA,3.528665882765423,0.7213341172345769,1.063174372331458
SYNTHETIC DATA,3.532469773087397,-0.032469773087397,-0.0478571993160168
SYNTHETIC DATA,4.530043328852226,0.4699566711477736,0.6926691486409084
SYNTHETIC DATA,2.915542871956021,-0.915542871956021,-1.3494186604760865
SYNTHETIC DATA,2.9228270487642942,0.8271729512357058,1.219170232251183
SYNTHETIC DATA,4.560504472414816,0.4394955275851844,0.6477724684286754
SYNTHETIC DATA,4.000634499769494,0.749365500230506,1.1044898283874314
SYNTHETIC DATA,3.5269401159712506,-1.0269401159712506,-1.513607061046125
SYNTHETIC DATA,2.845377138351856,0.1546228616481446,0.2278986394142789
SYNTHETIC DATA,4.588844067021815,0.4111559329781853,0.606002739271908
SYNTHETIC DATA,2.8425122922153188,0.9074877077846812,1.3375461538147857
SYNTHETIC DATA,4.857242690668833,0.1427573093311673,0.210410001575642
SYNTHETIC DATA,4.395914288395112,-0.6459142883951117,-0.9520130848338524
SYNTHETIC DATA,4.781682909392584,-0.7816829093925843,-1.1521224585103431
SYNTHETIC DATA,2.450789949196487,-1.450789949196487,-2.1383193401902583
SYNTHETIC DATA,3.0656366788897085,1.4343633211102915,2.1141081326682607
SYNTHETIC DATA,3.903323805430682,-0.403323805430682,-0.5944589662957175
SYNTHETIC DATA,3.896526352291064,1.103473647708936,1.626409835271571
SYNTHETIC DATA,4.552433684850232,0.1142329818164347,0.1683679945818278
SYNTHETIC DATA,3.96596858693382,0.28403141306618,0.4186339063882808
SYNTHETIC DATA,3.94677082551634,0.0532291744836599,0.0784544815214711
SYNTHETIC DATA,4.544962201839639,-0.2949622018396391,-0.4347447962181748
SYNTHETIC DATA,3.868564238558153,0.3814357614418471,0.5621981777465668
SYNTHETIC DATA,3.831378926430854,-0.0813789264308542,-0.1199444015774941
SYNTHETIC DATA,3.4006569476189115,0.0993430523810885,0.1464217272374041
SYNTHETIC DATA,3.749797719911412,0.5002022800885877,0.7372481523690456
SYNTHETIC DATA,3.9340310134022616,-0.4340310134022616,-0.6397183208461398
SYNTHETIC DATA,2.7045381016526338,0.2954618983473662,0.4354812989126484
SYNTHETIC DATA,3.894840265993086,-0.3948402659930861,-0.581955077319422
SYNTHETIC DATA,3.560357912726741,-0.060357912726741,-0.0889615289853558
SYNTHETIC DATA,3.4368828785257515,-0.4368828785257515,-0.6439216849186232
SYNTHETIC DATA,4.034682829622889,-0.2846828296228887,-0.4195940292665112
SYNTHETIC DATA,3.0423505758880056,0.4576494241119944,0.6745294969458567
SYNTHETIC DATA,3.9816432158393305,0.3516901174940026,0.5183560724333084
SYNTHETIC DATA,4.021403700591768,-0.3547370339251015,-0.5228469226326572
SYNTHETIC DATA,4.233576755052304,0.7664232449476964,1.1296312387266731
SYNTHETIC DATA,4.112876524496649,0.1371234755033512,0.2021062937645219
SYNTHETIC DATA,4.00035206697204,0.9996479330279602,1.4733811119650948
SYNTHETIC DATA,4.294251131203708,-1.0442511312037075,-1.5391217668037658
SYNTHETIC DATA,3.307382651037663,0.9426173489623372,1.3893237327714978
SYNTHETIC DATA,2.681280825293272,-1.181280825293272,-1.741089836140305
SYNTHETIC DATA,3.7618273894919376,0.2381726105080623,0.3510426162209482
SYNTHETIC DATA,3.816356342682663,-0.316356342682663,-0.4662776209091159
SYNTHETIC DATA,2.67042357507601,-0.1704235750760099,-0.2511873113066648
SYNTHETIC DATA,3.250950380539809,-0.0009503805398085,-0.001400765899942
SYNTHETIC DATA,4.029457604029118,-0.0294576040291181,-0.0434175632702834
SYNTHETIC DATA,3.222334989429351,0.2776650105706491,0.4092504656006126
SYNTHETIC DATA,3.780937090883021,0.2190629091169795,0.3228768268918695
SYNTHETIC DATA,4.71154995429224,-0.2115499542922396,-0.3118034825992552
SYNTHETIC DATA,4.265152391808319,0.2348476081916812,0.3461418952287515
SYNTHETIC DATA,3.7693305500563583,0.4806694499436417,0.7084587135597115
SYNTHETIC DATA,3.9937419841267614,1.0062580158732386,1.4831237132259782
SYNTHETIC DATA,4.218759017425812,-0.9687590174258124,-1.4278539385337106
SYNTHETIC DATA,2.945253634628824,0.8047463653711762,1.1861156868187992
SYNTHETIC DATA,3.035183308384982,0.714816691615018,1.0535683385577386
SYNTHETIC DATA,3.495917365717176,-0.745917365717176,-1.0994076228472605
SYNTHETIC DATA,3.6465577957331896,0.3534422042668104,0.5209384731688949
SYNTHETIC DATA,3.991794958775381,0.2582050412246186,0.380568416324511
SYNTHETIC DATA,3.4638352825414063,0.8694980507919268,1.2815531974810366
SYNTHETIC DATA,3.1942562487797628,-0.4442562487797628,-0.6547892955091626
SYNTHETIC DATA,4.008548584073584,0.2414514159264156,0.3558752476040567
SYNTHETIC DATA,4.252914073950339,0.0804192593829942,0.1185299482931169
SYNTHETIC DATA,3.1351427237462874,-0.3851427237462874,-0.5676618695741337
SYNTHETIC DATA,3.933309506772689,-0.6833095067726891,-1.0071298980787324
SYNTHETIC DATA,3.394130218828289,0.3558697811717111,0.5245164788260359
SYNTHETIC DATA,2.486346560500607,-0.1530132271672735,-0.2255261991151231
SYNTHETIC DATA,4.792873892409238,0.2071261075907617,0.3052831748420598
SYNTHETIC DATA,4.099125852653375,-0.0991258526533744,-0.1461015965536258
SYNTHETIC DATA,4.228127719659115,0.2718722803408848,0.4007125603789298
SYNTHETIC DATA,3.417813803836952,1.582186196163048,2.33198427167991
SYNTHETIC DATA,2.9752794878068958,0.0247205121931046,0.0364355635019399
SYNTHETIC DATA,4.150944505484522,0.3490554945154782,0.5144729015633913
SYNTHETIC DATA,4.4039038773870525,0.5960961226129475,0.878586089117618
SYNTHETIC DATA,3.518032426028089,-0.7680324260280895,-1.1320030107588537
SYNTHETIC DATA,4.412934088235303,0.0870659117646974,0.1283264493945957
SYNTHETIC DATA,3.31566270425986,0.6843372957401401,1.0086447562619945
SYNTHETIC DATA,4.097295147258856,0.1527048527411443,0.2250716860412096
SYNTHETIC DATA,2.379716448929971,-0.6297164489299711,-0.9281390888658004
SYNTHETIC DATA,3.966066034399273,-0.2993993677326068,-0.4412847351320198
SYNTHETIC DATA,4.191455081410425,0.5585449185895746,0.8232393686257367
SYNTHETIC DATA,4.792513232196843,0.2074867678031573,0.3058147519375791
SYNTHETIC DATA,4.356050852043854,0.3939491479561461,0.5806416584238496
SYNTHETIC DATA,4.090223332505994,-0.5902233325059942,-0.8699301836410662
SYNTHETIC DATA,3.0594096825620123,-0.3094096825620123,-0.4560389383941573
SYNTHETIC DATA,3.470313500401477,0.7796864995985229,1.1491799500679931
SYNTHETIC DATA,2.2395485207636288,0.0937848125697047,0.1382294374488789
SYNTHETIC DATA,3.399490266221299,0.1005097337787011,0.148141298976743
SYNTHETIC DATA,2.937052858569159,-1.6870528585691589,-2.486547247862908
SYNTHETIC DATA,2.9720824576080496,0.694584209058617,1.0237476820427305
SYNTHETIC DATA,3.7743705887846977,-0.7743705887846977,-1.1413448289946604
SYNTHETIC DATA,3.568880572130224,-0.0688805721302237,-0.1015230768802903
SYNTHETIC DATA,3.2157895736597486,-0.5491229069930821,-0.8093522655124051
SYNTHETIC DATA,1.880832089481134,-0.1308320894811341,-0.1928334197586326
SYNTHETIC DATA,4.165200712885001,0.5847992871149987,0.8619356830119026
SYNTHETIC DATA,4.736656805025514,0.2633431949744862,0.3881415412571025
SYNTHETIC DATA,3.4032678089038733,-1.4032678089038733,-2.068276456496991
SYNTHETIC DATA,3.890235524607928,0.3597644753920717,0.5302568687288862
SYNTHETIC DATA,4.593032900934387,-0.3430329009343866,-0.5055962007427891
SYNTHETIC DATA,3.106170670680471,0.6438293293195292,0.9489400636033892
SYNTHETIC DATA,2.2952561572035544,-0.0452561572035543,-0.0667030511650895
SYNTHETIC DATA,3.329253600052993,0.6707463999470065,0.9886131346333336
SYNTHETIC DATA,3.936296005007177,-0.4362960050071764,-0.6430566920258136
SYNTHETIC DATA,4.783969398286358,0.2160306017136424,0.3184075089388818
SYNTHETIC DATA,3.594194907508231,0.4058050924917689,0.5981161353533225
SYNTHETIC DATA,3.2376420596167117,0.0956912737166222,0.1410393705780909
SYNTHETIC DATA,2.60728957155522,-0.6072895715552202,-0.8950841137764945
SYNTHETIC DATA,3.893158702837274,-0.3931587028372738,-0.5794766213445814
SYNTHETIC DATA,3.4822170950401694,-1.4822170950401694,-2.18463981118728
SYNTHETIC DATA,2.7153500441374647,1.2846499558625353,1.8934456001138065
SYNTHETIC DATA,1.8963972478849176,-0.1463972478849176,-0.2157749070954927
SYNTHETIC DATA,3.4910262270999706,0.0089737729000294,0.0132264440880885
SYNTHETIC DATA,3.77609977111576,-0.7760997711157596,-1.1438934708730195
SYNTHETIC DATA,3.923196102875511,-1.173196102875511,-1.7291737635789095
SYNTHETIC DATA,3.848647364510268,0.6513526354897325,0.9600286647443252
SYNTHETIC DATA,2.851302401999295,-0.6013024019992952,-0.8862596244274172
SYNTHETIC DATA,3.270738708472117,1.2292612915278829,1.811808246450245
SYNTHETIC DATA,2.738385609323571,-0.2383856093235707,-0.351356555180128
SYNTHETIC DATA,3.06061674875108,0.1893832512489202,0.2791319784631559
SYNTHETIC DATA,4.869671521161647,-0.8696715211616466,-1.2818088754630403
SYNTHETIC DATA,3.537420497570757,0.4625795024292425,0.6817959394934241
SYNTHETIC DATA,4.129061348563589,0.2042719847697442,0.3010764831491374
SYNTHETIC DATA,3.3812578227246006,0.3687421772753994,0.5434891037455504
SYNTHETIC DATA,2.8090861784876093,-0.0590861784876093,-0.0870871198604348
SYNTHETIC DATA,4.055818810268987,-0.0558188102689873,-0.0822713457662788
SYNTHETIC DATA,2.310608811874775,0.4393911881252248,0.6476186824961907
SYNTHETIC DATA,3.639389344927596,0.8606106550724042,1.2684540647213256
SYNTHETIC DATA,4.653542933218597,-0.6535429332185974,-0.9632569446183348
SYNTHETIC DATA,3.0422891602719124,-0.5422891602719124,-0.7992800060595932
SYNTHETIC DATA,2.982440574955356,1.0175594250446438,1.4997808604691083
SYNTHETIC DATA,3.7669056869180366,-0.0169056869180366,-0.024917292345498
SYNTHETIC DATA,3.9436720319044745,0.3063279680955255,0.4514967993696332
SYNTHETIC DATA,3.595740737829036,-0.3457407378290362,-0.5095872816054026
SYNTHETIC DATA,3.493554085616491,-1.7435540856164908,-2.5698244077348145
SYNTHETIC DATA,4.501272262659513,0.498727737340487,0.7350748237779927
SYNTHETIC DATA,3.937458328560421,0.3125416714395785,0.4606551768743521
SYNTHETIC DATA,2.701913155776636,-0.0352464891099688,-0.0519498011268923
SYNTHETIC DATA,3.782969662226592,-0.5329696622265923,-0.7855439976717418
SYNTHETIC DATA,3.8800805791702575,-1.3800805791702584,-2.0341007980481
SYNTHETIC DATA,4.056853973195669,-1.0568539731956692,-1.5576970959116765
SYNTHETIC DATA,3.8581727311156975,-0.3581727311156975,-0.5279107968025586
SYNTHETIC DATA,3.1450914664643923,-0.3950914664643923,-0.5823253216999793
SYNTHETIC DATA,4.323584825878055,-0.0735848258780551,-0.1084566765896912
SYNTHETIC DATA,3.420738967136852,-0.170738967136852,-0.2516521676725465
SYNTHETIC DATA,3.8017217185427135,1.1982782814572857,1.7661423871796038
SYNTHETIC DATA,4.342935069869737,0.6570649301302627,0.9684480159491468
SYNTHETIC DATA,4.620931495734757,0.3790685042652431,0.5587090773383788
SYNTHETIC DATA,2.045670721468339,0.9543292785316608,1.4065859460387606
SYNTHETIC DATA,4.217328910417558,0.2826710895824416,0.4166289255736536
SYNTHETIC DATA,3.737535364573133,-0.4042020312397998,-0.5957533833363999
SYNTHETIC DATA,3.65768293779693,0.0923170622030697,0.1360661201490278
SYNTHETIC DATA,2.7355217771935787,0.2644782228064213,0.389814458805246
SYNTHETIC DATA,3.749642406412324,1.250357593587676,1.842902086551588
SYNTHETIC DATA,3.593133336524608,-0.3431333365246081,-0.5057442327615751
SYNTHETIC DATA,3.30016589167972,-0.3001658916797201,-0.4424145147956707
SYNTHETIC DATA,3.302183962587693,-0.302183962587693,-0.4453889495543232
SYNTHETIC DATA,4.1715547552468975,-0.4215547552468974,-0.621329563657963
SYNTHETIC DATA,3.863859783555581,0.636140216444419,0.9376070799561972
SYNTHETIC DATA,3.450010186083705,1.0499898139162949,1.5475800113886125
SYNTHETIC DATA,4.166264821885763,0.583735178114237,0.860367292730691
SYNTHETIC DATA,3.6006051367990017,1.1493948632009985,1.6940931158637105
SYNTHETIC DATA,1.8855986280220036,-0.6355986280220034,-0.9368088327676808
SYNTHETIC DATA,4.145657227610114,-0.3956572276101138,-0.5831591970659442
SYNTHETIC DATA,4.3544228072213045,-0.3544228072213045,-0.5223837838865516
SYNTHETIC DATA,4.382303637417322,0.3676963625826781,0.5419476774453892
SYNTHETIC DATA,3.683502679964463,0.0664973200355372,0.0980104015619649
SYNTHETIC DATA,4.384523483251001,-0.3845234832510007,-0.5667491709935887
SYNTHETIC DATA,4.564593138870788,-0.3145931388707881,-0.4636788347693874
SYNTHETIC DATA,4.075444511653677,0.6745554883463232,0.9942273501145372
SYNTHETIC DATA,4.030498802032091,0.4695011979679089,0.6919978267104098
SYNTHETIC DATA,4.79908828113776,0.2009117188622404,0.2961237871491569
SYNTHETIC DATA,2.762417823933758,0.4875821760662422,0.718647380754147
SYNTHETIC DATA,2.448826379178345,1.8011736208216549,2.654749842026811
SYNTHETIC DATA,2.9031575097585183,-0.1531575097585182,-0.2257388572297471
SYNTHETIC DATA,3.9075654371709287,0.5924345628290713,0.8731893160661767
SYNTHETIC DATA,2.9581324457800453,-0.9581324457800452,-1.412191434335466
SYNTHETIC DATA,2.169091230393783,-0.419091230393783,-0.6176985743191056
SYNTHETIC DATA,3.4709588275171663,0.5290411724828337,0.7797537965461615
SYNTHETIC DATA,3.5385511215443257,-0.0385511215443257,-0.056820498949495
SYNTHETIC DATA,2.970252909829495,0.5297470901705048,0.7807942486425974
SYNTHETIC DATA,3.855165032726599,-0.8551650327265987,-1.260427761817961
SYNTHETIC DATA,3.4981912271731472,0.2518087728268527,0.3711409561828375
SYNTHETIC DATA,3.2901347503338303,0.7098652496661697,1.046270408153054
SYNTHETIC DATA,2.133621553958564,0.3663784460414359,0.540005200224303
SYNTHETIC DATA,2.7711357480580765,-0.0211357480580764,-0.0311519795591392
SYNTHETIC DATA,2.7638810321241,0.4861189678759001,0.7164907581680406
SYNTHETIC DATA,3.179696113700736,-0.9296961137007358,-1.3702791238159886
SYNTHETIC DATA,4.569111194172203,0.1808888058277968,0.2666120151574834
SYNTHETIC DATA,3.4973721003701232,0.1692945662965432,0.2495232652400959
SYNTHETIC DATA,3.359872810808406,-0.6098728108084059,-0.8988915501724284
SYNTHETIC DATA,4.128842308978477,-0.1288423089784771,-0.1899006822290396
SYNTHETIC DATA,4.55756199783083,0.1924380021691698,0.283634375916248
SYNTHETIC DATA,3.665845827534155,-0.1658458275341554,-0.2444401690972242
SYNTHETIC DATA,3.893223452468298,0.3567765475317017,0.5258529617853201
SYNTHETIC DATA,3.5157121459047342,-0.2657121459047342,-0.3916331380888262
SYNTHETIC DATA,3.943376430066662,0.7232902366000049,1.0660574967100989
SYNTHETIC DATA,4.47649820063093,0.27350179936907,0.4031143085128387
SYNTHETIC DATA,2.1794622236677883,0.5705377763322117,0.8409156419342433
SYNTHETIC DATA,3.867436255172565,0.6325637448274355,0.9323357183559374
SYNTHETIC DATA,3.370974808690784,0.3790251913092164,0.558645238371474
SYNTHETIC DATA,3.62703038264526,-0.3770303826452599,-0.5557050898348235
SYNTHETIC DATA,4.238768153862848,0.2612318461371519,0.3850296241561737
SYNTHETIC DATA,3.789871009214738,0.4601289907852619,0.6781841303238146
SYNTHETIC DATA,2.9364004002116944,0.5635995997883056,0.8306894633632478
SYNTHETIC DATA,3.671126388428024,-0.921126388428024,-1.357648205535292
SYNTHETIC DATA,4.02839142765433,-1.2783914276543298,-1.8842211552407604
SYNTHETIC DATA,3.454709922499192,0.545290077500808,0.8037030580337343
SYNTHETIC DATA,2.649974538654518,0.1000254613454818,0.1474275298260488
SYNTHETIC DATA,4.6669380134893625,-0.1669380134893625,-0.2460499420022522
SYNTHETIC DATA,3.650711316389439,-0.6507113163894389,-0.959083424507342
SYNTHETIC DATA,3.5892467684109333,-0.0892467684109332,-0.1315408140566967
SYNTHETIC DATA,2.6028415512033423,-1.1028415512033425,-1.6254781882171327
SYNTHETIC DATA,3.643969348080476,0.1060306519195237,0.1562785803541518
SYNTHETIC DATA,4.941141255699268,0.058858744300732,0.0867519046070554
SYNTHETIC DATA,3.2544054718090627,0.7455945281909373,1.0989317926097557
SYNTHETIC DATA,3.597476255406056,0.4025237445939442,0.5932797566096615
SYNTHETIC DATA,4.582663841136561,0.4173361588634394,0.6151117743493171
SYNTHETIC DATA,3.6734459585118655,-1.4234459585118664,-2.0980170316780646
SYNTHETIC DATA,2.606607942107489,-0.6066079421074888,-0.8940794601174762
SYNTHETIC DATA,4.210410794824209,-0.4604107948242086,-0.678599481303436
SYNTHETIC DATA,3.231970436185199,-0.231970436185199,-0.3419012313408315
SYNTHETIC DATA,3.295997073227326,1.2040029267726742,1.7745799420443893
SYNTHETIC DATA,3.980038575370589,1.0199614246294106,1.5033211677135034
SYNTHETIC DATA,3.966474910396769,-0.9664749103967688,-1.4244873931299649
SYNTHETIC DATA,3.0205524373864883,-0.2705524373864882,-0.3987672438174502
SYNTHETIC DATA,4.199187151881073,0.5508128481189267,0.8118430697774731
SYNTHETIC DATA,3.886974367613703,0.613025632386297,0.9035384939701212
SYNTHETIC DATA,3.331693452335885,-0.3316934523358852,-0.4888829871871684
SYNTHETIC DATA,4.118514465526569,0.8814855344734314,1.2992215499607136
SYNTHETIC DATA,2.7020223805680126,0.0479776194319874,0.0707142144074863
SYNTHETIC DATA,3.1055463365170133,0.6444536634829867,0.9498602697415708
SYNTHETIC DATA,3.480499311948453,0.0195006880515471,0.0287420645771188
SYNTHETIC DATA,4.855095804870823,0.1449041951291771,0.2135742966037449
SYNTHETIC DATA,3.236245650948528,-0.2362456509485282,-0.3482024704808991
SYNTHETIC DATA,3.9735190830876927,-0.4735190830876927,-0.6979197876828129
SYNTHETIC DATA,3.388777061572005,-0.1387770615720049,-0.2045435143099425
SYNTHETIC DATA,3.895417572460282,0.354582427539718,0.5226190482776097
SYNTHETIC DATA,3.506552864387666,-1.506552864387666,-2.220508302200043
SYNTHETIC DATA,2.7072410002292537,0.5427589997707463,0.7999725025079578
SYNTHETIC DATA,4.267125494180161,-1.2671254941801608,-1.86761629562862
SYNTHETIC DATA,3.7346241759866654,-0.2346241759866663,-0.345812578496533
SYNTHETIC DATA,3.249938996142506,0.500061003857494,0.7370399253287189
SYNTHETIC DATA,3.111901145951132,0.6380988540488683,0.9404939159673908
SYNTHETIC DATA,3.1754584885304378,-0.6754584885304378,-0.9955582821071092
SYNTHETIC DATA,4.5831209624717815,0.4168790375282185,0.6144380232026001
SYNTHETIC DATA,3.773594590527905,0.2264054094720955,0.3336989383377021
SYNTHETIC DATA,4.049745244800075,0.700254755199925,1.0321055001335684
SYNTHETIC DATA,3.266622171889963,-0.5166221718899631,-0.7614494312806885
SYNTHETIC DATA,3.251110938519938,-1.501110938519938,-2.212487447535803
SYNTHETIC DATA,4.06398218817466,0.1860178118253399,0.2741716572177088
SYNTHETIC DATA,3.8737678312645634,0.1262321687354366,0.1860535964635271
SYNTHETIC DATA,4.594492235416104,0.4055077645838958,0.5976779037429262
SYNTHETIC DATA,3.7428487375675794,0.2571512624324206,0.379015251737944
SYNTHETIC DATA,4.1383108821647525,-0.8883108821647525,-1.3092814300832347
SYNTHETIC DATA,2.840189967248329,-0.5901899672483291,-0.86988100658701
SYNTHETIC DATA,3.767719576412752,0.2322804235872482,0.3423581217799913
SYNTHETIC DATA,4.667001054529061,0.0829989454709387,0.1223321476787184
SYNTHETIC DATA,4.305887583449741,-0.6392209167830747,-0.9421477242576874
SYNTHETIC DATA,2.639079678317104,1.110920321682896,1.6373854882166643
SYNTHETIC DATA,4.067359397229221,0.6826406027707792,1.0061440004546092
SYNTHETIC DATA,4.004586681140126,0.3287466521932067,0.4845396983876736
SYNTHETIC DATA,3.061540860932096,-0.0615408609320962,-0.0907050763730084
SYNTHETIC DATA,2.264543685063222,-1.014543685063222,-1.4953359612396706
SYNTHETIC DATA,4.645376523926676,-0.395376523926676,-0.5827454679003333
SYNTHETIC DATA,3.638149936044567,-0.138149936044567,-0.2036191939803247
SYNTHETIC DATA,2.7836078275905205,-0.7836078275905205,-1.154959595487485
SYNTHETIC DATA,2.7555384777502496,-0.7555384777502496,-1.1135881800987444
SYNTHETIC DATA,2.326931727287829,0.1730682727121708,0.255085331214709
SYNTHETIC DATA,4.3339263649247215,-0.8339263649247215,-1.2291240888460166
SYNTHETIC DATA,3.468155310136746,0.7818446898632541,1.1523609067498624
SYNTHETIC DATA,4.353867765837832,-0.1038677658378324,-0.1530907025075548
SYNTHETIC DATA,3.0871250153401943,-0.0871250153401943,-0.1284135621559085
SYNTHETIC DATA,4.2039936828788615,0.4626729837878054,0.6819337216700052
SYNTHETIC DATA,2.9861439156296017,-0.7361439156296017,-1.0850025345336702
SYNTHETIC DATA,4.737493850044828,-0.404160516711495,-0.5956921950721565
SYNTHETIC DATA,3.4378008007557286,-0.1878008007557285,-0.2767996046440794
SYNTHETIC DATA,3.106377350068392,-0.1063773500683917,-0.15678957876391
SYNTHETIC DATA,4.26269804223643,-0.0126980422364297,-0.0187156447504677
SYNTHETIC DATA,4.213027084562962,-1.2130270845629625,-1.787880648423413
SYNTHETIC DATA,3.225481310761739,0.0245186892382611,0.0361380966440566
SYNTHETIC DATA,3.577025334944197,-0.5770253349441972,-0.850477654724799
SYNTHETIC DATA,3.951338186640296,0.2986618133597045,0.4401976537244789
SYNTHETIC DATA,3.3211383081364545,-1.0711383081364545,-1.5787507775163452
SYNTHETIC DATA,4.111829949394753,0.3881700506052468,0.5721238467026459
SYNTHETIC DATA,4.142815204158414,0.6071847958415857,0.8949296848497081
SYNTHETIC DATA,3.776682156538406,-0.4433488232050724,-0.653451840933317
SYNTHETIC DATA,2.787187050526704,-0.037187050526704,-0.0548099946445893
SYNTHETIC DATA,4.049726880617626,-0.0497268806176256,-0.0732924505100772
SYNTHETIC DATA,4.826290161590621,0.1737098384093789,0.2560309349108902
SYNTHETIC DATA,2.0335120623019773,-0.2835120623019773,-0.4178684352847263
SYNTHETIC DATA,3.952451585642937,0.2975484143570628,0.4385566149083387
SYNTHETIC DATA,4.334762069023319,-1.084762069023319,-1.598830839007428
SYNTHETIC DATA,3.880520783232537,-0.8805207832325368,-1.2977996030841037
SYNTHETIC DATA,4.554389942611751,0.112276724054916,0.1654846662211858
SYNTHETIC DATA,4.749238323283555,0.2507616767164453,0.3695976412011185
SYNTHETIC DATA,3.334694999645134,0.4153050003548659,0.612118049775832
SYNTHETIC DATA,4.155839184232744,-0.405839184232744,-0.5981663831711463
SYNTHETIC DATA,3.193570231025864,0.3064297689741364,0.4516468436870084
SYNTHETIC DATA,2.92823538805642,0.0717646119435806,0.1057738632289243
SYNTHETIC DATA,3.6383707766152495,-1.6383707766152504,-2.414794726127819
SYNTHETIC DATA,3.2139967029275325,-0.4639967029275325,-0.6838847513411344
SYNTHETIC DATA,3.009373822493643,0.3239595108396904,0.4774839306343073
SYNTHETIC DATA,2.5332466587600138,-0.2832466587600137,-0.4174772569979936
SYNTHETIC DATA,4.459000812235851,0.5409991877641493,0.7973787155501082
SYNTHETIC DATA,4.234215051642028,0.0157849483579717,0.0232654357554996
SYNTHETIC DATA,3.368102519099609,-0.618102519099609,-0.9110213174160944
SYNTHETIC DATA,3.7378248215987577,-0.4878248215987577,-0.7190050160102198
SYNTHETIC DATA,3.855989613236421,1.1440103867635791,1.6861569359161523
SYNTHETIC DATA,3.4441480323672864,0.0558519676327136,0.0823202164054535
SYNTHETIC DATA,3.993985464834095,0.7560145351659049,1.1142898411348583
SYNTHETIC DATA,4.51246352369812,0.4875364763018801,0.7185800238703806
SYNTHETIC DATA,3.994314615109445,-0.2443146151094448,-0.3600953169471613
SYNTHETIC DATA,4.344709614403539,0.1552903855964613,0.2288825029773787
SYNTHETIC DATA,3.248723544819924,-0.2487235448199238,-0.3665936385509732
SYNTHETIC DATA,3.255419268324571,1.2445807316754292,1.8343875696434668
SYNTHETIC DATA,3.8022993990666856,-0.5522993990666856,-0.8140340972542842
SYNTHETIC DATA,3.594204724244054,-0.594204724244054,-0.8757983570172893
SYNTHETIC DATA,3.925857082802618,0.8241429171973818,1.2147042650109416
SYNTHETIC DATA,2.7721453283949358,-0.5221453283949353,-0.76959001178307
SYNTHETIC DATA,3.6471186077304463,0.1028813922695537,0.1516368864821054
SYNTHETIC DATA,4.121168891290906,-0.1211688912909059,-0.17859083171913
SYNTHETIC DATA,3.5344993083177334,-0.2844993083177334,-0.4193235372105331
SYNTHETIC DATA,3.888089395698597,-0.8880893956985974,-1.3089549811755672
SYNTHETIC DATA,4.507127501400189,0.2428724985998114,0.3579697813897467
SYNTHETIC DATA,3.8372918727422376,0.6627081272577624,0.9767655243278904
SYNTHETIC DATA,3.5479327018084588,0.7020672981915412,1.0347770072914764
SYNTHETIC DATA,2.9597974026808616,-0.4597974026808615,-0.6776954026089521
SYNTHETIC DATA,3.3863676480344083,-0.6363676480344083,-0.9379422913820236
SYNTHETIC DATA,3.507999700309393,0.742000299690607,1.093634259138714
SYNTHETIC DATA,2.765899811009255,-0.2658998110092549,-0.3919097376907863
SYNTHETIC DATA,3.467968213545292,-0.717968213545292,-1.058213366804778
SYNTHETIC DATA,3.95560158618044,-0.7056015861804394,-1.039986194441311
SYNTHETIC DATA,2.3431537355083463,-0.3431537355083462,-0.5057742988241858
SYNTHETIC DATA,4.412954013064875,-0.1629540130648745,-0.2401779236830413
SYNTHETIC DATA,4.674768851775196,0.3252311482248036,0.479358197006088
SYNTHETIC DATA,3.785189614424704,-0.0351896144247034,-0.051865973526944
SYNTHETIC DATA,4.268799594614978,-0.2687995946149781,-0.3961837288153587
SYNTHETIC DATA,4.226073728297735,0.7739262717022655,1.1406899500364296
SYNTHETIC DATA,4.404752615825132,0.5952473841748684,0.877335133513802
SYNTHETIC DATA,3.3914847425319565,0.6085152574680435,0.8968906522721881
SYNTHETIC DATA,4.574743354668111,-0.0747433546681106,-0.1101642322005602
SYNTHETIC DATA,3.418415112196031,0.8315848878039689,1.2256729856627535
SYNTHETIC DATA,3.279449342297889,-0.0294493422978892,-0.0434053863044311
SYNTHETIC DATA,3.746359117960439,0.7536408820395613,1.1107913137361989
SYNTHETIC DATA,4.156647274187252,0.593352725812748,0.8745425965093795
SYNTHETIC DATA,2.768410656336396,1.4815893436636038,2.1837145684186177
SYNTHETIC DATA,4.191644382253391,-1.1916443822533909,-1.7563646829871964
SYNTHETIC DATA,3.223963244848324,-0.2239632448483237,-0.3300994318413744
SYNTHETIC DATA,2.523160052344129,-0.7731600523441289,-1.1395606193064785
SYNTHETIC DATA,3.5666350486420044,-0.2333017153086709,-0.3438634036721797
SYNTHETIC DATA,4.659299840821116,0.3407001591788843,0.5021579726145734
SYNTHETIC DATA,3.1940485193380903,-0.9440485193380904,-1.391433134821929
SYNTHETIC DATA,4.309338105934423,-0.8093381059344233,-1.192883453342799
SYNTHETIC DATA,3.1184495207842438,-0.1184495207842433,-0.1745827514654998
SYNTHETIC DATA,3.704739341266342,0.7952606587336581,1.1721347035830043
SYNTHETIC DATA,2.6869000126509794,-0.4369000126509794,-0.643946938906199
SYNTHETIC DATA,3.272218842912227,0.0611144904211062,0.0900766488668477
SYNTHETIC DATA,4.309620180355196,-0.3096201803551954,-0.4563491910964732
SYNTHETIC DATA,4.011418613655954,0.4885813863440456,0.7201201168060662
SYNTHETIC DATA,1.7589350227444325,1.4910649772555675,2.197680704992334
SYNTHETIC DATA,2.509369295672664,-0.7593692956726641,-1.119234422724552
SYNTHETIC DATA,4.248135281777022,0.7518647182229783,1.1081734258452267
SYNTHETIC DATA,3.8974788502630577,-0.1474788502630577,-0.2173690808660333
SYNTHETIC DATA,2.630414396332291,1.119585603667709,1.650157247537571
SYNTHETIC DATA,3.707700663337328,0.2922993366626718,0.4308199991713094
SYNTHETIC DATA,4.32052934206494,-0.3205293420649395,-0.4724282047966498
SYNTHETIC DATA,3.378689921098116,0.3713100789018839,0.5472739340131292
SYNTHETIC DATA,4.514970094910344,0.2350299050896556,0.3464105826309568
SYNTHETIC DATA,3.715249468470273,0.0347505315297271,0.0512188092377273
SYNTHETIC DATA,4.64058034171468,0.3594196582853204,0.5297486427871481
SYNTHETIC DATA,3.015758560231744,-1.265758560231744,-1.865601571649948
SYNTHETIC DATA,4.390264633467454,-0.6402646334674538,-0.943686058303304
SYNTHETIC DATA,3.795657746965132,0.2043422530348677,0.301180051546753
SYNTHETIC DATA,3.783778430934276,0.2162215690657238,0.3186889757235992
SYNTHETIC DATA,4.347549515348572,0.3191171513180952,0.4703467768217129
SYNTHETIC DATA,4.284084412614378,-1.5340844126143782,-2.26108705177793
SYNTHETIC DATA,2.2674836227522617,0.2325163772477383,0.3427058938857287
SYNTHETIC DATA,4.311587581636336,0.6884124183636642,1.0146510795925046
SYNTHETIC DATA,3.112847253804085,0.6371527461959148,0.9390994475807048
SYNTHETIC DATA,4.269957726133247,0.4800422738667533,0.7075343187252574
SYNTHETIC DATA,2.6128004449123274,-0.3628004449123274,-0.5347315842760862
SYNTHETIC DATA,3.972133416159458,-0.4721334161594579,-0.6958774531647475
SYNTHETIC DATA,3.423655053385811,0.576344946614189,0.849474830349222
SYNTHETIC DATA,2.6951599395156896,0.0548400604843104,0.0808287664356591
SYNTHETIC DATA,4.516849744460505,0.4831502555394946,0.7121151729856969
SYNTHETIC DATA,2.9607456537635706,0.7892543462364294,1.1632819994522898
SYNTHETIC DATA,3.9600631027731583,-0.9600631027731584,-1.4150370297229538
SYNTHETIC DATA,3.1471323600014207,0.6028676399985793,0.8885666287513193
SYNTHETIC DATA,2.18642059043928,1.5635794095607198,2.304559728469787
SYNTHETIC DATA,4.184035304981926,-1.4340353049819257,-2.11362466968896
SYNTHETIC DATA,4.210053014949477,0.7899469850505234,1.1643028798166486
SYNTHETIC DATA,2.5399263201318925,-0.2065929867985589,-0.3044974080939125
SYNTHETIC DATA,2.8182399007721464,-1.1515732341054796,-1.697303816790981
SYNTHETIC DATA,3.8503788209318928,-0.6003788209318928,-0.8848983582704839
SYNTHETIC DATA,3.8026528230333394,1.1973471769666606,1.764770032249006
SYNTHETIC DATA,2.3208578756673908,-1.0708578756673908,-1.5783374480936068
SYNTHETIC DATA,2.6611190085887286,0.8388809914112714,1.2364267129408943
SYNTHETIC DATA,3.3588705302438777,-0.3588705302438777,-0.5289392829539702
SYNTHETIC DATA,3.7361562742622634,0.5138437257377375,0.7573542794316758
SYNTHETIC DATA,3.068626726007948,0.1813732739920519,0.2673260727961559
SYNTHETIC DATA,4.295237641699235,-0.0452376416992352,-0.0666757611628388
SYNTHETIC DATA,4.777966274242847,-1.2779662742428473,-1.883594521617592
SYNTHETIC DATA,3.1121222703984865,-0.6121222703984865,-0.9022070287150732
SYNTHETIC DATA,4.598694505045556,-0.9320278383788893,-1.3737158528738758
SYNTHETIC DATA,3.3629658503239197,-0.6129658503239193,-0.9034503811869788
SYNTHETIC DATA,4.2309717331828,0.5190282668171999,0.7649957746504463
SYNTHETIC DATA,4.585111233512684,0.4148887664873157,0.6115045626686751
SYNTHETIC DATA,2.9884897625620623,1.2615102374379377,1.8593399685843917
SYNTHETIC DATA,2.9271728646415087,0.3228271353584913,0.4758149223859758
SYNTHETIC DATA,3.8588671223851274,0.6411328776148735,0.9449657633725752
SYNTHETIC DATA,3.518485224578457,0.4815147754215432,0.7097046388014416
SYNTHETIC DATA,3.514876050327997,0.4851239496720025,0.7150242008139496
SYNTHETIC DATA,3.35870568799631,0.9746276453370228,1.4365037093498594
SYNTHETIC DATA,3.402074312659686,0.847925687340314,1.249757690483111
SYNTHETIC DATA,4.488814500618874,-0.488814500618874,-0.7204637039412102
SYNTHETIC DATA,2.9180670706223504,-0.9180670706223504,-1.353139076949666
SYNTHETIC DATA,3.93721378588128,-0.4372137858812799,-0.6444094092777074
SYNTHETIC DATA,4.121966085265237,0.3780339147347629,0.5571841958051083
SYNTHETIC DATA,3.8059170004646647,-0.0559170004646647,-0.0824160682979935
SYNTHETIC DATA,3.420669694562225,1.0793303054377752,1.590824962531138
SYNTHETIC DATA,4.394886983825697,0.355113016174303,0.5234010828785847
SYNTHETIC DATA,4.511625383517919,0.4883746164820808,0.7198153587016607
SYNTHETIC DATA,3.9285202228560223,0.3214797771439777,0.4738290510819636
SYNTHETIC DATA,4.447280077049876,0.302719922950124,0.4461789015450966
SYNTHETIC DATA,4.137038990604014,-1.6370389906040144,-2.4128318066945837
SYNTHETIC DATA,3.1345306486606948,0.6154693513393052,0.907140291392347
SYNTHETIC DATA,3.722696189089048,0.2773038109109524,0.4087180934137036
SYNTHETIC DATA,2.878033896215146,0.6219661037848541,0.9167158549744076
SYNTHETIC DATA,3.307605251770385,1.3590614148962818,2.0031206513310837
SYNTHETIC DATA,3.2217249136270927,-0.4717249136270927,-0.6952753612727013
SYNTHETIC DATA,3.4603329963362963,-0.4603329963362963,-0.678484814110275
SYNTHETIC DATA,3.383934332228175,-0.0506009988948417,-0.0745808134593933
SYNTHETIC DATA,3.2183846227126938,0.4482820439539727,0.6607229151109703
SYNTHETIC DATA,4.437855405801798,-1.1878554058017985,-1.7507801105062155
SYNTHETIC DATA,4.535786173552916,-0.2857861735529159,-0.4212202479108886
SYNTHETIC DATA,3.7871580690121807,0.4628419309878193,0.6821827329520732
SYNTHETIC DATA,3.240403385857157,-0.240403385857157,-0.3543305560603651
SYNTHETIC DATA,3.7106507997741134,-0.2106507997741133,-0.3104782187338736
SYNTHETIC DATA,3.5818995485751604,-0.3318995485751603,-0.4891867524390759
SYNTHETIC DATA,2.7932143013779283,-0.0432143013779282,-0.0636935598157494
SYNTHETIC DATA,4.198473220172351,0.1348601131609816,0.1987703239549518
SYNTHETIC DATA,3.5101917040264468,-0.0101917040264467,-0.0150215528039162
SYNTHETIC DATA,1.751962618386218,-0.501962618386218,-0.7398427150272617
SYNTHETIC DATA,4.23315669554589,-0.2331566955458903,-0.3436496590404118
SYNTHETIC DATA,3.513757887556165,-0.263757887556165,-0.3887527566629773
SYNTHETIC DATA,3.0514591883089577,-0.3014591883089577,-0.4443207047278751
SYNTHETIC DATA,2.29585257088879,0.2041474291112099,0.3008929005610987
SYNTHETIC DATA,4.561990500378312,-0.5619905003783119,-0.8283178117050708
SYNTHETIC DATA,4.126735439453101,-0.6267354394531006,-0.9237453789278366
SYNTHETIC DATA,3.5367079010843123,0.2132920989156876,0.3143712296006668
SYNTHETIC DATA,4.271894735063143,0.4781052649368567,0.7046793612179951
SYNTHETIC DATA,4.12554867841313,0.6244513215868697,0.9203788175511598
SYNTHETIC DATA,2.398298232812147,-0.1482982328121469,-0.2185767688243778
SYNTHETIC DATA,3.8483533722549375,1.1516466277450623,1.697411991678086
SYNTHETIC DATA,4.65891337976191,0.09108662023809,0.1342525717079491
SYNTHETIC DATA,2.943730229705264,-0.9437302297052635,-1.3909640077246317
SYNTHETIC DATA,4.4158078500123015,-0.6658078500123015,-0.9813342057685978
SYNTHETIC DATA,4.132591127217234,0.3674088727827662,0.5415239462225477
SYNTHETIC DATA,3.705277212429628,-0.9552772124296284,-1.4079831058332355
SYNTHETIC DATA,3.186722345538733,1.5632776544612668,2.3041149716216167
SYNTHETIC DATA,3.721771133889648,0.7782288661103522,1.1470315440355483
SYNTHETIC DATA,3.305741882258098,-0.805741882258098,-1.187582979181811
SYNTHETIC DATA,2.9745276799806195,0.2754723200193805,0.4060186589456059
SYNTHETIC DATA,3.5966170877442725,-0.8466170877442725,-1.247828945507775
SYNTHETIC DATA,3.901917563721016,-0.5685842303876822,-0.8380363105207254
SYNTHETIC DATA,4.44513052263705,-0.94513052263705,-1.393027899509675
SYNTHETIC DATA,3.314850436690884,-0.8148504366908838,-1.2010080777741947
SYNTHETIC DATA,2.958278409720715,-0.2916117430540486,-0.4298065549354125
SYNTHETIC DATA,3.166911470264256,-0.9169114702642558,-1.351435837554733
SYNTHETIC DATA,3.8209515773483615,0.5123817559849706,0.7551994821787406
SYNTHETIC DATA,3.4356303326144704,-0.6856303326144704,-1.010550563341435
SYNTHETIC DATA,3.1220328991581083,-0.7886995658247749,-1.162464308590524
SYNTHETIC DATA,4.553467758597042,-0.0534677585970424,-0.0788061306517884
SYNTHETIC DATA,3.0848216173742227,-0.5848216173742227,-0.8619685955814972
SYNTHETIC DATA,4.478978404387853,-0.4789784043878526,-0.7059662814753224
SYNTHETIC DATA,4.273076190472732,0.7269238095272677,1.0714130199329202
SYNTHETIC DATA,2.502029093664598,-0.0020290936645981,-0.0029906811999013
SYNTHETIC DATA,3.5890731331914267,0.9109268668085732,1.3426151303808636
SYNTHETIC DATA,3.623617417642038,-0.6236174176420382,-0.9191497265072897
SYNTHETIC DATA,3.740413071853309,1.2595869281466916,1.8565052029748577
SYNTHETIC DATA,2.521929887197562,0.2280701128024378,0.3361525446153866
SYNTHETIC DATA,3.5068482359166904,0.8264850974166427,1.2181564044911126
SYNTHETIC DATA,3.372156695401197,-1.8721566954011972,-2.759371797316527
SYNTHETIC DATA,3.646979879873226,-1.3969798798732254,-2.059008677751057
SYNTHETIC DATA,3.892422732303848,0.6075772676961524,0.8955081491253706
SYNTHETIC DATA,4.74281995580271,0.2571800441972902,0.3790576731818613
SYNTHETIC DATA,3.4660897127831207,0.5339102872168793,0.7869303848670149
SYNTHETIC DATA,4.77568897696086,-0.2756889769608595,-0.4063379896167396
SYNTHETIC DATA,3.722177876953974,0.2778221230460258,0.4094820336817599
SYNTHETIC DATA,3.2932246871048925,1.7067753128951075,2.515616173757075
SYNTHETIC DATA,2.419587544720391,0.330412455279609,0.4869949255958408
SYNTHETIC DATA,4.383823149697136,-0.050489816363803,-0.0744169415242844
SYNTHETIC DATA,3.444946153468004,-0.6949461534680039,-1.0242811519162256
SYNTHETIC DATA,3.9430625410498505,0.3069374589501494,0.4523951279545763
SYNTHETIC DATA,4.294818295364432,0.7051817046355682,1.0393673310224647
SYNTHETIC DATA,3.7375795409520487,0.2624204590479513,0.3867815207533137
SYNTHETIC DATA,3.8474649712710303,-0.5974649712710303,-0.8806036351869114
SYNTHETIC DATA,4.505136747656122,0.4948632523438778,0.7293789592507389
SYNTHETIC DATA,2.0305300570800555,-0.0305300570800555,-0.0449982518472449
SYNTHETIC DATA,3.120188495693005,0.1298115043069949,0.191329179246502
SYNTHETIC DATA,3.35012999058274,-1.1001299905827402,-1.6214816189547503
SYNTHETIC DATA,3.949942187908383,-0.9499421879083828,-1.400119813066087
SYNTHETIC DATA,3.5098902899422466,0.2401097100577534,0.3538977072927275
SYNTHETIC DATA,3.500095782592862,-0.250095782592862,-0.3686161798367316
SYNTHETIC DATA,3.3229980070382523,0.1770019929617476,0.2608832415829377
SYNTHETIC DATA,4.251237242455835,0.7487627575441653,1.1036014459278796
SYNTHETIC DATA,3.663504819638844,0.336495180361156,0.4959602542363762
SYNTHETIC DATA,4.184247614546121,0.0657523854538792,0.0969124424645656
SYNTHETIC DATA,4.429813633551391,0.0701863664486088,0.1034476871568227
SYNTHETIC DATA,3.181233095777079,1.068766904222921,1.5752555652324995
SYNTHETIC DATA,3.847150457124493,0.1528495428755074,0.2252849448336453
SYNTHETIC DATA,3.2345354127038086,0.2654645872961914,0.3912682614498813
SYNTHETIC DATA,3.503212752836208,0.2467872471637919,0.3637397293901294
SYNTHETIC DATA,4.583489160726482,0.4165108392735179,0.6138953357863504
SYNTHETIC DATA,3.0822030853156885,-0.3322030853156885,-0.4896341352480685
SYNTHETIC DATA,3.990032905171301,0.0099670948286987,0.0146905013020808
SYNTHETIC DATA,3.509881119251212,-1.2598811192512116,-1.8569388112507184
SYNTHETIC DATA,2.967736955964753,-0.467736955964753,-0.6893975103805279
SYNTHETIC DATA,3.6339080511687656,1.1160919488312344,1.645007949592048
SYNTHETIC DATA,2.8152750965897275,0.4347249034102725,0.640741045345242
SYNTHETIC DATA,3.600225459292013,0.1497745407079871,0.2207526990667254
SYNTHETIC DATA,2.9442799081719477,0.3057200918280527,0.45060085052473
SYNTHETIC DATA,3.909189490664162,-0.4091894906641622,-0.6031043998990905
SYNTHETIC DATA,4.03945483392129,-1.0394548339212903,-1.5320525041265776
SYNTHETIC DATA,1.953256515171782,0.0467434848282179,0.0688952233860088
SYNTHETIC DATA,4.689846379132259,0.3101536208677409,0.4571354290804409
SYNTHETIC DATA,3.3400986507961288,-0.8400986507961288,-1.2382214211368303
SYNTHETIC DATA,2.869169884659198,-0.1191698846591986,-0.1756444957977131
SYNTHETIC DATA,3.564155773901877,0.9358442260981228,1.3793408268228762
SYNTHETIC DATA,2.781328076733548,0.2186719232664522,0.3223005528375955
SYNTHETIC DATA,3.264559284973393,0.2354407150266064,0.347016075406676
SYNTHETIC DATA,4.1750897925097705,-0.1750897925097705,-0.2580648492918635
SYNTHETIC DATA,3.5686470359157902,0.6813529640842098,1.0042461497642363
SYNTHETIC DATA,4.53157650767468,0.4684234923253205,0.6904093963384905
SYNTHETIC DATA,2.6280836633763798,0.1219163366236206,0.1796924914125709
SYNTHETIC DATA,2.175320467050914,0.0746795329490859,0.1100701653673909
SYNTHETIC DATA,3.241926885177936,-0.7419268851779357,-1.0935260534867637
SYNTHETIC DATA,4.545503856162854,-0.0455038561628535,-0.0670681346670175
SYNTHETIC DATA,4.353896708246076,0.3961032917539242,0.5838166510179815
SYNTHETIC DATA,2.89614832103312,-0.5628149876997859,-0.8295330235875531
SYNTHETIC DATA,4.084219871042177,-0.8342198710421771,-1.229556687519427
SYNTHETIC DATA,2.554519715223144,1.4454802847768562,2.130493425677475
SYNTHETIC DATA,4.191729567834884,0.5582704321651164,0.8228348030782819
SYNTHETIC DATA,3.5349679383329837,1.2150320616670167,1.790835784224163
SYNTHETIC DATA,3.519175024299513,0.4808249757004867,0.7086879429763776
SYNTHETIC DATA,3.890324885378714,0.359675114621286,0.5301251598867267
SYNTHETIC DATA,3.652532133132568,0.8474678668674325,1.2490829088773796
SYNTHETIC DATA,3.790887818973497,0.9591121810265028,1.413635466138227
SYNTHETIC DATA,3.4879130684075474,1.2620869315924526,1.8601899581122736
SYNTHETIC DATA,3.486288272021038,0.0137117279789618,0.0202097161901905
SYNTHETIC DATA,4.630752595992033,0.3692474040079672,0.5442337574385465
SYNTHETIC DATA,4.54737244756737,0.2026275524326299,0.2986527542888477
SYNTHETIC DATA,3.670796204345035,-0.9207962043450348,-1.3571615472076202
SYNTHETIC DATA,4.732156541351343,-0.2321565413513431,-0.3421755317495816
SYNTHETIC DATA,3.210415111458758,-0.960415111458758,-1.4155558553329255
SYNTHETIC DATA,3.9233960851184495,-0.4233960851184495,-0.6240434997988843
SYNTHETIC DATA,4.731272184534625,0.0187278154653753,0.0276029276542105
SYNTHETIC DATA,3.673109751157949,-0.4231097511579489,-0.6236214721677784
SYNTHETIC DATA,3.572943371324846,0.177056628675154,0.2609637691622103
SYNTHETIC DATA,4.2594166337434105,-2.2594166337434105,-3.330154229533315
SYNTHETIC DATA,4.046651853268395,0.2033481467316047,0.2997148382430286
SYNTHETIC DATA,3.845028862868485,0.1549711371315147,0.2284119626573968
SYNTHETIC DATA,4.107718809965415,-0.6077188099654149,-0.8957167682793605
SYNTHETIC DATA,4.696965654008453,-0.1969656540084532,-0.2903076820684926
SYNTHETIC DATA,3.027967083963547,0.7220329160364529,1.0642043319019532
SYNTHETIC DATA,3.129644541599482,0.1203554584005179,0.177391912962885
SYNTHETIC DATA,4.895495697858204,0.1045043021417964,0.1540288933809154
SYNTHETIC DATA,3.8450285496007344,0.4883047837325986,0.7197124322105591
SYNTHETIC DATA,4.412853080988753,0.0871469190112472,0.1284458459771878
SYNTHETIC DATA,4.398496696103634,-0.148496696103634,-0.2188692838743612
SYNTHETIC DATA,3.5270185666249283,0.2229814333750717,0.3286523398878919
SYNTHETIC DATA,3.680429254724648,0.0695707452753522,0.1025403230951029
SYNTHETIC DATA,4.521484226354936,0.4785157736450642,0.7052844100126624
SYNTHETIC DATA,2.8028846969381447,1.697115303061855,2.5013782850369943
SYNTHETIC DATA,3.5764486106397104,0.1735513893602895,0.2557973968537165
SYNTHETIC DATA,4.318085608414379,-0.6514189417477128,-0.9601263935395192
SYNTHETIC DATA,2.8181315399397864,-0.5681315399397864,-0.8373690900589409
SYNTHETIC DATA,3.374197422705384,0.3758025772946163,0.5538954274996767
SYNTHETIC DATA,4.559478158245285,0.1905218417547152,0.2808101470363852
SYNTHETIC DATA,3.271563544967273,0.4784364550327264,0.705167502308075
SYNTHETIC DATA,3.113433418774876,0.6365665812251238,0.9382354990164906
SYNTHETIC DATA,4.486416206661008,0.5135837933389924,0.7569711650630613
SYNTHETIC DATA,2.5711616932270767,0.9288383067729232,1.3690148021649415
SYNTHETIC DATA,3.211686936736105,1.038313063263895,1.53036964832783
SYNTHETIC DATA,3.5311469897848347,-0.5311469897848347,-0.7828575607170326
SYNTHETIC DATA,2.8805496203051737,1.1194503796948263,1.6499579409207636
SYNTHETIC DATA,3.3125252871969093,0.1874747128030907,0.2763189836030287
SYNTHETIC DATA,2.8821287600748917,-0.8821287600748913,-1.3001696001898106
SYNTHETIC DATA,3.432704590058381,-0.1827045900583814,-0.2692882995775829
SYNTHETIC DATA,3.5377753115757127,-0.5377753115757127,-0.7926270443602637
SYNTHETIC DATA,4.177258440501495,0.156074892831838,0.2300387882100233
SYNTHETIC DATA,3.715390166624718,0.0346098333752817,0.0510114342245861
SYNTHETIC DATA,4.478520281945337,0.5214797180546631,0.7686089686869119
SYNTHETIC DATA,3.828673361356288,0.6713266386437118,0.9894683484620336
SYNTHETIC DATA,3.444100009406363,-0.1941000094063629,-0.2860840084221766
SYNTHETIC DATA,3.66870855396003,-0.91870855396003,-1.3540845592561364
SYNTHETIC DATA,3.0360053434247543,0.2139946565752457,0.3154067293515879
SYNTHETIC DATA,2.9603261006446884,-1.2103261006446884,-1.783899668162841
SYNTHETIC DATA,3.430947528352266,-0.4309475283522661,-0.6351735721585406
SYNTHETIC DATA,3.802089542695316,0.6979104573046842,1.0286502394107206
SYNTHETIC DATA,3.646675360114717,0.8533246398852827,1.2577152067659263
SYNTHETIC DATA,2.78643540185982,1.46356459814018,2.15714789556836
SYNTHETIC DATA,3.2763316269225,0.7236683730775004,1.0666148320731594
SYNTHETIC DATA,2.955460312080788,-1.205460312080788,-1.7767279822842426
SYNTHETIC DATA,2.8650811450570237,-0.5317478117236898,-0.7837431121868206
SYNTHETIC DATA,4.135014052809271,0.1983192805240623,0.2923027922216368
SYNTHETIC DATA,3.4392393930835388,0.3107606069164612,0.458030065831904
SYNTHETIC DATA,2.0297510201908757,-0.5297510201908753,-0.7808000410997137
SYNTHETIC DATA,2.9869086221129866,-0.2369086221129865,-0.3491796236957631
SYNTHETIC DATA,3.690186852411674,-1.190186852411674,-1.754216429719262
SYNTHETIC DATA,3.28862695562422,-0.28862695562422,-0.4254072766724951
SYNTHETIC DATA,3.089428151243893,-0.0894281512438928,-0.1318081542184553
SYNTHETIC DATA,2.6125404881007133,0.3874595118992867,0.5710765836872456
SYNTHETIC DATA,4.291301573849244,0.7086984261507556,1.044550626946284
SYNTHETIC DATA,2.5857206232752064,-0.3357206232752063,-0.4948186345292057
SYNTHETIC DATA,4.429494156100316,0.3205058438996842,0.472393570850328
SYNTHETIC DATA,3.9344688137632255,-0.9344688137632264,-1.377313606550173
SYNTHETIC DATA,4.711954824469628,-0.4619548244696281,-0.6808752266340787
SYNTHETIC DATA,3.456656367237339,-1.1233230339040057,-1.6556658460506162
SYNTHETIC DATA,3.016193671131255,0.4838063288687451,0.7130821594810861
SYNTHETIC DATA,2.477124872875217,0.7728751271247831,1.1391406680189935
SYNTHETIC DATA,4.154157523427309,0.0958424765726908,0.1412622284712012
SYNTHETIC DATA,3.638532028453724,-0.8885320284537239,-1.309607377603743
SYNTHETIC DATA,4.203688618113655,0.0463113818863449,0.0682583468498349
SYNTHETIC DATA,3.700920845916857,-1.0342541792501905,-1.524387259084714
SYNTHETIC DATA,2.944441309363003,0.5555586906369969,0.8188379671763055
SYNTHETIC DATA,3.878265998239735,0.7884006684269322,1.1620237637088249
SYNTHETIC DATA,2.9704093712479454,1.0295906287520546,1.5175136518959953
SYNTHETIC DATA,2.9785568079297136,0.0214431920702864,0.0316051212959553
SYNTHETIC DATA,3.0123050308561496,-0.0123050308561496,-0.0181363852678435
SYNTHETIC DATA,3.8603920692147096,0.1396079307852904,0.2057681324629157
SYNTHETIC DATA,3.8906727431603607,1.1093272568396393,1.6350374699067778
SYNTHETIC DATA,3.446480153466188,0.803519846533812,1.1843079206756053
SYNTHETIC DATA,4.347795555280127,-0.5977955552801273,-0.8810908829656828
SYNTHETIC DATA,2.815612146186417,-0.815612146186417,-1.2021307614175487
SYNTHETIC DATA,4.087294587256982,-0.8372945872569817,-1.2340885118206326
SYNTHETIC DATA,4.355452057496251,0.394547942503749,0.5815242217216233
SYNTHETIC DATA,3.462151708271044,0.787848291728956,1.1612096156807057
SYNTHETIC DATA,3.6589022548902888,-0.9089022548902888,-1.339631054826959
SYNTHETIC DATA,2.2226592888184924,1.7773407111815076,2.619622515948519
SYNTHETIC DATA,4.716672617889292,0.0333273821107082,0.0491212292756149
SYNTHETIC DATA,4.365210004544203,0.1347899954557974,0.1986669774676341
SYNTHETIC DATA,3.9907081892912073,0.7592918107087927,1.1191202176344823
SYNTHETIC DATA,4.131227290056995,0.3687727099430047,0.5435341058450508
SYNTHETIC DATA,2.8390255873756245,-0.5890255873756245,-0.868164827065287
SYNTHETIC DATA,4.271538751849286,0.7284612481507136,1.0736790507561214
SYNTHETIC DATA,3.700832991538604,-0.7008329915386042,-1.0329577626867266
SYNTHETIC DATA,4.753073934921548,-2.003073934921548,-2.95233071971996
SYNTHETIC DATA,4.391902911894855,-0.3919029118948547,-0.5776257110450596
SYNTHETIC DATA,4.371754190205325,-0.6217541902053254,-0.9164035155445638
SYNTHETIC DATA,4.11378797483562,0.3862120251643803,0.5692379129593718
SYNTHETIC DATA,3.5472640574356555,0.2027359425643444,0.2988125105065271
SYNTHETIC DATA,3.3905571704442394,1.3594428295557606,2.003682818406646
SYNTHETIC DATA,3.100858864773333,-1.100858864773333,-1.622555906641382
SYNTHETIC DATA,3.2007997019553684,-1.2007997019553684,-1.7698587089109397
SYNTHETIC DATA,4.8509836500451,0.1490163499549002,0.2196352016979457
SYNTHETIC DATA,4.249256217184364,-0.2492562171843637,-0.3673787443614301
SYNTHETIC DATA,3.2061194641901003,-0.4561194641901003,-0.6722744889810484
SYNTHETIC DATA,4.304608806258576,-0.8046088062585763,-1.185912938439508
SYNTHETIC DATA,3.612928724759486,1.387071275240514,2.0444043851502154
SYNTHETIC DATA,4.688151833191943,0.3118481668080566,0.4596330203816661
SYNTHETIC DATA,3.237916693140642,0.512083306859358,0.7547595980054914
SYNTHETIC DATA,2.115244940694899,0.634755059305101,0.9355654968160284
SYNTHETIC DATA,3.473687128239164,0.0263128717608358,0.038782542306213
SYNTHETIC DATA,3.507291868867548,0.992708131132452,1.4631525377883343
SYNTHETIC DATA,4.492747285293165,-0.4927472852931647,-0.7262602353650026
SYNTHETIC DATA,3.830603971345277,1.169396028654723,1.7235728340956515
SYNTHETIC DATA,3.8908775133268096,0.3591224866731903,0.5293106415410509
SYNTHETIC DATA,3.947108158733209,-0.1971081587332093,-0.2905177197856571
SYNTHETIC DATA,4.034586608074094,0.9654133919259058,1.4229228210308316
SYNTHETIC DATA,4.635952937237093,0.3640470627629071,0.5365689743553305
SYNTHETIC DATA,3.17120010344205,-0.1712001034420498,-0.2523318364836066
SYNTHETIC DATA,3.919194395459155,-0.1691943954591548,-0.2493756234405167
SYNTHETIC DATA,3.718272896638764,-0.3849395633054304,-0.5673624313955836
SYNTHETIC DATA,3.546581778182793,1.120084888483874,1.6508931434398413
SYNTHETIC DATA,3.6012614576677824,-0.8512614576677824,-1.254674282447102
SYNTHETIC DATA,3.680309044686945,0.0696909553130549,0.1027175006724958
SYNTHETIC DATA,4.647045009715519,-0.1470450097155193,-0.2167296432728284
SYNTHETIC DATA,4.398416736495081,0.601583263504919,0.8866735862071518
SYNTHETIC DATA,3.590882034415917,0.6591179655840831,0.9714739849527452
SYNTHETIC DATA,3.9218560142879935,-0.1718560142879934,-0.253298583494846
SYNTHETIC DATA,4.138595101484811,0.1114048985151887,0.1641996825377082
SYNTHETIC DATA,4.1494655481424765,-0.6494655481424765,-0.957247286658889
SYNTHETIC DATA,3.066079359726422,-1.8160793597264224,-2.676719410948586
SYNTHETIC DATA,4.036813170071645,-0.5368131700716452,-0.7912089439748241
SYNTHETIC DATA,3.625500784923357,-0.1255007849233571,-0.1849756098457277
SYNTHETIC DATA,3.667644904354405,0.9990217623122626,1.4724581989325234
SYNTHETIC DATA,3.141001116027025,-0.141001116027025,-0.2078215482234251
SYNTHETIC DATA,4.323796375378567,0.1762036246214329,0.2597065264673993
SYNTHETIC DATA,4.00014259473595,-0.0001425947359496,-0.0002101703846648
SYNTHETIC DATA,2.664953223849198,-1.414953223849198,-2.0854995898593187
SYNTHETIC DATA,3.6324771589547296,0.3675228410452704,0.5416919240473291
SYNTHETIC DATA,4.100953215853885,0.3990467841461154,0.5881550645239555
SYNTHETIC DATA,4.6192279774676495,-0.2858946441343164,-0.4213801227033621
SYNTHETIC DATA,4.326545506699245,0.4234544933007553,0.6241295876201566
SYNTHETIC DATA,3.833683554774293,-0.8336835547742933,-1.2287662109595987
SYNTHETIC DATA,4.542720405461764,-1.2093870721284303,-1.7825156340106767
SYNTHETIC DATA,4.156659267978771,0.843340732021229,1.242999924730641
SYNTHETIC DATA,3.968508596105021,1.0314914038949792,1.5203152044237886
SYNTHETIC DATA,3.315801483818012,-0.3158014838180119,-0.4654598144154767
SYNTHETIC DATA,3.2163186508103188,-2.2163186508103188,-3.266632111476141
SYNTHETIC DATA,3.94387138736435,-0.44387138736435,-0.6542220482599479
SYNTHETIC DATA,3.488586509736324,1.5114134902636764,2.227672378792839
SYNTHETIC DATA,4.455360091308185,0.2946399086918152,0.4342697683400286
SYNTHETIC DATA,4.4024626219799865,0.3475373780200135,0.5122353496250752
SYNTHETIC DATA,4.273607240769739,-0.5236072407697394,-0.7717447244666245
SYNTHETIC DATA,3.632524357041914,-0.6325243570419139,-0.9322776646979324
SYNTHETIC DATA,3.758207530499856,0.2417924695001438,0.3563779264743839
SYNTHETIC DATA,3.734288467957679,0.0157115320423213,0.0231572274461384
SYNTHETIC DATA,4.365679704466786,0.3843202955332137,0.5664496926115709
SYNTHETIC DATA,4.482847782946992,-1.149514449613659,-1.694269374280139
SYNTHETIC DATA,4.481577485283857,0.0184225147161427,0.027152944872747
SYNTHETIC DATA,3.883543682763571,0.8664563172364286,1.2770699863221573
SYNTHETIC DATA,3.906094464406964,0.3439055355930365,0.5068823769866656
SYNTHETIC DATA,3.925426794199681,-0.1754267941996805,-0.2585615560905358
SYNTHETIC DATA,4.168780173616575,0.8312198263834247,1.2251349216264409
SYNTHETIC DATA,3.259493156115396,-0.5928264894487292,-0.8737669767200943
SYNTHETIC DATA,4.232065518988994,0.2679344810110056,0.3949086378541476
SYNTHETIC DATA,4.120188623252534,0.3798113767474662,0.5598039971073727
SYNTHETIC DATA,3.865808642137476,0.634191357862524,0.9347346572465765
SYNTHETIC DATA,4.11562358039356,-1.11562358039356,-1.644317621340761
SYNTHETIC DATA,4.036495438720624,0.2135045612793762,0.3146843778834967
SYNTHETIC DATA,3.2411833038995663,-0.9911833038995664,-1.4609050948939764
SYNTHETIC DATA,2.8847233414594022,0.8652766585405978,1.27533128734267
SYNTHETIC DATA,4.493072558628608,0.006927441371392,0.0102103559999749
SYNTHETIC DATA,3.597910228055188,-0.3479102280551878,-0.5127848933006744
SYNTHETIC DATA,3.4627481095098784,-0.7127481095098784,-1.0505194553443955
SYNTHETIC DATA,3.591222580288405,1.4087774197115954,2.0763970719958773
SYNTHETIC DATA,3.2475958159056053,0.0857375174277281,0.1263685289501414
SYNTHETIC DATA,3.3491244104929674,-0.0991244104929673,-0.1460994709533679
SYNTHETIC DATA,4.715189732090544,-0.4651897320905442,-0.6856431570525139
SYNTHETIC DATA,2.783592479083162,-0.5335924790831621,-0.786461967451266
SYNTHETIC DATA,4.546358579192476,0.4536414208075241,0.6686221007812763
SYNTHETIC DATA,3.3077541114671853,-1.3077541114671851,-1.9274988156020652
SYNTHETIC DATA,3.4986150225429737,-0.9986150225429736,-1.471858705177017
SYNTHETIC DATA,3.076767865108621,-0.3267678651086214,-0.4816231640572346
SYNTHETIC DATA,3.9678265088853513,0.0321734911146487,0.0474205093094254
SYNTHETIC DATA,3.146817171647111,0.1031828283528888,0.1520811731324118
SYNTHETIC DATA,4.107080841869105,0.392919158130895,0.5791235563962244
SYNTHETIC DATA,4.569270363457412,0.4307296365425879,0.634852421415139
SYNTHETIC DATA,3.9090658526564783,0.0909341473435216,0.1340278419050642
SYNTHETIC DATA,2.79405488211662,-0.2940548821166198,-0.4334074976571096
SYNTHETIC DATA,4.316253907009112,0.433746092990888,0.6392983766451255
SYNTHETIC DATA,3.845640363657677,-1.3456403636576773,-1.9833393635953316
SYNTHETIC DATA,3.684327897596446,-0.6843278975964462,-1.0086309043377832
SYNTHETIC DATA,4.032500949892481,-0.0325009498924808,-0.047903150809762
SYNTHETIC DATA,3.095035080715131,-1.5950350807151308,-2.350922242922961
SYNTHETIC DATA,3.8504675825652575,0.3995324174347425,0.5888708394394674
SYNTHETIC DATA,2.072913175761279,-0.3229131757612791,-0.4759417373376653
SYNTHETIC DATA,3.7955807666821815,-1.2955807666821817,-1.909556522437576
SYNTHETIC DATA,3.3120557467782588,0.9379442532217412,1.3824360568496932
SYNTHETIC DATA,3.24154211046292,-0.2415421104629196,-0.3560089222835397
SYNTHETIC DATA,4.565006295860282,-1.0650062958602824,-1.5697128044784945
SYNTHETIC DATA,4.515345637819848,0.4846543621801515,0.7143320757986829
SYNTHETIC DATA,3.9788733410477097,0.7711266589522903,1.1365636007384965
SYNTHETIC DATA,3.503230479049386,0.2467695209506142,0.3637136027241104
SYNTHETIC DATA,3.772402352782265,0.9775976472177348,1.4408811951915867
SYNTHETIC DATA,3.9663655829754494,0.0336344170245497,0.049573768042336
SYNTHETIC DATA,4.6942246787286654,0.3057753212713345,0.45068225320248
SYNTHETIC DATA,2.5021651993097382,0.2478348006902617,0.3652837185573934
SYNTHETIC DATA,2.4835857571424014,-0.2335857571424013,-0.3442820529375853
SYNTHETIC DATA,3.359770675543365,0.140229324456635,0.206684004609703
SYNTHETIC DATA,3.4852904931539666,-0.4852904931539665,-0.7152696692559273
SYNTHETIC DATA,3.1502862548236537,-0.6502862548236537,-0.9584569262555492
SYNTHETIC DATA,4.298822798709927,0.201177201290073,0.2965150817057737
SYNTHETIC DATA,2.261958564570767,-0.2619585645707669,-0.3861007344725448
SYNTHETIC DATA,4.224539515606428,-0.2245395156064278,-0.3309487973252769
SYNTHETIC DATA,3.836990358908178,0.413009641091822,0.6087349197041285
SYNTHETIC DATA,3.1031447905841385,0.3968552094158615,0.5849249024775685
SYNTHETIC DATA,2.772405126175366,-0.5224051261753662,-0.7699729277377478
SYNTHETIC DATA,4.011982325065503,0.4880176749344969,0.7192892625462945
SYNTHETIC DATA,1.9660185232573788,-0.7160185232573788,-1.0553397182436373
SYNTHETIC DATA,4.047177342439823,-0.5471773424398227,-0.8064846978716675
SYNTHETIC DATA,3.3221553482464223,0.3445113184202442,0.507775240309913
SYNTHETIC DATA,4.4126583189334285,-0.6626583189334285,-0.976692111837485
SYNTHETIC DATA,2.896969182980552,-1.646969182980552,-2.427467917471557
SYNTHETIC DATA,3.442865119323097,0.307134880676903,0.4526861078422745
SYNTHETIC DATA,4.531887030036819,0.4681129699631814,0.6899517174216415
SYNTHETIC DATA,3.629738622530849,-0.6297386225308492,-0.9281717705366552
SYNTHETIC DATA,3.0937554907684293,1.1562445092315707,1.7041888093090245
SYNTHETIC DATA,3.642882421986878,0.6071175780131219,0.8948306124907569
SYNTHETIC DATA,4.234377559155544,-1.2343775591555444,-1.819349113426803
SYNTHETIC DATA,3.358419202189296,-0.3584192021892955,-0.5282740705237229
SYNTHETIC DATA,3.840275970766143,-0.3402759707661427,-0.5015327613030721
SYNTHETIC DATA,3.902736789824911,-1.6527367898249108,-2.435968793334901
SYNTHETIC DATA,4.379549479661673,0.370450520338327,0.5460070306261172
SYNTHETIC DATA,4.396441063385582,-0.3964410633855824,-0.5843144926338145
SYNTHETIC DATA,3.445550905688568,0.804449094311432,1.1856775389968612
SYNTHETIC DATA,4.158562470374224,0.8414375296257761,1.2401947946752891
SYNTHETIC DATA,4.461670737806526,-1.461670737806526,-2.154356534778113
SYNTHETIC DATA,4.018441565591675,-0.0184415655916749,-0.0271810239586413
SYNTHETIC DATA,3.8837623383446553,0.1162376616553446,0.171322692243474
SYNTHETIC DATA,3.554466115795694,0.1955338842043059,0.2881973965205371
SYNTHETIC DATA,3.765335941681343,-1.0153359416813426,-1.4965036682877235
SYNTHETIC DATA,2.9460473777731155,0.5539526222268845,0.8164707829089248
SYNTHETIC DATA,3.41434772272623,-0.6643477227262302,-0.9791821241273684
SYNTHETIC DATA,4.54998091589197,-0.2166475825586369,-0.3193168770208081
SYNTHETIC DATA,3.943008964698671,0.5569910353013294,0.8209491000107016
SYNTHETIC DATA,4.069705043835587,0.1802949561644133,0.2657367401246768
SYNTHETIC DATA,2.944340783711408,-0.1943407837114081,-0.286438885676037
SYNTHETIC DATA,2.9156719577336507,-1.4156719577336507,-2.0865589317484923
SYNTHETIC DATA,2.807033768592306,0.8596328980743606,1.267012948658948
SYNTHETIC DATA,3.584399535654717,1.165600464345283,1.7179785517708352
SYNTHETIC DATA,2.1232938375553627,-0.3732938375553627,-0.550197795939077
SYNTHETIC DATA,4.250111632068576,0.4998883679314243,0.7367854772332307
SYNTHETIC DATA,4.642793595690913,0.1072064043090872,0.1580115218287401
SYNTHETIC DATA,3.079334042427084,0.4206659575729161,0.6200195647454099
SYNTHETIC DATA,4.549913976314904,-0.0499139763149036,-0.073568210862689
SYNTHETIC DATA,3.266716031273578,0.7332839687264219,1.080787258725912
SYNTHETIC DATA,3.5846361090109773,-1.3346361090109773,-1.9671201924131425
SYNTHETIC DATA,2.853691798312223,-0.853691798312223,-1.2582563615800155
SYNTHETIC DATA,2.703473788568881,-0.4534737885688815,-0.6683750276208045
SYNTHETIC DATA,3.281371000699701,0.7186289993002988,1.0591872989445998
SYNTHETIC DATA,2.1128833292557023,1.8871166707442977,2.781421305326034
SYNTHETIC DATA,3.5551123587736924,-0.3051123587736923,-0.4497051127616366
SYNTHETIC DATA,4.082127797706833,-0.0821277977068328,-0.1210481629687451
SYNTHETIC DATA,3.157960801105064,0.8420391988949358,1.241081595025233
SYNTHETIC DATA,3.4984284407179205,1.1682382259487465,1.7218663486601238
SYNTHETIC DATA,3.2123829711739966,0.5376170288260034,0.7923937514117501
SYNTHETIC DATA,3.616841989276108,-0.3668419892761081,-0.540688416608772
SYNTHETIC DATA,2.538567086506725,-0.8719004198400582,-1.2850940492774934
SYNTHETIC DATA,4.203232899657563,0.0467671003424365,0.0689300302929702
SYNTHETIC DATA,2.8905608478573024,0.4427724854760311,0.6526023767409487
SYNTHETIC DATA,3.948423714589521,1.0515762854104789,1.5499183117611457
SYNTHETIC DATA,3.5877502960032324,0.1622497039967676,0.2391398425310189
SYNTHETIC DATA,2.8433426997329896,-0.8433426997329896,-1.2430028249410512
SYNTHETIC DATA,3.213501812819492,-0.2135018128194916,-0.3146803269284083
SYNTHETIC DATA,3.6977136589888175,-0.1977136589888175,-0.2914101666266174
SYNTHETIC DATA,3.58040787704362,-0.5804078770436201,-0.8554631836045721
SYNTHETIC DATA,4.348919131512139,-1.8489191315121396,-2.7251219513547458
SYNTHETIC DATA,3.5080224599352605,0.2419775400647394,0.3566507019838875
SYNTHETIC DATA,3.1901227526075715,-0.523456085940905,-0.7715219373608557
SYNTHETIC DATA,3.177580744355692,0.3224192556443084,0.4752137484656632
SYNTHETIC DATA,4.470633154616192,0.2793668453838078,0.4117587999716923
SYNTHETIC DATA,4.298965695203891,0.2010343047961091,0.2963044665599647
SYNTHETIC DATA,2.646536588249212,0.6034634117507882,0.8894447367508908
SYNTHETIC DATA,2.123449469609945,-0.6234494696099451,-0.9189021878988436
SYNTHETIC DATA,3.0001753077408218,-0.2501753077408217,-0.368733391954177
SYNTHETIC DATA,3.346109288824697,0.1538907111753031,0.2268195228151644
SYNTHETIC DATA,4.418583009276209,-0.418583009276209,-0.6169495072019785
SYNTHETIC DATA,2.7596331633079254,-0.0096331633079254,-0.0141983196257711
SYNTHETIC DATA,4.1799334462660855,0.5700665537339145,0.8402211069355471
SYNTHETIC DATA,3.922605918818205,0.7440607478484615,1.0966711537269622
SYNTHETIC DATA,4.051205747901704,0.6987942520982964,1.0299528645777802
SYNTHETIC DATA,3.3975339733211665,0.6024660266788335,0.8879746908699148
SYNTHETIC DATA,4.232708715335708,0.5172912846642923,0.7624356366144854
SYNTHETIC DATA,3.6780705938789233,-0.4280705938789233,-0.6309332583707203
SYNTHETIC DATA,4.0596553256195484,-0.8096553256195484,-1.1933510034441543
SYNTHETIC DATA,3.960052382001607,0.7899476179983931,1.1643038127185286
SYNTHETIC DATA,4.262288279863987,0.487711720136013,0.7188383157616244
SYNTHETIC DATA,3.254834764303253,0.9951652356967472,1.4667740642633504
SYNTHETIC DATA,2.9255509132293764,-1.2588842465627097,-1.855469520571725
SYNTHETIC DATA,3.2929894070568,-0.2929894070567997,-0.4318370939414198
SYNTHETIC DATA,2.7659369812474948,-0.0992703145808282,-0.1463145189918924
SYNTHETIC DATA,3.42949237833043,1.32050762166957,1.9462962145888567
SYNTHETIC DATA,4.345372058744128,0.404627941255872,0.5963811321190905
SYNTHETIC DATA,4.465738813275464,-0.7157388132754638,-1.0549274536947242
SYNTHETIC DATA,3.734967773623752,0.2650322263762481,0.3906310046798236
SYNTHETIC DATA,2.737841413240326,-0.2378414132403259,-0.3505544645602538
SYNTHETIC DATA,3.645147178758236,0.1048528212417645,0.1545425756905429
SYNTHETIC DATA,4.1888042907341925,-0.6888042907341925,-1.015228660288629
SYNTHETIC DATA,3.4955888494734983,1.1710778171931686,1.7260516222619608
SYNTHETIC DATA,4.029885450795543,-0.0298854507955432,-0.0440481666293647
SYNTHETIC DATA,3.715696523312078,-0.715696523312078,-1.0548651225166967
SYNTHETIC DATA,2.847542140560614,0.1524578594393859,0.2247076426079477
SYNTHETIC DATA,4.496169346116004,-0.2461693461160043,-0.3628290050212848
SYNTHETIC DATA,3.5448670110118283,1.4551329889881717,2.144720546641212
SYNTHETIC DATA,3.83245924485662,0.1675407551433805,0.2469383229402638
SYNTHETIC DATA,3.563359337077722,0.1866406629222781,0.2750896774641127
SYNTHETIC DATA,3.9523906509974456,-0.4523906509974456,-0.6667785911288292
SYNTHETIC DATA,4.863532949196856,-0.6135329491968555,-0.9042862282291168
SYNTHETIC DATA,3.72963146751392,0.2703685324860796,0.3984961863804191
SYNTHETIC DATA,3.645119792206062,0.3548802077939381,0.5230579466012978
SYNTHETIC DATA,4.436788056349512,-0.9367880563495116,-1.3807319382525625
SYNTHETIC DATA,2.907854131740072,-0.6578541317400721,-0.9696112202203782
SYNTHETIC DATA,3.769140219567276,0.2308597804327243,0.340264235801177
SYNTHETIC DATA,3.0210400022283848,0.9789599977716152,1.4428891637049437
SYNTHETIC DATA,2.657915935531489,-0.9079159355314892,-1.338177318700862
SYNTHETIC DATA,4.300987464645746,-0.0509874646457459,-0.0751504253387266
SYNTHETIC DATA,3.411288698854797,-0.411288698854797,-0.6061984229005637
SYNTHETIC DATA,3.443850358948291,1.056149641051709,1.5566589807481532
SYNTHETIC DATA,2.713423824204336,0.2865761757956639,0.422384632235027
SYNTHETIC DATA,4.482825556384372,0.2671744436156276,0.3937884187192517
SYNTHETIC DATA,4.000892525312816,0.4991074746871842,0.7356345186622072
SYNTHETIC DATA,2.678491058385257,-0.9284910583852568,-1.368502992758205
SYNTHETIC DATA,3.768460271870861,0.9815397281291388,1.446691428339479
SYNTHETIC DATA,3.407539372788245,-0.407539372788245,-0.6006722911230257
SYNTHETIC DATA,3.3644956287599217,-1.0311622954265882,-1.5198301314444986
SYNTHETIC DATA,4.184911531555916,-1.934911531555916,-2.8518661517986668
SYNTHETIC DATA,4.07646987874088,-0.0764698787408804,-0.1127089560719603
SYNTHETIC DATA,3.1295929317469056,-0.8795929317469056,-1.2964320427576423
SYNTHETIC DATA,3.8913989098327657,0.6086010901672343,0.8970171610895411
SYNTHETIC DATA,4.630895493715992,0.1191045062840077,0.1755481346089839
SYNTHETIC DATA,3.0601906791246627,0.2731426542086708,0.4025849644524922
SYNTHETIC DATA,2.614136592243213,-0.1141365922432129,-0.1682259259875927
SYNTHETIC DATA,4.399616221869564,0.1003837781304364,0.1479556529438078
SYNTHETIC DATA,3.375751497408712,0.6242485025912883,0.9200798826288096
SYNTHETIC DATA,3.357202855810844,-1.607202855810844,-2.368856326922274
SYNTHETIC DATA,3.5516262782951142,-0.5516262782951142,-0.813041984533258
SYNTHETIC DATA,4.1459316739952605,0.1874016593380725,0.2762113100992229
SYNTHETIC DATA,3.933926853522217,0.066073146477783,0.09738521214523
SYNTHETIC DATA,3.4735346850658337,-0.2235346850658337,-0.3294677775678983
SYNTHETIC DATA,2.295582532404319,0.4544174675956811,0.6697659161605652
SYNTHETIC DATA,3.6085833306191937,-1.8585833306191937,-2.739366014645582
SYNTHETIC DATA,4.474826914475642,0.0251730855243579,0.0371026113455021
SYNTHETIC DATA,4.190606034211032,0.8093939657889679,1.192965785183724
SYNTHETIC DATA,4.622797467652548,0.1272025323474519,0.1874838154140639
SYNTHETIC DATA,3.4190262951596173,-0.4190262951596173,-0.6176028662759439
SYNTHETIC DATA,3.2293544237640828,-0.7293544237640828,-1.0749955023136413
SYNTHETIC DATA,2.7990241725379863,-0.7990241725379863,-1.1776817466675835
SYNTHETIC DATA,3.2171165485941846,-0.2171165485941846,-0.3200080860716147
SYNTHETIC DATA,4.13224740034138,0.86775259965862,1.2789805770146665
SYNTHETIC DATA,3.697020673040236,-0.1970206730402361,-0.2903887746207296
SYNTHETIC DATA,3.549521933047681,0.7004780669523192,1.0324346393306665
SYNTHETIC DATA,4.061383201107915,-1.3113832011079154,-1.9328477309087608
SYNTHETIC DATA,3.462403257021123,-0.2124032570211231,-0.3130611655113951
SYNTHETIC DATA,4.123931202560014,-0.3739312025600139,-0.5511372082343999
SYNTHETIC DATA,4.38761608259715,0.36238391740285,0.534117664370086
SYNTHETIC DATA,3.341735877435912,0.3249307892307547,0.4789154978777059
SYNTHETIC DATA,4.164482940799868,-0.6644829407998678,-0.9793814220492784
SYNTHETIC DATA,3.771840302207458,-0.0218403022074573,-0.032190421936457
SYNTHETIC DATA,1.9198341676856552,-0.9198341676856552,-1.3557436013527686
SYNTHETIC DATA,2.488027497833671,-0.2380274978336709,-0.3508287346467549
SYNTHETIC DATA,3.777884373685101,0.2221156263148986,0.3273762268415708
SYNTHETIC DATA,3.674654499254884,-0.1746544992548835,-0.2574232705532633
SYNTHETIC DATA,1.7952664522795003,-0.2952664522795005,-0.4351932309486314
SYNTHETIC DATA,3.897221787458357,1.1027782125416432,1.625384833362167
SYNTHETIC DATA,4.137780888095227,0.3622191119047731,0.5338747575426002
SYNTHETIC DATA,5.005908108518369,-0.0059081085183692,-0.0087079612839671
SYNTHETIC DATA,2.710008966527479,0.7899910334725209,1.164367802786865
SYNTHETIC DATA,3.648654426219706,-1.1486544262197054,-1.6930017857795947
SYNTHETIC DATA,4.617229468932096,0.3827705310679041,0.5641654947297573
SYNTHETIC DATA,4.273272061026831,0.7267279389731689,1.0711243263186343
SYNTHETIC DATA,3.930145818156233,1.069854181843767,1.5768581037433975
SYNTHETIC DATA,3.7758256463623474,0.2241743536376526,0.3304105850909238
SYNTHETIC DATA,2.535565148698467,-0.5355651486984669,-0.7893694852435889
SYNTHETIC DATA,3.579853343342132,0.9201466566578684,1.356204178856252
SYNTHETIC DATA,3.942153216209762,0.5578467837902381,0.8222103877286001
SYNTHETIC DATA,2.437882893542178,-1.187882893542178,-1.7508206246874072
SYNTHETIC DATA,3.451341726146327,1.0486582738536732,1.545617454459045
SYNTHETIC DATA,3.336858887413077,0.4131411125869229,0.6089286955438451
SYNTHETIC DATA,3.673212931904631,0.3267870680953688,0.4816514673398525
SYNTHETIC DATA,3.715619415511729,-0.7156194155117293,-1.054751473327952
SYNTHETIC DATA,3.788982961511199,0.461017038488801,0.6794930238549153
SYNTHETIC DATA,4.799855438148644,-0.1331887714819766,-0.1963069334150174
SYNTHETIC DATA,3.68769602287149,-0.1876960228714899,-0.2766451725180395
SYNTHETIC DATA,2.5688430645173583,0.1811569354826416,0.2670072114620557
SYNTHETIC DATA,3.787827282106493,0.2121727178935075,0.3127213738857886
SYNTHETIC DATA,4.591555488308612,0.4084445116913882,0.6020063753736241
SYNTHETIC DATA,4.456800033579343,0.0431999664206568,0.0636724315218904
SYNTHETIC DATA,3.346068195814261,-0.8460681958142615,-1.2470199336792418
SYNTHETIC DATA,2.540667351301189,0.1259993153654774,0.1857103938760761
SYNTHETIC DATA,3.516478356058894,-0.1831450227255606,-0.2699374532960812
SYNTHETIC DATA,4.091329953711319,-0.0913299537113188,-0.1346112209198553
SYNTHETIC DATA,3.141000849025334,0.1923324843079994,0.283478853138191
SYNTHETIC DATA,3.375734923381419,0.1242650766185811,0.1831542993462996
SYNTHETIC DATA,2.9907245612048823,0.7592754387951177,1.1190960870705322
SYNTHETIC DATA,3.521016873834852,0.978983126165148,1.4429232526447149
SYNTHETIC DATA,2.439415866251289,-0.4394158662512888,-0.6476550555867759
SYNTHETIC DATA,3.427040815568924,0.8229591844310762,1.2129595612588857
SYNTHETIC DATA,4.298129703751607,-0.7981297037516066,-1.1763633891023335
SYNTHETIC DATA,4.285871385008593,0.2141286149914067,0.3156041706643135
SYNTHETIC DATA,4.60462043140799,-0.6046204314079899,-0.8911500680508112
SYNTHETIC DATA,3.912404905293159,0.0875950947068409,0.129106412145448
SYNTHETIC DATA,2.910907456511147,0.589092543488853,0.8682635136821468
SYNTHETIC DATA,4.488714399986534,0.5112856000134656,0.7535838578665978
SYNTHETIC DATA,3.5689360140082824,0.9310639859917176,1.372295230817789
SYNTHETIC DATA,3.735825352056119,-0.2358253520561186,-0.3475829919335066
SYNTHETIC DATA,4.322591303289756,-0.072591303289756,-0.1069923236234658
SYNTHETIC DATA,3.809163400196304,0.1908365998036965,0.2812740689321704
SYNTHETIC DATA,3.493286138139435,1.006713861860565,1.4837955846374036
SYNTHETIC DATA,4.429940838812312,0.0700591611876877,0.1032601993197638
SYNTHETIC DATA,2.9831173359425858,0.2668826640574142,0.393358364821549
SYNTHETIC DATA,4.215238530737525,0.5347614692624747,0.7881849421040067
SYNTHETIC DATA,3.2576843527332096,-0.2576843527332095,-0.3798009735447957
SYNTHETIC DATA,3.658820321368039,-0.3254869880347053,-0.4797352793079102
SYNTHETIC DATA,3.7261280817876585,-0.2261280817876585,-0.3332901850570978
SYNTHETIC DATA,3.491698485375172,0.0083015146248279,0.0122356026004821
SYNTHETIC DATA,3.6939452386213976,0.8060547613786024,1.1880441317248704
SYNTHETIC DATA,4.607095587136427,0.3929044128635732,0.5791018233463725
SYNTHETIC DATA,4.586147175587668,0.4138528244123325,0.6099776876200298
SYNTHETIC DATA,3.031684318633876,0.218315681366124,0.321775487892336
SYNTHETIC DATA,4.374445021557839,0.6255549784421612,0.9220054974160916
SYNTHETIC DATA,3.8897561594024026,0.4435771739309304,0.6537884070735216
SYNTHETIC DATA,3.241675673171445,0.2583243268285549,0.3807442313789539
SYNTHETIC DATA,2.7040337631613185,-1.2040337631613185,-1.7746253917983363
SYNTHETIC DATA,3.206669262232796,1.1266640711005371,1.6605902008530435
SYNTHETIC DATA,3.695677106902086,-1.1956771069020862,-1.7623085159416108
SYNTHETIC DATA,3.3939926213528384,0.8560073786471616,1.2616692954900597
SYNTHETIC DATA,4.701545489859153,0.0484545101408473,0.071417103634474
SYNTHETIC DATA,4.659378911170133,0.3406210888298666,0.5020414308252994
SYNTHETIC DATA,3.6451577361934993,0.1048422638065007,0.1545270150864597
SYNTHETIC DATA,4.0509605613382895,-1.0509605613382895,-1.5490107960366868
SYNTHETIC DATA,2.9309897956373048,-0.6809897956373048,-1.0037108757818147
SYNTHETIC DATA,2.523492194514207,0.726507805485793,1.070799871566421
SYNTHETIC DATA,1.9843363649124617,0.0156636350875383,0.0230866321233589
SYNTHETIC DATA,3.5554627385455624,-0.0554627385455623,-0.0817465316447609
SYNTHETIC DATA,3.5779277983391187,0.4220722016608813,0.6220922279396852
SYNTHETIC DATA,3.830101756977697,1.169898243022303,1.7243130478638216
SYNTHETIC DATA,3.751690525981211,-0.0016905259812109,-0.0024916662834062
SYNTHETIC DATA,4.169454303392109,0.8305456966078912,1.2241413217344508
SYNTHETIC DATA,4.225023045861626,0.1083102874717072,0.1596385352480487
SYNTHETIC DATA,3.3072893987889724,0.4427106012110275,0.6525111655213066
SYNTHETIC DATA,4.140018437103387,0.3599815628966132,0.5305768340069279
SYNTHETIC DATA,3.963558088378573,-0.7135580883785728,-1.0517132832179856
SYNTHETIC DATA,3.8568313868964297,-0.8568313868964297,-1.2628838012680064
SYNTHETIC DATA,2.9091692938652547,0.8408307061347453,1.239300397517609
SYNTHETIC DATA,2.7507532704980644,0.9992467295019356,1.4727897780786654
SYNTHETIC DATA,2.0251520657184554,-0.7751520657184554,-1.1424966478656775
SYNTHETIC DATA,3.375619195685941,-0.1256191956859411,-0.185150135471481
SYNTHETIC DATA,4.216670473072463,0.7833295269275373,1.1545494081337786
SYNTHETIC DATA,3.99068729273169,0.2593127072683101,0.3822010053323198
SYNTHETIC DATA,3.229898983164999,-0.8965656498316656,-1.3214481323413485
SYNTHETIC DATA,3.73788155395752,0.7621184460424804,1.1232863955191836
SYNTHETIC DATA,4.16754066589704,-0.4175406658970395,-0.6154131972709427
SYNTHETIC DATA,3.123054068943853,1.8769459310561465,2.766430651860824
SYNTHETIC DATA,2.843737641638363,0.8229290250283037,1.212915109314431
SYNTHETIC DATA,2.7370623679012165,-0.4870623679012165,-0.7178812354875087
SYNTHETIC DATA,2.8836612757495312,0.4496720575838022,0.6627716562326182
SYNTHETIC DATA,4.344556789940741,-0.0945567899407411,-0.1393672549141781
SYNTHETIC DATA,4.355280833737156,-1.6052808337371562,-2.3660234585427298
SYNTHETIC DATA,3.97228476363746,-0.6389514303041262,-0.9417505281300368
SYNTHETIC DATA,2.0562337227808407,-0.8062337227808407,-1.188307902939832
SYNTHETIC DATA,3.834147296478536,-0.8341472964785357,-1.2294497198683718
SYNTHETIC DATA,4.009645070957309,0.4903549290426907,0.7227341414312483
SYNTHETIC DATA,2.86153408228834,-0.3615340822883399,-0.5328650923748525
SYNTHETIC DATA,3.370530508641904,-1.6205305086419042,-2.388499954742953
SYNTHETIC DATA,4.136523801701405,0.6134761982985948,0.9042025830788376
SYNTHETIC DATA,2.2603140797453563,-0.2603140797453562,-0.3836769282497537
SYNTHETIC DATA,4.41100691467922,0.0889930853207801,0.1311669105441626
SYNTHETIC DATA,4.075434173585568,0.1745658264144323,0.25729257565164
SYNTHETIC DATA,3.179075300760714,0.1542580325726192,0.2273609178312946
SYNTHETIC DATA,4.626427325128686,0.1235726748713137,0.1821337683947423
SYNTHETIC DATA,3.975817442174839,-0.9758174421748388,-1.4382573509370566
SYNTHETIC DATA,2.2386346180433807,-1.2386346180433807,-1.8256235926215556
SYNTHETIC DATA,3.247431867068263,0.2525681329317368,0.3722601770592585
SYNTHETIC DATA,3.9658331884013713,-0.2158331884013713,-0.3181165414532895
SYNTHETIC DATA,3.4489603541912603,-1.1989603541912603,-1.7671476941982265
SYNTHETIC DATA,3.310704016072477,-0.977370682739144,-1.4405466722412616
SYNTHETIC DATA,2.3393092825371165,1.1606907174628835,1.7107420757255687
SYNTHETIC DATA,3.6610803210265694,1.3389196789734306,1.9734337462813956
SYNTHETIC DATA,3.3618938195953563,0.3881061804046437,0.5720297084124772
SYNTHETIC DATA,4.173648065901535,-0.1736480659015349,-0.2559398884101283
SYNTHETIC DATA,4.100397433784567,-0.1003974337845665,-0.1479757800127509
SYNTHETIC DATA,4.371132860777194,-0.8711328607771938,-1.2839627439567125
SYNTHETIC DATA,3.646707148284922,0.6032928517150786,0.8891933483102531
SYNTHETIC DATA,2.9469857799413623,1.3030142200586377,1.920512689543698
SYNTHETIC DATA,4.55040409286006,0.4495959071399396,0.6626594180916209
SYNTHETIC DATA,3.568987827263574,-0.818987827263574,-1.207106177836443
SYNTHETIC DATA,4.133770248881107,0.616229751118893,0.9082610446453382
SYNTHETIC DATA,4.600000713125699,0.3999992868743014,0.5895589583173969
SYNTHETIC DATA,4.593611651430717,0.4063883485692834,0.598975796499668
SYNTHETIC DATA,3.6249668421355103,-1.3749668421355103,-2.0265636609124966
SYNTHETIC DATA,3.895541507111374,1.104458492888626,1.627861398605044
SYNTHETIC DATA,3.694076123162964,0.3059238768370362,0.4509012092542564
SYNTHETIC DATA,3.018617251075226,-0.5186172510752258,-0.7643899785386986
SYNTHETIC DATA,2.315188173360287,-0.815188173360287,-1.2015058678591597
SYNTHETIC DATA,4.658393789563335,0.341606210436665,0.5034934015846937
SYNTHETIC DATA,2.207967735027068,-0.2079677350270676,-0.3065236495401953
SYNTHETIC DATA,2.8039028947828344,-0.0539028947828343,-0.0794474778862456
SYNTHETIC DATA,2.385978174763091,-0.8859781747630908,-1.3058432525891457
SYNTHETIC DATA,2.9432908084791496,0.7233758581875169,1.0661836943699434
SYNTHETIC DATA,4.694549410144235,-0.1945494101442353,-0.2867463801802801
SYNTHETIC DATA,4.162824170765626,-0.4128241707656261,-0.608461554985993
SYNTHETIC DATA,4.881314337852568,0.1186856621474321,0.1749308002262493
SYNTHETIC DATA,3.548283379101334,1.201716620898666,1.7712101557629985
SYNTHETIC DATA,3.4054277872829632,-0.9054277872829632,-1.3345100369389296
SYNTHETIC DATA,4.312833591123784,0.4371664088762159,0.644339580308831
SYNTHETIC DATA,2.783098385961264,-0.2830983859612641,-0.4172587177164345
SYNTHETIC DATA,3.566834395639349,-0.0668343956393489,-0.0985072173023386
SYNTHETIC DATA,4.682366728728186,0.3176332712718137,0.4681596859866519
SYNTHETIC DATA,4.405141160289639,-0.4051411602896388,-0.5971375656650117
SYNTHETIC DATA,3.993663663257375,-0.2436636632573749,-0.3591358789971089
SYNTHETIC DATA,3.982246827938608,0.2677531720613917,0.394641406589054
SYNTHETIC DATA,2.264249340675693,-1.264249340675693,-1.8633771329108424
SYNTHETIC DATA,4.14556670990028,0.3544332900997204,0.5223992346012951
SYNTHETIC DATA,3.229301620254949,1.5206983797450508,2.2413573776174776
SYNTHETIC DATA,3.024148343124565,-0.524148343124565,-0.7725422552401089
SYNTHETIC DATA,3.981221502472264,-0.7312215024722639,-1.0777473896654748
SYNTHETIC DATA,4.43976973360476,-0.6897697336047601,-1.0166516265582304
SYNTHETIC DATA,3.785928169729368,-0.0359281697293676,-0.0529545302078324
SYNTHETIC DATA,3.6319387527996567,-0.8819387527996567,-1.2998895484623805
SYNTHETIC DATA,2.37448697882336,-1.0411536454900263,-1.5345563825376318
SYNTHETIC DATA,3.80105342369388,-0.5510534236938804,-0.812197654123047
SYNTHETIC DATA,4.02559637197069,-0.77559637197069,-1.1431515108612802
SYNTHETIC DATA,2.537340347086165,-0.287340347086165,-0.4235109443180419
SYNTHETIC DATA,4.322968926099729,0.1770310739002711,0.2609261039789104
SYNTHETIC DATA,4.556231663580991,0.4437683364190086,0.6540701614691892
SYNTHETIC DATA,2.763620292687706,0.5697130406456274,0.839700063986419
SYNTHETIC DATA,3.948666197051172,-0.4486661970511716,-0.661289118369953
SYNTHETIC DATA,3.812267848160391,0.1877321518396093,0.2766984230049992
SYNTHETIC DATA,3.001911405914015,-0.001911405914015,-0.0028172212215532
SYNTHETIC DATA,3.769295163366892,-1.019295163366892,-1.5023391652230311
SYNTHETIC DATA,3.101988876652773,-0.1019888766527725,-0.1503214076935723
SYNTHETIC DATA,2.9518751745909064,-0.2018751745909064,-0.2975438245702629
SYNTHETIC DATA,4.538127725347024,-0.0381277253470235,-0.0561964552843486
SYNTHETIC DATA,3.276245732116084,1.2237542678839164,1.8036914441720788
SYNTHETIC DATA,4.399412420528385,0.2672542461382816,0.3939060396592655
SYNTHETIC DATA,4.4307684696972345,-0.1807684696972344,-0.2664346517318215
SYNTHETIC DATA,3.63053282473176,-0.8805328247317594,-1.2978173510500906
SYNTHETIC DATA,2.697412606316,-0.1974126063159995,-0.2909664450850812
SYNTHETIC DATA,3.834357295963585,-0.0843572959635849,-0.1243342205017284
SYNTHETIC DATA,3.3246337708938527,-1.0746337708938527,-1.58390274015656
SYNTHETIC DATA,4.39601317593443,-0.1460131759344296,-0.2152088234386492
SYNTHETIC DATA,2.955764429536309,0.544235570463691,0.802148820086964
SYNTHETIC DATA,3.8207648274653057,-0.0707648274653056,-0.1043002808629164
SYNTHETIC DATA,3.986996478177524,0.5130035218224758,0.7561159028612406
SYNTHETIC DATA,3.259184394245676,-0.509184394245676,-0.7504868906361091
SYNTHETIC DATA,3.0378936166470067,0.7121063833529933,1.0495736151466928
SYNTHETIC DATA,4.088616210151256,0.6613837898487445,0.9748135833896387
SYNTHETIC DATA,3.9268816998420015,-0.1768816998420015,-0.260705941550919
SYNTHETIC DATA,2.523625108118096,-0.8569584414514286,-1.263071066979603
SYNTHETIC DATA,2.07604951919772,0.6739504808022798,0.993335629481164
SYNTHETIC DATA,4.129994545125616,0.6200054548743843,0.9138260544992232
SYNTHETIC DATA,4.256061612260429,-0.0060616122604288,-0.0089342104529937
SYNTHETIC DATA,3.504862477375521,-0.754862477375521,-1.1125918231305572
SYNTHETIC DATA,3.936396493468059,-0.1863964934680591,-0.2747297960998054
SYNTHETIC DATA,4.773920998117784,0.2260790018822156,0.333217846183313
SYNTHETIC DATA,3.3902254101980134,0.6097745898019866,0.8987467822287604
SYNTHETIC DATA,4.192370189802046,0.3076298101979544,0.4534155844749749
SYNTHETIC DATA,3.540260410944615,-0.0402604109446151,-0.0593398206367217
SYNTHETIC DATA,4.202902283079967,0.7970977169200326,1.174842343687042
SYNTHETIC DATA,3.7555021226723935,-0.7555021226723935,-1.1135345963486385
SYNTHETIC DATA,3.6117441549532696,-1.1117441549532696,-1.6385997360932143
SYNTHETIC DATA,3.04026180847225,0.4597381915277498,0.6776081312889902
SYNTHETIC DATA,2.7512434233837197,0.7487565766162807,1.1035923358581252
SYNTHETIC DATA,4.008652386877039,-1.2586523868770385,-1.8551277825755697
SYNTHETIC DATA,3.976196841719797,-0.7261968417197968,-1.0703415420644171
SYNTHETIC DATA,2.257910998573846,-0.7579109985738461,-1.1170850385963584
SYNTHETIC DATA,3.783156868218197,0.9668431317818028,1.425030114638013
SYNTHETIC DATA,4.85558707696788,0.14441292303212,0.2128502106483557
SYNTHETIC DATA,4.896521690323589,0.1034783096764107,0.1525166830620896
SYNTHETIC DATA,4.249395897543182,0.4172707691234851,0.6150153964100629
SYNTHETIC DATA,4.462073858799882,-0.212073858799882,-0.3125756654653724
SYNTHETIC DATA,2.482008372717013,-1.4820083727170132,-2.1843321753502782
SYNTHETIC DATA,1.9268597424053349,0.0731402575946651,0.1078014273863626
SYNTHETIC DATA,2.658012622381131,-0.9080126223811308,-1.3383198254508195
SYNTHETIC DATA,4.060549439550234,0.4394505604497656,0.6477061913667257
SYNTHETIC DATA,4.703438576809957,-0.7034385768099574,-1.0367981348793622
SYNTHETIC DATA,4.397169244058044,0.3528307559419561,0.5200372594685332
SYNTHETIC DATA,3.804398761679266,0.4456012383207341,0.6567716756251853
SYNTHETIC DATA,4.214604211957982,0.7853957880420177,1.157594870438934
SYNTHETIC DATA,4.061314441890214,-0.8113144418902136,-1.1957963749544496
SYNTHETIC DATA,2.282967733300818,0.4670322666991819,0.688358868855454
SYNTHETIC DATA,4.237086637994421,0.2629133620055786,0.3875080104341356
SYNTHETIC DATA,3.950288944047632,-1.450288944047632,-2.137580908689596
SYNTHETIC DATA,3.4678559694285545,-1.2178559694285545,-1.7949979419402085
SYNTHETIC DATA,3.260351900900959,0.4896480990990408,0.7216923447607039
SYNTHETIC DATA,3.2838221008988704,-1.5338221008988704,-2.260700430534283
SYNTHETIC DATA,3.628402261708607,0.6215977382913929,0.9161729210649444
SYNTHETIC DATA,3.8829302322043175,0.7837364344623494,1.1551491491588937
SYNTHETIC DATA,4.195385929286269,0.1379474040470638,0.2033206820644486
SYNTHETIC DATA,3.4355031092616315,-0.4355031092616315,-0.641888042967835
SYNTHETIC DATA,4.178112368328661,0.5718876316713386,0.8429051937502817
SYNTHETIC DATA,4.557174079832812,-0.5571740798328122,-0.8212188893499526
SYNTHETIC DATA,4.2264474780175085,0.7735525219824915,1.1401390803156777
SYNTHETIC DATA,3.767333433525701,0.482666566474299,0.7114022636611466
SYNTHETIC DATA,3.69649204555324,0.0535079544467604,0.0788653753156317
SYNTHETIC DATA,4.3095031219554985,-0.5595031219554985,-0.8246516645892739
SYNTHETIC DATA,3.512111621106676,0.7378883788933241,1.0875736989790368
SYNTHETIC DATA,2.473701310099817,-1.2237013100998175,-1.803613389692852
SYNTHETIC DATA,3.019512437899949,-0.7695124378999489,-1.134184400291543
SYNTHETIC DATA,3.163561887962149,-0.6635618879621492,-0.9780238822501356
SYNTHETIC DATA,4.498790716810107,-0.4987907168101069,-0.7351676492197444
SYNTHETIC DATA,3.2927331656931464,-1.0427331656931464,-1.536884437402103
SYNTHETIC DATA,3.3174534804118494,0.6825465195881506,1.0060053312495236
SYNTHETIC DATA,3.552573581266424,-2.052573581266424,-3.0252882496300955
SYNTHETIC DATA,3.3465077201857567,-0.3465077201857567,-0.5107177369189843
SYNTHETIC DATA,4.838729984970152,-0.5887299849701515,-0.8677291386729186
SYNTHETIC DATA,3.297397408940632,-0.0473974089406321,-0.0698590421506525
SYNTHETIC DATA,4.673982656909813,-0.1739826569098133,-0.2564330421050871
SYNTHETIC DATA,2.788798683886787,1.544534649446546,2.276489656090269
SYNTHETIC DATA,3.0971774069572664,0.6528225930427336,0.9621952352162132
SYNTHETIC DATA,3.608075016524339,-1.1080750165243392,-1.63319179287665
SYNTHETIC DATA,4.625031392831159,-0.2916980594978255,-0.4299337767439224
SYNTHETIC DATA,3.273912088861893,-1.523912088861893,-2.2460940635602604
SYNTHETIC DATA,3.225224012933489,1.0247759870665112,1.5104173514026085
SYNTHETIC DATA,4.356024035562533,-0.106024035562533,-0.1562688285054277
SYNTHETIC DATA,4.3028271100882325,-0.3028271100882325,-0.4463368846704718
SYNTHETIC DATA,2.604441473489123,0.645558526510877,0.9514887273843242
SYNTHETIC DATA,3.724710469865476,1.2752895301345235,1.879649268413475
SYNTHETIC DATA,3.4012437870101837,-0.0679104536768497,-0.1000932192690807
SYNTHETIC DATA,4.155618501273355,-0.4056185012733548,-0.5978411185521203
SYNTHETIC DATA,3.491668026401457,0.5083319735985428,0.7492305078242817
SYNTHETIC DATA,3.1340366967293427,-0.1340366967293427,-0.1975566904570225
SYNTHETIC DATA,3.876118032050038,-0.1261180320500381,-0.1858853704002379
SYNTHETIC DATA,3.900396241525361,0.3496037584746392,0.5152809878256738
SYNTHETIC DATA,3.138011656455764,1.111988343544236,1.638959645663174
SYNTHETIC DATA,2.8795359643228244,-0.8795359643228244,-1.2963480784699517
SYNTHETIC DATA,3.0562274967980594,-0.5562274967980594,-0.8198237205928014
SYNTHETIC DATA,4.5117933438843645,0.1548733227823024,0.2282677940857958
SYNTHETIC DATA,3.501070529543873,-0.0010705295438735,-0.0015778535198549
SYNTHETIC DATA,3.9305648283174968,0.0694351716825032,0.102340501173419
SYNTHETIC DATA,3.095686021583097,0.4043139784169027,0.5959183822833608
SYNTHETIC DATA,3.105523752737028,0.1444762472629723,0.212943544233696
SYNTHETIC DATA,3.136108676295738,1.3638913237042614,2.0102394540365878
SYNTHETIC DATA,4.044764775825857,0.4552352241741433,0.6709712076007643
SYNTHETIC DATA,3.5084895683092894,0.4915104316907106,0.7244372368113
SYNTHETIC DATA,3.551325335116258,0.6986746648837419,1.02977660497944
SYNTHETIC DATA,3.537632626469631,-0.0376326264696311,-0.0554667290373333
SYNTHETIC DATA,3.74741505810302,-0.2474150581030199,-0.3646650599482006
SYNTHETIC DATA,4.089724929738637,0.6602750702613633,0.9731794415637612
SYNTHETIC DATA,4.016092969065814,-0.2660929690658138,-0.3921944333548844
SYNTHETIC DATA,3.601532807333279,0.8984671926667209,1.324250816370591
SYNTHETIC DATA,3.689729283023348,-0.9397292830233476,-1.3850670123161997
SYNTHETIC DATA,2.4367204655596715,0.0632795344403285,0.0932677072976221
SYNTHETIC DATA,3.93228715070452,0.8177128492954799,1.2052269877793282
SYNTHETIC DATA,2.136733650651217,-0.3867336506512169,-0.5700067367766697
SYNTHETIC DATA,3.5272426408085136,-0.2772426408085136,-0.4086279347982824
SYNTHETIC DATA,3.99117826423464,-0.99117826423464,-1.460897666931723
SYNTHETIC DATA,3.8664391837109497,-0.6164391837109497,-0.9085697273476888
SYNTHETIC DATA,3.943755452292131,-0.1937554522921312,-0.285576165683419
SYNTHETIC DATA,4.966776182137752,0.0332238178622477,0.0489685859273768
SYNTHETIC DATA,3.627898906599466,0.3721010934005342,0.5484398103012655
SYNTHETIC DATA,4.005957898808321,-0.5059578988083206,-0.7457313589352218
SYNTHETIC DATA,4.129922413813402,-0.3799224138134018,-0.5599676546414627
SYNTHETIC DATA,4.308008849381575,-0.3080088493815749,-0.4539742503366142
SYNTHETIC DATA,2.483735243033482,-1.233735243033482,-1.8184024036794115
SYNTHETIC DATA,2.4682662868014127,0.0317337131985873,0.0467723206286149
SYNTHETIC DATA,3.783767918375951,-0.533767918375951,-0.7867205474290274
SYNTHETIC DATA,3.5934528029507717,-0.0934528029507713,-0.1377400884637362
SYNTHETIC DATA,3.455101831644436,0.044898168355564,0.0661754113936298
SYNTHETIC DATA,3.3089650797604,0.1910349202396002,0.2815663734273061
SYNTHETIC DATA,4.151527015304658,0.8484729846953423,1.2505643520675396
SYNTHETIC DATA,2.8682638885578924,-0.6182638885578924,-0.911259159864448
SYNTHETIC DATA,3.6004743714727687,0.1495256285272312,0.2203858273976641
SYNTHETIC DATA,3.1773819919069823,1.0726180080930177,1.580931707317072
SYNTHETIC DATA,2.851256826491236,1.4820765068420974,2.1844325982388395
SYNTHETIC DATA,2.7348165684208388,-1.2348165684208388,-1.8199961691932296
SYNTHETIC DATA,4.355676516764366,-0.6056765167643663,-0.8927066322823749
SYNTHETIC DATA,4.556337848492545,0.4436621515074552,0.6539136555255571
SYNTHETIC DATA,4.813720157890642,0.1862798421093581,0.2745578636594766
SYNTHETIC DATA,2.8106958878653177,0.1893041121346823,0.2790153353208223
SYNTHETIC DATA,2.281670442087972,0.7183295579120279,1.0587459522753957
SYNTHETIC DATA,2.4216987467585565,-0.6716987467585565,-0.9900167986212416
SYNTHETIC DATA,3.151223401272578,0.5987765987274218,0.8825368429256886
SYNTHETIC DATA,4.309566696278207,0.1904333037217931,0.2806796508275822
SYNTHETIC DATA,3.6837233144771786,0.0662766855228214,0.0976852083484918
SYNTHETIC DATA,3.3850461497254565,1.3649538502745435,2.0118055119734777
SYNTHETIC DATA,4.2035599267195725,0.7964400732804275,1.1738730427111843
SYNTHETIC DATA,4.205666381691557,0.7943336183084426,1.170768338678509
SYNTHETIC DATA,3.629356899176444,1.370643100823556,2.02019089849127
SYNTHETIC DATA,3.873033279928271,-0.6230332799282707,-0.9182887659172504
SYNTHETIC DATA,2.6793253067978187,0.8206746932021813,1.2095924495829695
SYNTHETIC DATA,4.167604276598399,0.1657290567349338,0.2442680606135094
SYNTHETIC DATA,3.205303560764796,0.2946964392352038,0.4343530887092566
SYNTHETIC DATA,4.384989728445938,-0.8849897284459383,-1.3043863815390822
SYNTHETIC DATA,4.2000052432409625,-0.2000052432409624,-0.2947877327096681
SYNTHETIC DATA,3.954439362091072,-0.704439362091072,-1.038273192328699
SYNTHETIC DATA,3.444114294765112,1.0558857052348878,1.5562699657415424
SYNTHETIC DATA,4.423267967530121,0.576732032469879,0.8500453562010136
SYNTHETIC DATA,4.352291461246952,-0.3522914612469519,-0.5192423930049019
SYNTHETIC DATA,2.415264282291373,0.584735717708627,0.8618419880623585
SYNTHETIC DATA,2.4037333591072163,0.5962666408927837,0.8788374160142729
SYNTHETIC DATA,3.13836618816998,-1.3883661881699796,-2.0463129573473635
SYNTHETIC DATA,3.6702141182726633,-0.1702141182726633,-0.2508785929192935
SYNTHETIC DATA,4.470256447312172,-0.2202564473121722,-0.3246359828657923
SYNTHETIC DATA,3.909661932741288,-0.1596619327412876,-0.2353257264167971
SYNTHETIC DATA,3.3311592857855965,-0.3311592857855965,-0.4880956790961538
SYNTHETIC DATA,3.8256456569188697,0.6743543430811303,0.9939308821034456
SYNTHETIC DATA,3.252633090490036,-1.5859664238233686,-2.3375559493172293
SYNTHETIC DATA,3.068541340942877,-0.0685413409428767,-0.1010230840252933
SYNTHETIC DATA,3.83438911679132,1.1656108832086804,1.7179939081338411
SYNTHETIC DATA,4.064657229786966,-0.8146572297869659,-1.200723310113973
SYNTHETIC DATA,4.275850224866859,-0.2758502248668586,-0.4065756529091784
SYNTHETIC DATA,4.067223970877833,0.4327760291221674,0.6378685994862376
SYNTHETIC DATA,3.5920445235134952,0.4079554764865047,0.6012855863736623
SYNTHETIC DATA,3.901544012082984,0.3484559879170161,0.5135892887738396
SYNTHETIC DATA,4.032896127731734,0.7171038722682663,1.056939414176272
SYNTHETIC DATA,3.4540704712732886,-1.4540704712732886,-2.1431545017562943
SYNTHETIC DATA,4.189811238402563,0.4768554282641037,0.702837226916674
SYNTHETIC DATA,2.3370833121535224,0.6629166878464776,0.9770729217844956
SYNTHETIC DATA,2.647144843252425,-0.3971448432524251,-0.5853517937960813
SYNTHETIC DATA,3.8859368387704585,-0.2192701721037919,-0.3231823118129995
SYNTHETIC DATA,3.1314372836538564,-0.1314372836538564,-0.1937254154640201
SYNTHETIC DATA,3.4478435035112014,0.8854898298221316,1.3051234809691976
SYNTHETIC DATA,3.2968312807083926,0.2031687192916074,0.299450380135003
SYNTHETIC DATA,2.751137585414156,-0.7511375854141558,-1.1071017047812275
SYNTHETIC DATA,4.098112241938066,0.4018877580619344,0.592342376045197
SYNTHETIC DATA,3.899077240558607,0.100922759441393,0.148750057510684
SYNTHETIC DATA,3.2265033746500174,-0.2265033746500173,-0.3338433292157416
SYNTHETIC DATA,2.8622423635597114,-0.8622423635597114,-1.2708590398990858
SYNTHETIC DATA,4.987856796466901,0.0121432035330988,0.0178978679725987
SYNTHETIC DATA,3.8501810301087054,0.6498189698912937,0.9577681949827704
SYNTHETIC DATA,3.796516358590572,0.4534836414094285,0.668389549722718
SYNTHETIC DATA,2.88593521283576,0.4473981204975739,0.6594201003078264
SYNTHETIC DATA,2.3928903216245736,0.1071096783754264,0.1578689574728459
SYNTHETIC DATA,4.029396692151096,0.4706033078489042,0.6936222264898901
SYNTHETIC DATA,4.102647910308511,0.1473520896914886,0.2171822484566208
SYNTHETIC DATA,3.966833249911464,0.5331667500885362,0.7858344854760893
SYNTHETIC DATA,4.550750790146646,-0.3007507901466457,-0.4432765966598079
SYNTHETIC DATA,3.211450406033837,-0.2114504060338369,-0.3116567584188576
SYNTHETIC DATA,3.597835016336496,-1.0978350163364956,-1.6180990563593167
SYNTHETIC DATA,3.6972694334503,0.0527305665497004,0.0777195832758991
SYNTHETIC DATA,4.107431973750752,-0.107431973750752,-0.1583439886341071
SYNTHETIC DATA,3.862310557542294,0.887689442457706,1.3083654900844253
SYNTHETIC DATA,3.661056759792037,0.0889432402079628,0.1310934438312107
SYNTHETIC DATA,4.019827802590898,0.980172197409102,1.444675824779102
SYNTHETIC DATA,3.8219740058859406,0.4280259941140594,0.63086752277624
SYNTHETIC DATA,4.167156392580772,0.3328436074192282,0.4905782007915173
SYNTHETIC DATA,3.434281679597221,0.0657183204027789,0.0968622339849488
SYNTHETIC DATA,4.703665954368226,-0.9536659543682262,-1.4056082725386971
SYNTHETIC DATA,4.1606441831920025,0.1726891501413305,0.2545265424486445
SYNTHETIC DATA,2.8025178181854087,0.1974821818145913,0.2910689924140894
SYNTHETIC DATA,2.8502009250368032,-1.6002009250368032,-2.3585361809899856
SYNTHETIC DATA,4.152998466823881,0.0970015331761189,0.1429705620262125
SYNTHETIC DATA,4.082637191977949,0.1673628080220508,0.2466760466739571
SYNTHETIC DATA,4.522920433453009,0.4770795665469913,0.7031675843370856
SYNTHETIC DATA,4.271617132209675,-0.9382837988763416,-1.3829365131979825
SYNTHETIC DATA,3.533481922747248,0.2165180772527519,0.3191259991474229
SYNTHETIC DATA,4.108187662467879,-0.1081876624678788,-0.1594577982520263
SYNTHETIC DATA,3.885307332142797,-0.3853073321427964,-0.5679044858936139
SYNTHETIC DATA,2.4326917170141016,0.8173082829858984,1.2046306974861354
SYNTHETIC DATA,3.3868385896275903,-0.6368385896275903,-0.9386364122072738
SYNTHETIC DATA,3.921852066449764,-1.2551853997830973,-1.850017790216393
SYNTHETIC DATA,4.3294403221026085,-0.0794403221026085,-0.1170870926125677
SYNTHETIC DATA,4.411215559919657,0.5887844400803433,0.8678094000611091
SYNTHETIC DATA,4.355762168190159,-1.605762168190159,-2.3667328974043143
SYNTHETIC DATA,3.1092205896282827,-0.3592205896282827,-0.5294552354888654
SYNTHETIC DATA,4.118781841728317,0.1312181582716833,0.1934024465580894
SYNTHETIC DATA,4.067178324535541,-0.4005116578688743,-0.5903141419383301
SYNTHETIC DATA,3.2414045283240087,0.5085954716759913,0.7496188776468209
SYNTHETIC DATA,3.3251339244329685,-0.8251339244329685,-1.216164910598745
SYNTHETIC DATA,4.000585171873484,-0.0005851718734843,-0.0008624848380705
SYNTHETIC DATA,2.7696076988814884,0.2303923011185116,0.3395752180289808
SYNTHETIC DATA,4.175901134047996,0.8240988659520037,1.2146393378793443
SYNTHETIC DATA,3.9294775280147274,-1.1794775280147265,-1.7384319562391093
SYNTHETIC DATA,3.472594796434205,-0.2225947964342052,-0.3280824756916692
SYNTHETIC DATA,3.066877320992065,-1.3168773209920648,-1.9409455143350296
SYNTHETIC DATA,3.0764381994974785,-0.8264381994974785,-1.2180872816469557
SYNTHETIC DATA,4.8238958673697,0.1761041326303001,0.2595598852193322
SYNTHETIC DATA,4.172856018428938,0.0771439815710621,0.1137025162491955
SYNTHETIC DATA,3.64679270615442,0.6032072938455801,0.88906724456439
SYNTHETIC DATA,4.512736965840307,0.4872630341596933,0.71817699749059
SYNTHETIC DATA,3.032686635001081,0.717313364998919,1.0572481855169007
SYNTHETIC DATA,3.291149000129312,0.9588509998706884,1.413250511226539
SYNTHETIC DATA,3.46594698765518,0.0340530123448203,0.050190735694713
SYNTHETIC DATA,3.9077673433552262,0.0922326566447733,0.1359417147946725
SYNTHETIC DATA,3.9962768622104905,-1.4962768622104905,-2.205362502349788
SYNTHETIC DATA,3.8699593184628815,0.7967073482037854,1.174266979226998
SYNTHETIC DATA,2.5285011198436087,0.8048322134897248,1.186242218362744
SYNTHETIC DATA,3.230655681747194,-0.7306556817471939,-1.0769134264855067
SYNTHETIC DATA,4.0406924703021865,0.2093075296978135,0.3084983729368706
SYNTHETIC DATA,3.586838172793376,0.6631618272066238,0.9774342326931716
SYNTHETIC DATA,3.303694872115759,-0.3036948721157588,-0.4476158791432209
SYNTHETIC DATA,4.098720614657444,-0.0987206146574442,-0.1455043162619078
SYNTHETIC DATA,4.204497122301045,0.2955028776989552,0.4355416983799177
SYNTHETIC DATA,3.060373650754124,-0.5603736507541242,-0.8259347370060113
SYNTHETIC DATA,3.613452005785052,-1.613452005785052,-2.378066949216011
SYNTHETIC DATA,3.6697001338359434,0.3302998661640575,0.4868289804957854
SYNTHETIC DATA,3.918294712043591,-0.4182947120435907,-0.6165245859040521
SYNTHETIC DATA,3.285585202597411,-0.035585202597411,-0.0524490309439875
SYNTHETIC DATA,4.515749157548645,0.4842508424513552,0.7137373280609338
SYNTHETIC DATA,3.713537659165693,1.0364623408343068,1.5276418684953983
SYNTHETIC DATA,3.162863620013116,1.5871363799868845,2.339280347734109
SYNTHETIC DATA,3.715214693920751,0.0347853060792489,0.051270063447084
SYNTHETIC DATA,4.708679214879623,0.0413207851203774,0.0609027061592789
SYNTHETIC DATA,3.695231618289677,0.304768381710323,0.4491981249598588
SYNTHETIC DATA,3.09888134181143,1.4011186581885702,2.065108823207236
SYNTHETIC DATA,2.740800567829857,-1.240800567829857,-1.828815986062707
SYNTHETIC DATA,4.1795322883879775,-0.1795322883879775,-0.2646126440710779
SYNTHETIC DATA,5.077667369160814,-0.0776673691608138,-0.1144739372300214
SYNTHETIC DATA,3.730295972375977,-0.2302959723759765,-0.3394332390930962
SYNTHETIC DATA,3.2727967824621635,-0.5227967824621635,-0.770550189948056
SYNTHETIC DATA,3.715701651870182,-0.715701651870182,-1.0548726814986065
SYNTHETIC DATA,3.815723362921005,-1.065723362921005,-1.5707696896361327
SYNTHETIC DATA,4.560941024922935,-0.0609410249229345,-0.0898209780650188
SYNTHETIC DATA,3.789201479774086,-0.039201479774086,-0.0577790619596115
SYNTHETIC DATA,4.307514490056223,0.1924855099437765,0.2837043976263564
SYNTHETIC DATA,4.3857375000324526,0.6142624999675474,0.905361513127172
SYNTHETIC DATA,3.6009211970554675,-0.3509211970554675,-0.5172227605808947
SYNTHETIC DATA,2.3077690858235225,0.025564247509811,0.0376791450050472
SYNTHETIC DATA,4.245980298032029,0.7540197019679713,1.1113496564375784
SYNTHETIC DATA,2.286049086293952,-0.7860490862939522,-1.1585577667478022
SYNTHETIC DATA,3.176495576585699,-0.1764955765856988,-0.2601368344743868
SYNTHETIC DATA,3.319369599699491,1.180630400300509,1.7401311747281976
SYNTHETIC DATA,3.656098928718879,1.0105677379477882,1.489475812692864
SYNTHETIC DATA,4.354234827251237,-2.104234827251237,-3.101431761300296
SYNTHETIC DATA,2.39792005077257,-0.3979200507725706,-0.5864943721782283
SYNTHETIC DATA,3.2700400350849805,0.2299599649150194,0.3389379976885009
SYNTHETIC DATA,4.018002988130375,-2.518002988130375,-3.711284663336762
SYNTHETIC DATA,3.4081637167814245,0.5918362832185755,0.8723075117342174
SYNTHETIC DATA,4.180869434001608,0.3191305659983916,0.4703665487193167
SYNTHETIC DATA,2.506001462357116,0.7439985376428844,1.0965794621035012
SYNTHETIC DATA,3.902729496198484,0.5972705038015165,0.8803170095790283
SYNTHETIC DATA,3.7791161442525545,0.4708838557474455,0.6940357260441383
SYNTHETIC DATA,4.386798739704514,0.6132012602954857,0.9037973519495988
SYNTHETIC DATA,3.852216949453248,0.6477830505467521,0.95476745341304
SYNTHETIC DATA,3.782418834082157,0.7175811659178426,1.057642897297591
SYNTHETIC DATA,3.802665857030815,-1.1359991903641484,-1.6743492333549008
SYNTHETIC DATA,3.363017645500471,0.886982354499529,1.3073233131262634
SYNTHETIC DATA,3.4705497266316736,-1.2205497266316736,-1.7989682707451446
SYNTHETIC DATA,2.9846473533021918,0.0153526466978086,0.0226282663284333
SYNTHETIC DATA,3.552971996317331,0.1136946703493353,0.1675745772978286
SYNTHETIC DATA,4.234999980367362,-1.2349999803673617,-1.8202665000655167
SYNTHETIC DATA,3.4737411844170425,1.0262588155829575,1.5126028923878208
SYNTHETIC DATA,3.1831865837126045,1.0668134162873957,1.5723763193184537
SYNTHETIC DATA,3.4417062098523377,-0.9417062098523376,-1.387980804815873
SYNTHETIC DATA,4.106025764157971,-0.3560257641579714,-0.524746382153148
SYNTHETIC DATA,3.17133215605808,0.0786678439419201,0.1159485370333886
SYNTHETIC DATA,2.670172043732323,-0.6701720437323231,-0.987766590995024
SYNTHETIC DATA,4.05211547890855,0.4478845210914501,0.660137006154563
SYNTHETIC DATA,2.8773028302078303,0.6226971697921697,0.917793373179758
SYNTHETIC DATA,4.257097629940932,-0.2570976299409322,-0.3789362028074798
SYNTHETIC DATA,3.669158827104829,1.3308411728951717,1.9615268359829376
SYNTHETIC DATA,3.698555121144632,0.0514448788553676,0.0758246081530297
SYNTHETIC DATA,3.406107288846601,-0.4061072888466008,-0.598561542567806
SYNTHETIC DATA,3.872746872792909,0.8772531272070916,1.292983404791464
SYNTHETIC DATA,3.571510443983096,-0.071510443983096,-0.1053992450659973
SYNTHETIC DATA,4.319902810051475,0.6800971899485253,1.002395264236161
SYNTHETIC DATA,3.650426171200308,-0.9837595045336412,-1.4499631568342026
SYNTHETIC DATA,4.032185325413655,-1.0321853254136553,-1.521337975366461
SYNTHETIC DATA,3.098341887281713,-0.098341887281713,-0.1449461099739238
SYNTHETIC DATA,4.066405109283384,0.4335948907166163,0.6390755196095255
SYNTHETIC DATA,3.865615829563352,-0.1156158295633513,-0.1704061739084823
SYNTHETIC DATA,4.382780442710262,0.6172195572897383,0.9097199199837912
SYNTHETIC DATA,4.363738303617497,-0.863738303617497,-1.273063905985386
SYNTHETIC DATA,3.533908878060172,0.216091121939828,0.318496709701678
SYNTHETIC DATA,3.498714074425515,0.2512859255744848,0.3703703316052941
SYNTHETIC DATA,3.777382682282504,-0.7773826822825036,-1.1457843536718109
SYNTHETIC DATA,3.264259158134043,-0.5975924914673767,-0.8807915872073011
SYNTHETIC DATA,3.3239784663036973,0.9260215336963028,1.3648631602611627
SYNTHETIC DATA,4.076464816955748,0.673535183044252,0.992723522105854
SYNTHETIC DATA,3.684177994061636,0.6491553392716969,0.9567900697969622
SYNTHETIC DATA,4.402075818400091,-0.0687424850667577,-0.101319550354205
SYNTHETIC DATA,4.768102030746115,0.2318979692538851,0.3417944223290661
SYNTHETIC DATA,4.39375157529863,-0.14375157529863,-0.211875450208434
SYNTHETIC DATA,2.814944860711205,0.6850551392887949,1.0097027858852143
SYNTHETIC DATA,4.123967322017832,-0.1239673220178323,-0.1827154388332637
SYNTHETIC DATA,2.1286831585872608,-0.1286831585872607,-0.1896661104636884
SYNTHETIC DATA,3.8631337200501834,1.1368662799498177,1.675627236715581
SYNTHETIC DATA,3.7806290327279215,-0.1139623660612558,-0.1679691340139147
SYNTHETIC DATA,3.8524063261485137,-0.3524063261485137,-0.5194116923860115
SYNTHETIC DATA,4.069960128521106,-0.7366267951877723,-1.0857142507257975
SYNTHETIC DATA,3.0916515411055543,-0.3416515411055543,-0.503560214458634
SYNTHETIC DATA,4.156962441480682,0.8430375585193177,1.2425530772990545
SYNTHETIC DATA,3.3549021905353613,-0.1049021905353613,-0.1546153410935346
SYNTHETIC DATA,2.8536418576023075,1.3963581423976923,2.0580922988712684
SYNTHETIC DATA,4.494480504028664,-0.4944805040286635,-0.7288148264999563
SYNTHETIC DATA,3.112934616824964,-0.112934616824964,-0.1664543343904092
SYNTHETIC DATA,3.006206428438774,-0.756206428438774,-1.1145726726342462
SYNTHETIC DATA,2.950470487254467,0.0495295127455328,0.0730015499987648
SYNTHETIC DATA,3.1012286700462366,0.1487713299537634,0.2192740667125162
SYNTHETIC DATA,2.5612065435397886,0.6887934564602114,1.0152126916519535
SYNTHETIC DATA,4.101439677294719,-1.351439677294719,-1.9918869721011552
SYNTHETIC DATA,4.018081724719529,-1.0180817247195293,-1.5005506779721876
SYNTHETIC DATA,3.9282041011468216,0.3217958988531784,0.4742949828765782
SYNTHETIC DATA,4.761007945049345,0.2389920549506552,0.3522503954041291
SYNTHETIC DATA,3.09842922863621,-0.5984292286362098,-0.8820248541400937
SYNTHETIC DATA,3.572622525986876,-0.3226225259868753,-0.4755133486283461
SYNTHETIC DATA,3.214434923435997,0.0355650765640027,0.0524193671828744
SYNTHETIC DATA,4.074266474517222,-0.8242664745172217,-1.2148863761475552
SYNTHETIC DATA,2.619657479868136,-0.119657479868136,-0.1763631623876163
SYNTHETIC DATA,4.274854112682501,-0.274854112682501,-0.4051074831372616
SYNTHETIC DATA,4.237068778281865,0.5129312217181354,0.7560093397357555
SYNTHETIC DATA,4.739282994054101,0.2607170059458994,0.3842708011861964
SYNTHETIC DATA,3.191997250578327,1.3080027494216728,1.9278652830890235
SYNTHETIC DATA,4.469847389353316,0.5301526106466845,0.7813919452819617
SYNTHETIC DATA,2.7281047066950315,-0.0614380400283649,-0.0905535286405843
SYNTHETIC DATA,2.694371038557506,0.3056289614424941,0.450466533447315
SYNTHETIC DATA,2.8524164924915727,-0.3524164924915727,-0.5194266765592848
SYNTHETIC DATA,4.220334591817544,0.2796654081824563,0.4121988516876315
SYNTHETIC DATA,4.630383218319827,-0.1303832183198272,-0.1921718285434414
SYNTHETIC DATA,3.494145223118174,1.1725214435484927,1.7281793831809744
SYNTHETIC DATA,2.9547221577905303,0.0452778422094697,0.0667350126958174
SYNTHETIC DATA,3.019229775962985,0.4807702240370148,0.7086072444983007
SYNTHETIC DATA,4.215145766607123,0.5348542333928767,0.7883216671579847
SYNTHETIC DATA,3.4755188183746086,0.0244811816253913,0.0360828141725669
SYNTHETIC DATA,3.72867410814964,0.6046592251836933,0.8912072461977314
SYNTHETIC DATA,3.73509430583614,-1.0684276391694731,-1.5747555224622556
SYNTHETIC DATA,3.691530465811997,-0.4415304658119972,-0.6507717639289621
SYNTHETIC DATA,4.787295059852927,-1.7872950598529274,-2.634294230689087
SYNTHETIC DATA,3.71563669374366,0.0343633062563402,0.0506480778981888
SYNTHETIC DATA,2.89929526173108,0.1007047382689201,0.1484287160994562
SYNTHETIC DATA,3.2864885880501293,0.2135114119498706,0.3146944750868993
SYNTHETIC DATA,2.6260633238905697,0.1239366761094302,0.1826702698281502
SYNTHETIC DATA,3.6580113759385786,0.5919886240614214,0.8725320469060653
SYNTHETIC DATA,3.6501671303534975,-2.150167130353497,-3.1691313839213664
SYNTHETIC DATA,4.479110621956858,-0.4791106219568579,-0.7061611569533842
SYNTHETIC DATA,4.482856426153823,0.2671435738461767,0.3937429197653331
SYNTHETIC DATA,4.5884730432866245,0.4115269567133754,0.6065495911639176
SYNTHETIC DATA,4.885326122630935,-1.1353261226309348,-1.6733571988071112
SYNTHETIC DATA,3.410630985718237,0.3393690142817629,0.5001959981194463
SYNTHETIC DATA,3.1421946744491147,0.1078053255508852,0.158894271861091
SYNTHETIC DATA,2.8209030486109583,-1.0709030486109583,-1.5784040284961918
SYNTHETIC DATA,4.019155213624701,-1.0191552136247006,-1.5021328932947289
SYNTHETIC DATA,4.020874097922345,-0.520874097922345,-0.7677163451596661
SYNTHETIC DATA,4.25606360713607,0.2439363928639304,0.3595378551706156
SYNTHETIC DATA,3.3304228499599904,-0.5804228499599904,-0.855485252186362
SYNTHETIC DATA,2.9599463975140474,0.2900536024859526,0.4275100115155053
SYNTHETIC DATA,3.4287814484510384,1.0712185515489616,1.5788690482839238
SYNTHETIC DATA,4.077216469124955,0.4227835308750451,0.6231406560851458
SYNTHETIC DATA,4.10835612203071,0.1416438779692903,0.2087689150652242
SYNTHETIC DATA,4.016185787641626,0.4838142123583742,0.7130937789566355
SYNTHETIC DATA,3.727083078165741,-0.4770830781657413,-0.7031727601120438
SYNTHETIC DATA,2.783346626292912,1.216653373707088,1.793225436078098
SYNTHETIC DATA,2.8890923946459446,-1.3890923946459446,-2.0473833130893424
SYNTHETIC DATA,3.149274253850233,-0.1492742538502329,-0.2200153262553331
SYNTHETIC DATA,3.440775607756753,0.5592243922432472,0.8242408448598412
SYNTHETIC DATA,3.113266138391461,0.8867338616085392,1.306957059448398
SYNTHETIC DATA,2.161209160225464,-0.4945424935587972,-0.7289061928698761
SYNTHETIC DATA,2.33351710460004,-1.000183771266706,-1.4741708839577656
SYNTHETIC DATA,3.5626568720655465,-0.0626568720655464,-0.0923499652088086
SYNTHETIC DATA,2.9737989403568577,-0.9737989403568575,-1.4352822810601331
SYNTHETIC DATA,2.8080187886148416,-0.8080187886148416,-1.1909389115144853
SYNTHETIC DATA,3.9033973287444046,-0.1533973287444046,-0.2260923264386767
SYNTHETIC DATA,4.486245562634161,0.2637544373658391,0.388747671427375
SYNTHETIC DATA,4.475767447921095,-0.7257674479210952,-1.069708658534427
SYNTHETIC DATA,4.125154028621108,0.5415126380455586,0.7981354899319348
SYNTHETIC DATA,3.796187372498775,0.2038126275012253,0.30039943646028
SYNTHETIC DATA,4.558392567795176,0.4416074322048242,0.6508852046971574
SYNTHETIC DATA,4.612765302680769,-0.8627653026807689,-1.2716297998818928
SYNTHETIC DATA,3.6112583045971727,0.1387416954028273,0.2044913881123611
SYNTHETIC DATA,3.562849923105538,0.7704834102277949,1.135615516428357
SYNTHETIC DATA,3.6081173515716674,0.3918826484283326,0.5775958447212768
SYNTHETIC DATA,3.975963737724096,0.2740362622759043,0.4039020534037727
SYNTHETIC DATA,4.36646604674996,0.6335339532500397,0.9337657085727976
SYNTHETIC DATA,4.471470691955975,0.0285293080440247,0.0420493477960547
SYNTHETIC DATA,3.912517588905189,-0.4125175889051893,-0.6080096839746955
SYNTHETIC DATA,4.239109093812655,0.2608909061873445,0.3845271127561462
SYNTHETIC DATA,4.18446299456057,-0.6844629945605698,-1.0088300237563776
SYNTHETIC DATA,3.823376275606807,0.4266237243931932,0.6288007174017252
SYNTHETIC DATA,2.8311376411908338,1.1688623588091662,1.722786258097753
SYNTHETIC DATA,3.9270023771012585,-0.260335710434592,-0.3837088097231263
SYNTHETIC DATA,3.62520410296512,-1.6252041029651196,-2.3953883655256925
SYNTHETIC DATA,4.427631239652908,0.5723687603470919,0.843614329316773
SYNTHETIC DATA,3.5098633798469425,-0.5098633798469425,-0.7514876475297607
SYNTHETIC DATA,3.597697824408976,-1.097697824408976,-1.6178968491741237
SYNTHETIC DATA,4.446913213285463,0.0530867867145374,0.0782446161852178
SYNTHETIC DATA,3.777455279593611,-1.0274552795936112,-1.51436636072122
SYNTHETIC DATA,4.391364824771183,-1.8913648247711832,-2.787682659646022
SYNTHETIC DATA,4.117502945983568,-0.6175029459835679,-0.9101376065862816
SYNTHETIC DATA,3.528543829593097,0.1381228370735696,0.2035792528063353
SYNTHETIC DATA,4.082023748377755,-0.5820237483777548,-0.8578448164018996
SYNTHETIC DATA,3.52610384420816,0.7238961557918402,1.0669505610211738
SYNTHETIC DATA,2.847602478872488,0.4023975211275119,0.5930937158395226
SYNTHETIC DATA,3.3016343275901847,0.1983656724098152,0.2923711692231375
SYNTHETIC DATA,3.790656574772022,-2.040656574772022,-3.007723773478144
SYNTHETIC DATA,4.413806600610267,-0.7471399339436009,-1.1012095661848982
SYNTHETIC DATA,4.475233430082773,0.2747665699172268,0.4049784538534681
SYNTHETIC DATA,4.364931841295566,0.135068158704434,0.1990769622863319
SYNTHETIC DATA,3.6956492220449615,-0.1956492220449615,-0.2883673929665878
SYNTHETIC DATA,3.351018161579091,-0.1010181615790908,-0.1488906707236771
SYNTHETIC DATA,4.038027808955997,-0.0380278089559968,-0.056049188513268
SYNTHETIC DATA,2.8372839024602508,-0.8372839024602508,-1.2340727634984798
SYNTHETIC DATA,3.6637840021545984,-0.6637840021545984,-0.9783512563636024
SYNTHETIC DATA,4.497584864795432,0.5024151352045676,0.7405096795764539
SYNTHETIC DATA,4.18150178179581,0.0684982182041897,0.1009595254197299
SYNTHETIC DATA,3.4535760663552737,-0.1202427330219402,-0.1772257670247521
SYNTHETIC DATA,4.626654064832499,-0.1266540648324987,-0.1866754291308945
SYNTHETIC DATA,3.8163475631483,0.5169857701850336,0.7619853388163315
SYNTHETIC DATA,3.532139398547322,-1.0321393985473222,-1.5212702837570942
SYNTHETIC DATA,2.3579980258557742,-0.6079980258557742,-0.8961283045867181
SYNTHETIC DATA,3.6204781265712658,0.3795218734287342,0.5593772981590951
SYNTHETIC DATA,2.7466488600600427,0.5033511399399573,0.7418892569779253
SYNTHETIC DATA,3.677742089218182,0.572257910781818,0.8434509481399127
SYNTHETIC DATA,3.593312808787065,1.073353857879602,1.5820162763347991
SYNTHETIC DATA,4.153986759976635,-0.9039867599766352,-1.3323861067582925
SYNTHETIC DATA,3.648368032480573,-0.6483680324805725,-0.9556296582990352
SYNTHETIC DATA,3.3454164797058272,0.4045835202941727,0.596315660062599
SYNTHETIC DATA,3.254208731476383,0.4124579351902837,0.6079217603628952
SYNTHETIC DATA,2.845456393807465,0.1545436061925351,0.2277818247963949
SYNTHETIC DATA,3.5716593147806277,-0.3216593147806272,-0.4740936716088376
SYNTHETIC DATA,3.8350762161792,-0.8350762161791998,-1.2308188546369947
SYNTHETIC DATA,4.52417787634506,-0.0241778763450595,-0.0356357725127632
SYNTHETIC DATA,2.8966490708365478,-1.8966490708365475,-2.7954711100458542
SYNTHETIC DATA,3.7317438769479288,-0.7317438769479288,-1.0785173174174243
SYNTHETIC DATA,4.282472265129825,-0.532472265129825,-0.784810884079136
SYNTHETIC DATA,4.157120852360519,-0.407120852360519,-0.6000554338547719
SYNTHETIC DATA,2.0966006537369277,-0.3466006537369273,-0.510854711682237
SYNTHETIC DATA,2.4364438303138707,0.8135561696861293,1.199100457605493
SYNTHETIC DATA,4.231382351679596,0.4352843149870713,0.6415655620814227
SYNTHETIC DATA,4.59647475776349,-2.34647475776349,-3.458469200570935
SYNTHETIC DATA,3.047361097868886,-1.797361097868886,-2.649130564357194
SYNTHETIC DATA,2.1883756068193763,-1.1883756068193765,-1.75154683479824
SYNTHETIC DATA,4.14002293365778,0.3599770663422204,0.5305702065353027
SYNTHETIC DATA,4.130040450480465,0.6199595495195354,0.9137583945956336
SYNTHETIC DATA,3.761440857158916,0.2385591428410842,0.3516123262356662
SYNTHETIC DATA,3.4743649383429345,0.0256350616570655,0.0377835179783486
SYNTHETIC DATA,2.5080451272231565,0.4919548727768434,0.7250922985385883
SYNTHETIC DATA,4.37172418986997,-1.12172418986997,-1.6533093097913047
SYNTHETIC DATA,4.61610813147395,0.1338918685260504,0.1973432281647889
SYNTHETIC DATA,4.124555962152332,-0.124555962152332,-0.1835830355413261
SYNTHETIC DATA,3.251093374557011,0.7489066254429888,1.103813492827334
SYNTHETIC DATA,3.95659059901856,0.5434094009814396,0.8009311288676725
SYNTHETIC DATA,4.5405111880968265,0.4594888119031735,0.6772405706544709
SYNTHETIC DATA,2.4634138065935267,-0.2134138065935267,-0.3145506145498919
SYNTHETIC DATA,2.471862461981654,0.2781375380183459,0.4099469238168696
SYNTHETIC DATA,2.605812210262071,1.894187789737929,2.791843427776801
SYNTHETIC DATA,3.363246284018527,-0.6132462840185271,-0.9038637124160468
SYNTHETIC DATA,2.3609152992001694,0.1390847007998306,0.2049969437750592
SYNTHETIC DATA,3.624816185045606,0.875183814954394,1.2899334454136184
SYNTHETIC DATA,4.65261069834918,0.3473893016508205,0.5120170998610443
SYNTHETIC DATA,4.67578761841377,-0.0091209517471027,-0.0134433709942461
SYNTHETIC DATA,4.01529313178945,0.2347068682105497,0.3459344585672567
SYNTHETIC DATA,3.1576037024542467,0.3423962975457533,0.5046579109933328
SYNTHETIC DATA,3.1099970536375934,0.6400029463624066,0.9433003576730296
SYNTHETIC DATA,4.022563679200892,0.2274363207991081,0.3352183985667954
SYNTHETIC DATA,4.322395734738809,-0.0723957347388086,-0.1067040751316318
SYNTHETIC DATA,3.063964708490784,1.1860352915092165,1.748097444007637
SYNTHETIC DATA,4.209478264129313,0.1238550692040201,0.1825499894083498
SYNTHETIC DATA,4.399971963105777,0.1000280368942228,0.1474313259273985
SYNTHETIC DATA,3.925924910147853,-0.4259249101478524,-0.6277707350691067
SYNTHETIC DATA,4.427288410809687,0.3227115891903134,0.475644618885985
SYNTHETIC DATA,2.68156940229836,-0.93156940229836,-1.3730401639240182
SYNTHETIC DATA,4.307285673571047,0.1927143264289528,0.2840416502492311
SYNTHETIC DATA,4.4937381296583565,0.5062618703416435,0.7461793825853247
SYNTHETIC DATA,3.666549749940222,-0.3332164166068887,-0.491127684261965
SYNTHETIC DATA,4.712488473550297,0.2875115264497028,0.42376324558598
SYNTHETIC DATA,4.660676715699701,0.3393232843002991,0.5001285966986929
SYNTHETIC DATA,3.4112816507213166,-0.4112816507213166,-0.6061880346564614
SYNTHETIC DATA,2.655887835163646,-0.4058878351636461,-0.5982380897793454
SYNTHETIC DATA,2.553860972474216,0.4461390275257844,0.657564323147138
SYNTHETIC DATA,3.7352059595760254,0.2647940404239737,0.3902799423991729
SYNTHETIC DATA,4.414608281384587,-0.664608281384587,-0.9795661615400396
SYNTHETIC DATA,2.626323035330186,-0.126323035330186,-0.1861875247396621
SYNTHETIC DATA,3.890356225007698,-0.1403562250076979,-0.2068710433348946
SYNTHETIC DATA,2.405339918128835,-0.4053399181288348,-0.5974305148488702
SYNTHETIC DATA,3.366066185058479,1.1339338149415208,1.6713050764709878
SYNTHETIC DATA,3.958742791436667,-0.9587427914366669,-1.4130910228130935
SYNTHETIC DATA,3.557477037996207,-0.057477037996207,-0.0847154076523688
SYNTHETIC DATA,4.125787153770227,0.1242128462297733,0.1830773169750093
SYNTHETIC DATA,3.811837280645684,0.1881627193543158,0.2773330364750362
SYNTHETIC DATA,2.922353092479294,1.3276469075207054,1.9568188081725
SYNTHETIC DATA,4.357193707099117,0.1428062929008833,0.2104821984601966
SYNTHETIC DATA,4.087196811621082,0.412803188378918,0.6084306290457312
SYNTHETIC DATA,4.53225195209396,0.4677480479060403,0.6894138587930516
SYNTHETIC DATA,4.074001494269044,-0.4073348276023769,-0.6003708119687712
SYNTHETIC DATA,3.86445155709927,0.8855484429007299,1.30520987078712
SYNTHETIC DATA,4.379647529782199,0.3703524702178011,0.5458625145511715
SYNTHETIC DATA,3.7505973565711512,0.7494026434288488,1.1045445737483413
SYNTHETIC DATA,4.4679681827825934,0.2820318172174065,0.4156867020198161
SYNTHETIC DATA,3.281656471474777,0.7183435285252231,1.058766543562512
SYNTHETIC DATA,3.420306297901588,-0.920306297901588,-1.3564394740891192
SYNTHETIC DATA,3.955224512346698,-1.2052245123466974,-1.776380437050629
SYNTHETIC DATA,3.637108524487751,-0.137108524487751,-0.2020842574622776
SYNTHETIC DATA,3.9569320757439126,0.2930679242560874,0.4319528204432937
SYNTHETIC DATA,4.124738151661048,-0.1247381516610479,-0.1838515646625009
SYNTHETIC DATA,2.014550089950028,-0.5145500899500282,-0.7583953896607588
SYNTHETIC DATA,4.221711110549314,-0.7217111105493137,-1.0637300227869015
SYNTHETIC DATA,3.019267223336019,-0.0192672233360191,-0.0283979609274195
SYNTHETIC DATA,3.23948774592812,0.0105122540718798,0.0154940115234077
SYNTHETIC DATA,2.962672383237117,-0.4626723832371171,-0.6819328365183316
SYNTHETIC DATA,3.6422153639297776,0.1077846360702223,0.158863777635056
SYNTHETIC DATA,2.3108288392956085,0.1891711607043915,0.2788193782045945
SYNTHETIC DATA,3.7875226105897313,0.2124773894102687,0.3131704292414976
SYNTHETIC DATA,3.829894481666868,0.1701055183331323,0.2507185274658685
SYNTHETIC DATA,2.596700600063871,-0.8467006000638708,-1.247952034317592
SYNTHETIC DATA,4.193179846951908,-0.4431798469519084,-0.6532027868298104
SYNTHETIC DATA,3.904584164402423,-1.404584164402423,-2.070216632897216
SYNTHETIC DATA,4.909931013219106,0.0900689867808939,0.1327526817314902
SYNTHETIC DATA,2.719683130209424,-0.2196831302094239,-0.3237909707745882
SYNTHETIC DATA,2.521685352471936,0.2283146475280641,0.3365129643532298
SYNTHETIC DATA,4.071313053942008,-0.3213130539420081,-0.4735833177506655
SYNTHETIC DATA,4.237489352388804,0.0125106476111955,0.0184394438079343
SYNTHETIC DATA,3.30184125627979,0.94815874372021,1.397491194635258
SYNTHETIC DATA,3.5813050124848345,-0.3313050124848344,-0.4883104656815829
SYNTHETIC DATA,3.830491067446564,0.1695089325534358,0.2498392196711639
SYNTHETIC DATA,4.025942411423855,-0.0259424114238546,-0.0382365208068367
SYNTHETIC DATA,4.348934183085484,-2.0989341830854835,-3.0936191417399144
SYNTHETIC DATA,4.578785238271533,0.1712147617284669,0.2523534413323011
SYNTHETIC DATA,3.901924919202756,0.5980750807972437,0.8815028756319249
SYNTHETIC DATA,4.080435034385617,-0.4137683677189501,-0.6098532068976701
SYNTHETIC DATA,3.222972454368182,0.0270275456318178,0.0398359001414364
SYNTHETIC DATA,2.0863670248329798,-0.3363670248329793,-0.495771365800387
SYNTHETIC DATA,3.577184878241176,0.4228151217588243,0.6231872178894897
SYNTHETIC DATA,3.3416055342869497,-1.3416055342869495,-1.977392428491064
SYNTHETIC DATA,3.785811562092063,-0.2858115620920629,-0.4212576680793336
SYNTHETIC DATA,3.439578341907965,-0.189578341907965,-0.2794195225901036
SYNTHETIC DATA,4.444958292279236,0.5550417077207639,0.8180759860439292
SYNTHETIC DATA,3.229677929388476,-1.229677929388476,-1.8124223290027572
SYNTHETIC DATA,3.473040216712315,1.2769597832876851,1.8821110545751427
SYNTHETIC DATA,3.555278629718026,-0.3052786297180261,-0.4499501795103947
SYNTHETIC DATA,1.880042825137833,0.8699571748621671,1.2822299004589457
SYNTHETIC DATA,4.035329743545694,0.4646702564543057,0.6848775019000628
SYNTHETIC DATA,4.640770226516113,0.3592297734838867,0.5294687715738557
SYNTHETIC DATA,3.932104913768247,0.8178950862317533,1.2054955868039812
SYNTHETIC DATA,1.8317116292323743,0.501621704100959,0.7393402414542126
SYNTHETIC DATA,2.2693501686702966,0.4806498313297034,0.708429797684167
SYNTHETIC DATA,3.567720991821393,0.1822790081786069,0.2686610344349892
SYNTHETIC DATA,3.678619272464108,-0.9286192724641076,-1.368691967492034
SYNTHETIC DATA,3.1113446362318165,0.6386553637681835,0.9413141556557584
SYNTHETIC DATA,4.576585439233009,0.4234145607669912,0.6240707310577039
SYNTHETIC DATA,2.8304087243802987,-0.5804087243802987,-0.8554644324941226
SYNTHETIC DATA,3.229305128353364,1.0206948716466364,1.5044021952894164
SYNTHETIC DATA,3.193023711927443,0.1403096214058905,0.2068023542850963
SYNTHETIC DATA,4.7809515435109855,0.2190484564890145,0.3228555251631724
SYNTHETIC DATA,3.870492035249946,-0.1204920352499461,-0.1775932135844645
SYNTHETIC DATA,4.338050962628399,-0.0880509626283991,-0.1297783158857381
SYNTHETIC DATA,4.396685173120353,0.1033148268796466,0.1522757257640999
SYNTHETIC DATA,2.8484909915828824,-0.3484909915828824,-0.5136408806777819
SYNTHETIC DATA,2.694278081272415,0.3057219187275848,0.4506035431919932
SYNTHETIC DATA,3.0608924365194325,-0.0608924365194325,-0.0897493636159562
SYNTHETIC DATA,2.686689977351709,0.0633100226482912,0.0933126438680543
SYNTHETIC DATA,4.490650174137758,0.259349825862242,0.3822557144287876
SYNTHETIC DATA,4.686684199120932,0.3133158008790682,0.4617961662733951
SYNTHETIC DATA,4.35196771324709,0.64803228675291,0.9551348026631492
SYNTHETIC DATA,4.0185012620946825,-1.0185012620946825,-1.501169034119278
SYNTHETIC DATA,2.5082086904773617,0.7417913095226383,1.0933262285252372
SYNTHETIC DATA,4.485833667527022,-0.4858336675270216,-0.7160702539771288
SYNTHETIC DATA,3.1373852021119077,-0.8873852021119073,-1.307917070231608
SYNTHETIC DATA,3.5079043247752404,-0.1745709914419069,-0.2573001883857561
SYNTHETIC DATA,3.114657759265288,1.2186755740680448,1.7962059572376006
SYNTHETIC DATA,3.8174113833138272,-0.0674113833138272,-0.0993576394493019
SYNTHETIC DATA,3.5134831086998863,-1.5134831086998863,-2.2307227894545703
SYNTHETIC DATA,4.029856033816158,0.2201439661838415,0.3244701969281043
SYNTHETIC DATA,2.105097733089502,0.1449022669104978,0.2135714546021881
SYNTHETIC DATA,3.612441254247577,-0.6124412542475772,-0.9026771790177388
SYNTHETIC DATA,4.156604435620024,0.8433955643799758,1.2430807421454857
SYNTHETIC DATA,3.63492455637151,1.11507544362849,1.643509722549852
SYNTHETIC DATA,3.5652656801969065,-0.8152656801969065,-1.2016201051874729
SYNTHETIC DATA,4.152377224900849,-0.4023772249008486,-0.593063801230567
SYNTHETIC DATA,4.787389758016758,0.212610241983242,0.3133662406519229
SYNTHETIC DATA,4.027922739561172,-0.0279227395611716,-0.0411553264949331
SYNTHETIC DATA,4.235821072338943,0.2641789276610575,0.3893733276834659
SYNTHETIC DATA,4.923192903170996,-0.173192903170996,-0.2552690240508982
SYNTHETIC DATA,3.483943974618689,0.2660560253813111,0.3921399820574283
SYNTHETIC DATA,3.373287018952468,0.126712981047532,0.1867622657416156
SYNTHETIC DATA,4.102820495982666,0.230512837350667,0.3397528763843853
SYNTHETIC DATA,4.054900924937113,-0.3049009249371126,-0.4493934804249365
SYNTHETIC DATA,4.004598425512691,-0.5045984255126914,-0.7437276312128688
SYNTHETIC DATA,3.8915081408552576,0.1084918591447423,0.1599061537411991
SYNTHETIC DATA,3.5358305377619583,1.1308361289047086,1.666739396948586
SYNTHETIC DATA,2.780821238367244,0.2191787616327563,0.3230475819175934
SYNTHETIC DATA,2.4814931537232687,1.2685068462767313,1.8696522705161935
SYNTHETIC DATA,4.853138933724827,-0.5198056003914937,-0.7661414866238524
SYNTHETIC DATA,3.050495309492229,1.282838023841104,1.8907749934648683
SYNTHETIC DATA,4.473072941730471,0.0269270582695293,0.0396877918157995
SYNTHETIC DATA,3.558007809609329,-0.5580078096093288,-0.8224477236871394
SYNTHETIC DATA,4.125629620413717,0.3743703795862831,0.5517845112637316
SYNTHETIC DATA,3.730548329564976,0.269451670435024,0.3971448233818373
SYNTHETIC DATA,3.588271204297146,0.1617287957028539,0.2383720757843868
SYNTHETIC DATA,3.336739416536464,-0.8367394165364641,-1.2332702456826243
SYNTHETIC DATA,3.9016350637042,0.3483649362958005,0.5134550877871917
SYNTHETIC DATA,4.116448997582787,0.3835510024172128,0.5653158314698316
SYNTHETIC DATA,3.811958279853735,-1.0619582798537346,-1.5652203336148656
SYNTHETIC DATA,2.9151233325688777,1.0848766674311223,1.5989997456033802
SYNTHETIC DATA,2.390177060548752,0.8598229394512482,1.2672930506488054
SYNTHETIC DATA,3.0532717912504794,0.4467282087495205,0.6584327173666388
SYNTHETIC DATA,4.156614877063389,0.5933851229366107,0.8745903466310015
SYNTHETIC DATA,2.5789223821063456,-0.5789223821063456,-0.8532737125816388
SYNTHETIC DATA,3.699000522683004,0.5509994773169957,0.8121181425568897
SYNTHETIC DATA,3.8727446350679138,0.1272553649320862,0.1875616853617971
SYNTHETIC DATA,3.729205616958685,-1.395872283625352,-2.057376191615306
SYNTHETIC DATA,4.788695802098276,0.2113041979017236,0.3114412622495024
SYNTHETIC DATA,3.745456362711392,0.7545436372886076,1.112121884718968
SYNTHETIC DATA,2.8781544285677945,1.1218455714322055,1.6534882140787344
SYNTHETIC DATA,3.825664207644874,0.924335792355126,1.3623785460588156
SYNTHETIC DATA,3.6896766577122735,-0.1896766577122743,-0.2795644302563839
SYNTHETIC DATA,3.1472534587868344,-0.1472534587868343,-0.2170368763639347
SYNTHETIC DATA,4.436647063539343,0.0633529364606575,0.0933758945371087
SYNTHETIC DATA,3.380060215098427,0.8699397849015731,1.2822042693956175
SYNTHETIC DATA,3.988647787715983,1.011352212284017,1.490632049435454
SYNTHETIC DATA,4.542445555795338,-0.2924455557953376,-0.4310355115543792
SYNTHETIC DATA,4.685953023476968,-0.6859530234769675,-1.0110261774112472
SYNTHETIC DATA,4.758804407785016,0.241195592214984,0.35549818902977
SYNTHETIC DATA,4.291653755259756,0.2083462447402437,0.3070815350153343
SYNTHETIC DATA,4.7397546886389375,-0.4897546886389374,-0.7218494470860606
SYNTHETIC DATA,2.8884795183824368,-0.1384795183824367,-0.2041049653958506
SYNTHETIC DATA,3.8263774882441552,1.1736225117558448,1.7298022476376471
SYNTHETIC DATA,4.300022779862887,-0.3000227798628865,-0.4422035822854789
SYNTHETIC DATA,3.830700154323333,-0.830700154323333,-1.2243689769648676
SYNTHETIC DATA,3.5128173589662794,-0.2628173589662794,-0.3873665115522581
SYNTHETIC DATA,4.450605386483539,-0.4506053864835389,-0.6641472897198579
SYNTHETIC DATA,3.101454823245836,-1.101454823245836,-1.623434289847999
SYNTHETIC DATA,2.925291459016086,1.324708540983914,1.95248794966492
SYNTHETIC DATA,4.60558285766745,0.39441714233255,0.5813314353462214
SYNTHETIC DATA,3.368058488308104,0.8819415116918958,1.2998936147937163
SYNTHETIC DATA,4.293290898083959,-0.293290898083959,-0.4322814615734299
SYNTHETIC DATA,3.654326152003997,0.3456738479960028,0.5094886926789238
SYNTHETIC DATA,3.966236224053188,-0.9662362240531884,-1.424135593322556
SYNTHETIC DATA,3.636048548638742,0.1139514513612578,0.1679530468373313
SYNTHETIC DATA,4.174913602580787,0.4917530640858798,0.7247948527042377
SYNTHETIC DATA,4.5386592285247565,0.4613407714752435,0.6799701739112353
SYNTHETIC DATA,4.17821091568146,0.0717890843185395,0.105809933062951
SYNTHETIC DATA,3.6954258165111065,0.5545741834888935,0.8173869020675963
SYNTHETIC DATA,3.19284390216323,-0.9428439021632302,-1.3896576495396145
SYNTHETIC DATA,3.767571758495704,0.9824282415042966,1.4480010082239891
SYNTHETIC DATA,3.3154508467751813,-0.3154508467751813,-0.4649430104698145
SYNTHETIC DATA,4.149735487100698,-0.1497354871006981,-0.2206951379540251
SYNTHETIC DATA,3.4414597295263163,-0.9414597295263164,-1.387617517457562
SYNTHETIC DATA,3.916931499790647,-0.1669314997906466,-0.2460403414615618
SYNTHETIC DATA,2.998715158519514,-0.2487151585195142,-0.3665812779826025
SYNTHETIC DATA,4.550558997602241,0.1994410023977586,0.2939560981176196
SYNTHETIC DATA,2.9518030798800265,-1.4518030798800263,-2.139812593528519
SYNTHETIC DATA,3.2490223215596057,1.2509776784403943,1.8438160296305717
SYNTHETIC DATA,4.154813475975011,0.3451865240249887,0.508770425866602
SYNTHETIC DATA,3.3009913249744565,0.4490086750255435,0.6617938966644222
SYNTHETIC DATA,4.155969407075226,-1.6559694070752258,-2.440733347976053
SYNTHETIC DATA,4.1940342664383765,0.5559657335616235,0.8194379077524715
SYNTHETIC DATA,3.619390757189774,0.1306092428102259,0.1925049660451478
SYNTHETIC DATA,4.089684617454143,0.5769820492125239,0.8504138558838693
SYNTHETIC DATA,2.4496580402658648,-0.4496580402658647,-0.6627509961073811
SYNTHETIC DATA,4.281413199594326,0.2185868004056743,0.322175090251096
SYNTHETIC DATA,3.973964251606312,0.0260357483936877,0.0383740901688655
SYNTHETIC DATA,4.178409181335243,0.8215908186647569,1.2109427269237738
SYNTHETIC DATA,4.292576036057287,-0.5425760360572873,-0.799702832286394
SYNTHETIC DATA,4.561721457973678,-0.311721457973678,-0.4594462642276999
SYNTHETIC DATA,3.605693093142843,-0.1056930931428428,-0.1557810524652746
SYNTHETIC DATA,3.199207061901745,0.800792938098255,1.1802887302684006
SYNTHETIC DATA,3.328646626910693,0.4213533730893068,0.6210327464911611
SYNTHETIC DATA,2.629733087973499,-0.129733087973499,-0.1912136014107209
SYNTHETIC DATA,4.138410905536389,0.8615890944636106,1.2698961865630018
SYNTHETIC DATA,4.143236735659675,0.6067632643403247,0.8943083895601005
SYNTHETIC DATA,4.618054272704925,-0.3680542727049252,-0.5424752011829741
SYNTHETIC DATA,3.2210629194029217,0.5289370805970783,0.7796003755133023
SYNTHETIC DATA,4.101253413265931,-1.3512534132659306,-1.9916124375447497
SYNTHETIC DATA,3.0034388816963875,-1.7534388816963875,-2.584393608909103
SYNTHETIC DATA,4.2595826235243655,-0.5095826235243655,-0.7510738407793213
SYNTHETIC DATA,2.527434139904572,0.2225658600954281,0.3280398264212661
SYNTHETIC DATA,3.64861500994148,-0.89861500994148,-1.3244686842553297
SYNTHETIC DATA,4.06576794314913,0.9342320568508704,1.3769646505314914
SYNTHETIC DATA,3.539149557096699,0.4608504429033009,0.6792474786175344
SYNTHETIC DATA,3.59928616792119,0.65071383207881,0.959087132381965
SYNTHETIC DATA,2.93062013018838,1.56937986981162,2.313109026969804
SYNTHETIC DATA,3.6579822352889657,-0.6579822352889657,-0.9698000320441008
SYNTHETIC DATA,3.85249149453129,-0.3524914945312893,-0.5195372220673845
SYNTHETIC DATA,4.495449485165813,0.5045505148341869,0.7436570156626958
SYNTHETIC DATA,3.280062537529031,0.4699374624709689,0.6926408369717149
SYNTHETIC DATA,4.841072282775708,0.1589277172242917,0.234243566149055
SYNTHETIC DATA,3.804037613398652,-1.5540376133986515,-2.2904960748824403
SYNTHETIC DATA,2.379537351853263,-0.1295373518532629,-0.1909251059385084
SYNTHETIC DATA,4.046114786915466,0.4538852130845336,0.6689814262240857
SYNTHETIC DATA,4.106241452845423,-0.6062414528454232,-0.8935392915855113
SYNTHETIC DATA,3.771862541857291,-0.4385292085239576,-0.6463482107416407
SYNTHETIC DATA,3.5309240862551245,0.7190759137448755,1.0598460061549566
SYNTHETIC DATA,2.4314366885203977,0.3185633114796022,0.469530472270752
SYNTHETIC DATA,2.9229447344309123,1.0770552655690877,1.587471781215254
SYNTHETIC DATA,2.7005368523318727,-0.0338701856652061,-0.0499212674473362
SYNTHETIC DATA,3.869951087169075,0.630048912830925,0.9286291074172236
SYNTHETIC DATA,4.412546532955516,0.0874534670444839,0.1288976671305742
SYNTHETIC DATA,3.7830512635234967,0.2169487364765032,0.3197607477874233
SYNTHETIC DATA,2.6790798134038645,0.5709201865961355,0.8414792764312209
SYNTHETIC DATA,3.628539211938186,0.6214607880618139,0.915971070118352
SYNTHETIC DATA,4.723291733282498,0.2767082667175016,0.4078403208129909
SYNTHETIC DATA,3.208468288576007,-0.5418016219093404,-0.7985614232555492
SYNTHETIC DATA,4.637606042350055,-0.1376060423500549,-0.2028175490512108
SYNTHETIC DATA,4.0836399152753815,-0.3336399152753815,-0.4917518789594017
SYNTHETIC DATA,4.530725561720696,-1.030725561720696,-1.519186429625128
SYNTHETIC DATA,3.695997339637153,1.0540026603628467,1.5534945458604206
SYNTHETIC DATA,4.290432521264155,0.0429008120691776,0.06323150791622
SYNTHETIC DATA,4.474200466155129,0.5257995338448707,0.7749759452815429
SYNTHETIC DATA,2.9905482839118016,-0.3238816172451351,-0.477369123263463
SYNTHETIC DATA,2.8109171827763686,-1.0609171827763686,-1.5636858606080877
SYNTHETIC DATA,2.82549645309955,-0.0754964530995501,-0.1112742239963442
SYNTHETIC DATA,3.406702675181524,-1.1567026751815237,-1.7048641001134195
SYNTHETIC DATA,4.818506468461267,0.1814935315387327,0.2675033203970328
SYNTHETIC DATA,3.679185223549719,0.3208147764502813,0.472848906543908
SYNTHETIC DATA,4.471043778757703,-0.2210437787577026,-0.3257964307018489
SYNTHETIC DATA,3.215516001627971,1.0344839983720289,1.5247259894937886
SYNTHETIC DATA,4.105122835663147,-1.3551228356631473,-1.9973155793068749
SYNTHETIC DATA,3.730474756001759,-0.3971414226684255,-0.585346752197244
SYNTHETIC DATA,1.8169717574895037,-0.4836384241561702,-0.712834684721279
SYNTHETIC DATA,2.807838378549879,0.1921616214501211,0.2832270183679518
SYNTHETIC DATA,3.195705993102443,0.5542940068975568,0.8169739497830457
SYNTHETIC DATA,4.215172073490456,0.7848279265095437,1.1567578993128853
SYNTHETIC DATA,3.3873906283449866,-0.6373906283449866,-0.939450062085808
SYNTHETIC DATA,2.583878471756254,0.416121528243746,0.6133215302504272
SYNTHETIC DATA,3.6143101806363984,0.3856898193636016,0.5684682338173407
SYNTHETIC DATA,3.066619085278897,-0.316619085278897,-0.4666648772278754
SYNTHETIC DATA,3.5363537451600693,-0.0363537451600692,-0.0535817858451375
SYNTHETIC DATA,4.811959469034642,0.1880405309653579,0.2771529430056818
SYNTHETIC DATA,2.918550841911902,0.3314491580880978,0.4885229218896177
SYNTHETIC DATA,2.2180848190824745,1.2819151809175255,1.8894148152581345
SYNTHETIC DATA,4.671646791211814,0.3283532087881857,0.4839598021437737
SYNTHETIC DATA,3.1410103917610828,-0.3910103917610827,-0.5763102255989336
SYNTHETIC DATA,3.563351853158818,-1.3133518531588186,-1.935749327212818
SYNTHETIC DATA,3.5418795483004333,-0.0418795483004332,-0.0617262672234849
SYNTHETIC DATA,3.784050511496361,-0.2840505114963605,-0.4186620555649723
SYNTHETIC DATA,4.5826486279634935,-0.3326486279634935,-0.4902908205671311
SYNTHETIC DATA,4.460598072523979,-0.7105980725239789,-1.0473505157803882
SYNTHETIC DATA,3.886976085890196,-1.3869760858901956,-2.0442640855645458
SYNTHETIC DATA,4.553153295790431,0.4468467042095687,0.6586073678279865
SYNTHETIC DATA,3.5046837087092544,0.2453162912907456,0.3615716874943033
SYNTHETIC DATA,2.3316099226246565,-0.3316099226246565,-0.4887598727438269
SYNTHETIC DATA,4.693726991705995,0.3062730082940046,0.4514157941168809
SYNTHETIC DATA,4.299470104900978,-0.549470104900978,-0.8098640005170064
SYNTHETIC DATA,4.293532893267892,-1.0435328932678916,-1.5380631558933
SYNTHETIC DATA,4.650880397621038,-0.4008803976210382,-0.5908576274677038
SYNTHETIC DATA,3.888089672566173,-0.1380896725661724,-0.2035303716381037
SYNTHETIC DATA,3.6117017784166663,-0.3617017784166667,-0.5331122597023314
SYNTHETIC DATA,4.149598312439846,-0.1495983124398456,-0.2204929562181733
SYNTHETIC DATA,3.317120546588263,0.6828794534117368,1.006496042419926
SYNTHETIC DATA,3.1764233351635918,0.8235766648364087,1.213869665642806
SYNTHETIC DATA,3.662764421992816,-0.9127644219928164,-1.3453235030100714
SYNTHETIC DATA,3.234284122455365,0.5157158775446349,0.7601136440238264
SYNTHETIC DATA,3.9068954574582246,-0.1568954574582246,-0.2312482184321242
SYNTHETIC DATA,3.9717118158931655,0.2782881841068345,0.4101689610902306
SYNTHETIC DATA,3.888955954315075,1.1110440456849249,1.6375678450261602
SYNTHETIC DATA,3.231267299278365,0.2687327007216349,0.3960851339043891
SYNTHETIC DATA,4.375150316092451,0.1248496839075485,0.1840159520432374
SYNTHETIC DATA,3.118711202008704,-0.6187112020087042,-0.911918455170104
SYNTHETIC DATA,4.367014382991718,-0.6170143829917176,-0.9094175135811202
SYNTHETIC DATA,3.958817487309164,-0.7088174873091639,-1.0447261111904582
SYNTHETIC DATA,3.522104694520532,0.2278953054794681,0.3358948960979565
SYNTHETIC DATA,2.820149660005417,0.1798503399945827,0.2650814203415224
SYNTHETIC DATA,3.5453571554833,0.4546428445166999,0.6700980992097474
SYNTHETIC DATA,3.5239453835657275,-0.2739453835657275,-0.403768107270709
SYNTHETIC DATA,3.170940949282938,-0.8376076159496044,-1.23454988481804
SYNTHETIC DATA,3.5624305318042686,0.4375694681957314,0.6449336494493301
SYNTHETIC DATA,3.6258270317027774,-0.1258270317027783,-0.185456464981578
SYNTHETIC DATA,3.961030060326075,0.2889699396739251,0.42591280087141
SYNTHETIC DATA,3.938075206125014,-0.1880752061250139,-0.2772040507243131
SYNTHETIC DATA,4.690690850996616,0.3093091490033837,0.4558907619797337
SYNTHETIC DATA,3.924330372850396,0.5756696271496042,0.8484794769745118
SYNTHETIC DATA,3.931563963803576,0.5684360361964238,0.8378178870987494
SYNTHETIC DATA,3.907675722111096,-0.4076757221110956,-0.600873256393177
SYNTHETIC DATA,3.5497848501434377,0.2002151498565623,0.29509711407533
SYNTHETIC DATA,2.774429317826384,0.4755706821736161,0.7009436396237341
SYNTHETIC DATA,3.67725734839811,0.989409318268557,1.4582904174307725
SYNTHETIC DATA,3.6252805692627263,1.0413860974039406,1.5348989934190085
SYNTHETIC DATA,2.819225770359765,-0.3192257703597652,-0.4705068704297809
SYNTHETIC DATA,4.269983835842019,-0.0199838358420185,-0.0294541761168406
SYNTHETIC DATA,2.2971745140163624,0.7028254859836376,1.035894500296052
SYNTHETIC DATA,3.4928579292329567,0.0071420707670433,0.0105266982712656
SYNTHETIC DATA,3.5060909867505474,-1.0060909867505474,-1.482877528998121
SYNTHETIC DATA,3.4190713115538798,-0.6690713115538793,-0.9861442218113669
SYNTHETIC DATA,4.151777333214766,-0.151777333214766,-0.2237046149894994
SYNTHETIC DATA,2.9991564417894545,0.0008435582105454,0.0012433204663326
SYNTHETIC DATA,3.3928127851903795,0.6071872148096205,0.8949332501667514
SYNTHETIC DATA,3.5529366285744963,0.4470633714255037,0.6589267136426411
SYNTHETIC DATA,3.425646329792551,0.824353670207449,1.2150148938774288
SYNTHETIC DATA,4.191744688010322,0.3082553119896776,0.4543375115804846
SYNTHETIC DATA,3.669109714512864,-1.0024430478461976,-1.4775008317613338
SYNTHETIC DATA,3.732666102223925,-0.2326661022239253,-0.3429265735316468
SYNTHETIC DATA,4.91893390045851,-0.1689339004585104,-0.2489916798529496
SYNTHETIC DATA,3.5025294744177726,-0.1691961410844391,-0.2493781963176643
SYNTHETIC DATA,2.947997143722052,1.552002856277948,2.287497046314452
SYNTHETIC DATA,4.554310972365385,-0.0543109723653847,-0.0800489434447496
SYNTHETIC DATA,2.4391515722369284,-0.4391515722369283,-0.6472655126328035
SYNTHETIC DATA,3.4148174273988183,-0.6648174273988183,-0.9798744218553264
SYNTHETIC DATA,4.435745432783149,-0.4357454327831487,-0.6422452036118897
SYNTHETIC DATA,3.810869845463706,-0.810869845463706,-1.195141084270979
SYNTHETIC DATA,3.470263600582426,-1.1369302672490926,-1.675721547597485
SYNTHETIC DATA,3.2210783423827607,-0.9710783423827608,-1.4312723916422223
SYNTHETIC DATA,2.885633080239011,0.3643669197609891,0.5370404115923149
SYNTHETIC DATA,4.122055596199711,-0.7887222628663779,-1.1624977617606758
SYNTHETIC DATA,4.423541276253232,0.576458723746768,0.8496425264676021
SYNTHETIC DATA,4.202279588478063,0.4643870781886043,0.6844601254475956
SYNTHETIC DATA,3.928470051352099,-0.9284700513520988,-1.3684720304915403
SYNTHETIC DATA,3.979047119478046,0.7709528805219539,1.136307468705943
SYNTHETIC DATA,2.840498056441689,0.6595019435583112,0.9720399300979772
SYNTHETIC DATA,2.0209046380918627,-0.0209046380918627,-0.0308113465745095
SYNTHETIC DATA,3.6854831811972137,-0.0188165145305472,-0.0277336612084502
SYNTHETIC DATA,4.661931589849255,-0.1619315898492548,-0.2386709740815294
SYNTHETIC DATA,2.250633527876868,-0.2506335278768681,-0.3694087626234563
SYNTHETIC DATA,3.356968644603214,0.6430313553967859,0.9477639298199186
SYNTHETIC DATA,3.731044349180553,0.7689556508194468,1.1333637518005155
SYNTHETIC DATA,4.667069776507753,0.3329302234922471,0.4907058642235739
SYNTHETIC DATA,4.342113351972091,0.324553314694576,0.4783591381499678
SYNTHETIC DATA,4.256826314769774,0.743173685230226,1.0953637121131137
SYNTHETIC DATA,3.810666411791148,-0.3106664117911477,-0.4578912316344924
SYNTHETIC DATA,3.281010326951181,0.968989673048819,1.4281939018618768
SYNTHETIC DATA,3.4474404170752004,-0.1974404170752004,-0.2910074353637205
SYNTHETIC DATA,2.866487059140633,-1.116487059140633,-1.6455903026863492
SYNTHETIC DATA,3.0909711988725355,-1.5909711988725357,-2.344932487379726
SYNTHETIC DATA,3.159632787607645,-0.6596327876076451,-0.9722327811453628
SYNTHETIC DATA,3.0517063713088426,1.6982936286911574,2.5031150192096936
SYNTHETIC DATA,3.701616449231295,0.2983835507687051,0.4397875224850703
SYNTHETIC DATA,3.165436963832489,0.5845630361675105,0.8615874727348517
SYNTHETIC DATA,3.2793052927485733,-0.2793052927485733,-0.4116680775411746
SYNTHETIC DATA,3.736317998194392,-1.4863179981943917,-2.190684132442591
SYNTHETIC DATA,3.845946771009564,0.6540532289904357,0.9640090695684308
SYNTHETIC DATA,4.242983781548968,0.5070162184510316,0.7472912162814666
SYNTHETIC DATA,2.9340475458611985,0.3159524541388014,0.4656823295748337
SYNTHETIC DATA,4.604887978577991,-0.6048879785779908,-0.8915444058309584
SYNTHETIC DATA,3.5692295906340017,-0.0692295906340016,-0.1020374952612048
SYNTHETIC DATA,4.162604960007195,-0.6626049600071946,-0.976613466114856
SYNTHETIC DATA,4.191468107260208,0.4751985594064587,0.700395167868482
SYNTHETIC DATA,4.530227648086863,0.4697723519131367,0.6923974805166486
SYNTHETIC DATA,4.093548436533011,-1.0935484365330108,-1.6117810662862968
SYNTHETIC DATA,3.78730776743198,0.5460255659013531,0.8047870944045694
SYNTHETIC DATA,2.636235357083914,-1.136235357083914,-1.6746973194887094
SYNTHETIC DATA,3.919623107505816,0.0803768924941845,0.1184675037347055
SYNTHETIC DATA,3.2176881993763686,0.5323118006236314,0.7845743754396889
SYNTHETIC DATA,4.6387837489252055,0.3612162510747945,0.5323966409417441
SYNTHETIC DATA,3.378057179060641,-1.0447238457273076,-1.5398185007512009
SYNTHETIC DATA,3.710246628412788,0.5397533715872123,0.7955425070576645
SYNTHETIC DATA,3.413111358967184,-0.1631113589671842,-0.2404098358121505
SYNTHETIC DATA,4.243083890402436,0.2569161095975643,0.3786686599691271
SYNTHETIC DATA,3.3613040685813056,-0.3613040685813056,-0.5325260751666531
SYNTHETIC DATA,3.5204617810987417,0.2295382189012582,0.3383163862289142
SYNTHETIC DATA,3.5955806105884034,0.9044193894115966,1.3330237592926415
SYNTHETIC DATA,3.324104799739622,0.9258952002603782,1.3646769574069868
SYNTHETIC DATA,3.5084270330780862,-1.2584270330780862,-1.854795633606002
SYNTHETIC DATA,3.4431710413194194,0.0568289586805805,0.0837602035338478
SYNTHETIC DATA,3.4743144566559576,-0.2243144566559576,-0.3306170829328937
SYNTHETIC DATA,3.913336514778988,0.3366634852210119,0.4962083187732703
SYNTHETIC DATA,3.719942610273433,-0.9699426102734332,-1.429598436059614
SYNTHETIC DATA,3.000772539503019,0.7492274604969809,1.1042863716209472
SYNTHETIC DATA,4.434206739806112,0.565793260193888,0.8339226994865503
SYNTHETIC DATA,2.1777349230453527,-0.1777349230453526,-0.2619635072503748
SYNTHETIC DATA,3.716823658087933,-0.2168236580879332,-0.3195763947475727
SYNTHETIC DATA,3.485287795790591,0.0147122042094092,0.0216843181297415
SYNTHETIC DATA,3.3913209634322827,1.3586790365677173,2.0025570639036325
SYNTHETIC DATA,4.64333869765639,0.1066613023436096,0.1572080960290217
SYNTHETIC DATA,3.238272643884203,1.261727356115797,1.8596599798087867
SYNTHETIC DATA,3.0034151430490943,1.2465848569509057,1.8373414499340557
SYNTHETIC DATA,3.883169852147104,0.1168301478528959,0.1721959576639584
SYNTHETIC DATA,3.9078641078074776,1.0921358921925224,1.6096991171496795
SYNTHETIC DATA,3.585252730204669,-1.2519193968713354,-1.8452040284480504
SYNTHETIC DATA,4.01256344248798,-0.2625634424879797,-0.3869922640489293
SYNTHETIC DATA,3.2057458762233915,1.1275874571099416,1.6619511795139887
SYNTHETIC DATA,4.158430011465204,0.591569988534796,0.8719150199935413
SYNTHETIC DATA,2.456839204548934,0.5431607954510662,0.800564709170617
SYNTHETIC DATA,4.301040560581395,0.1989594394186049,0.2932463224313362
SYNTHETIC DATA,2.666909682088207,0.8330903179117932,1.2278918391340286
SYNTHETIC DATA,3.3906958503674134,-0.6406958503674134,-0.9443216289022808
SYNTHETIC DATA,4.512246807576018,0.2377531924239821,0.350424435896973
SYNTHETIC DATA,2.7996377843254434,0.4503622156745566,0.6637888802587885
SYNTHETIC DATA,2.941899937706812,0.308100062293188,0.4541086890491828
SYNTHETIC DATA,3.3654092232947934,-1.3654092232947934,-2.012476686278718
SYNTHETIC DATA,3.6572798688584176,0.8427201311415824,1.242085221079556
SYNTHETIC DATA,3.991713868421325,1.008286131578675,1.4861129530118482
SYNTHETIC DATA,3.412188397997547,0.5878116020024531,0.8663755339952611
SYNTHETIC DATA,4.628608387401221,-0.8786083874012212,-1.2949809228234177
SYNTHETIC DATA,3.460183044104174,-0.2101830441041738,-0.3097887936409653
SYNTHETIC DATA,4.438585061373421,0.5614149386265792,0.8274694912256758
SYNTHETIC DATA,3.309191707119348,0.6908082928806523,1.0181823590993566
SYNTHETIC DATA,3.123083670190462,0.6269163298095379,0.9240119932284374
SYNTHETIC DATA,2.6391207056785717,0.3608792943214287,0.5319000003750454
SYNTHETIC DATA,2.848001470307462,0.6519985296925381,0.960980648225008
SYNTHETIC DATA,4.539272467120246,0.460727532879754,0.6790663215309423
SYNTHETIC DATA,2.6294505375527075,-0.3794505375527075,-0.5592721562097441
SYNTHETIC DATA,4.483924512889315,0.516075487110685,0.7606436725716724
SYNTHETIC DATA,3.2376210371696152,0.2623789628303847,0.3867203594772678
SYNTHETIC DATA,4.221137368186286,0.0288626318137144,0.0425406337080278
SYNTHETIC DATA,4.506457909284253,-0.0064579092842533,-0.009518312645715
SYNTHETIC DATA,3.144240363291149,0.8557596367088509,1.2613041486413656
SYNTHETIC DATA,2.6041413703874867,0.1458586296125132,0.2149810376111474
SYNTHETIC DATA,3.794194923377634,-0.0441949233776339,-0.065138898604144
SYNTHETIC DATA,2.823428949949334,0.1765710500506658,0.2602480748161742
SYNTHETIC DATA,4.501196484197874,-0.8345298175312075,-1.2300135176568876
SYNTHETIC DATA,4.1713079243616304,-0.1713079243616304,-0.2524907537395085
SYNTHETIC DATA,4.257937861158996,-0.5912711944923292,-0.8714746274473327
SYNTHETIC DATA,3.059127710885793,-0.8091277108857935,-1.1925733520756827
SYNTHETIC DATA,4.173649130387969,-1.173649130387969,-1.7298414808401603
SYNTHETIC DATA,3.094833687378617,1.655166312621383,2.4395496670416748
SYNTHETIC DATA,2.76071700373101,-0.0107170037310098,-0.0157957920508076
SYNTHETIC DATA,3.422127241115223,0.3278727588847769,0.4832516670198569
SYNTHETIC DATA,3.602956389994487,1.1470436100055132,1.6906276037236694
SYNTHETIC DATA,3.8746483830211655,0.1253516169788344,0.1847557512087927
SYNTHETIC DATA,4.254635106953268,-0.0046351069532679,-0.0068316842472699
SYNTHETIC DATA,3.290749134549764,-0.2907491345497637,-0.42853515624069
SYNTHETIC DATA,4.717541212444915,0.2824587875550852,0.4163160136105475
SYNTHETIC DATA,4.718348867932829,0.2816511320671706,0.4151256101679436
SYNTHETIC DATA,4.002884643441084,-0.5028846434410843,-0.7412016877772815
SYNTHETIC DATA,4.323857239610085,-0.823857239610085,-1.214283204808316
SYNTHETIC DATA,4.077165507059211,0.6728344929407886,0.9916907749459049
SYNTHETIC DATA,4.51774715120201,-0.0177471512020099,-0.0261575265734068
SYNTHETIC DATA,4.4259834080254485,0.5740165919745515,0.8460430683911825
SYNTHETIC DATA,4.172760397861022,0.0772396021389782,0.1138434514064925
SYNTHETIC DATA,3.2785681085051865,-0.7785681085051865,-1.1475315534092612
SYNTHETIC DATA,3.245789527337154,-0.2457895273371542,-0.3622691901142181
SYNTHETIC DATA,3.155653000109952,-1.655653000109952,-2.440266995742506
SYNTHETIC DATA,3.5772853918257685,0.4227146081742314,0.6230390709147979
SYNTHETIC DATA,3.221634886674915,1.2783651133250848,1.8841823705502685
SYNTHETIC DATA,4.464805948763437,0.2851940512365631,0.4203475188149112
SYNTHETIC DATA,3.527935159026664,0.972064840973336,1.4327263919380375
SYNTHETIC DATA,3.273382243418637,0.7266177565813625,1.0709619284887637
SYNTHETIC DATA,3.091850684483328,-0.0918506844833282,-0.1353787260169486
SYNTHETIC DATA,3.755655102504426,-0.5056551025044262,-0.7452850674558011
SYNTHETIC DATA,3.568577781923683,1.431422218076317,2.1097732408374186
SYNTHETIC DATA,3.510198031572302,-0.760198031572302,-1.12045589658649
SYNTHETIC DATA,3.152278434181172,1.3477215658188282,1.9864068475095256
SYNTHETIC DATA,4.029025949187732,0.3043073841456012,0.4485186606383894
SYNTHETIC DATA,4.111757269117459,-2.111757269117459,-3.112519088543573
SYNTHETIC DATA,4.321381495850535,-1.5713814958505354,-2.316059223635566
SYNTHETIC DATA,2.342530906663204,-0.5925309066632041,-0.8733313172455676
SYNTHETIC DATA,3.368740703935936,0.6312592960640644,0.930413091292972
SYNTHETIC DATA,4.343876160775136,0.4061238392248638,0.5985859361707164
SYNTHETIC DATA,3.193338432237132,0.0566615677628683,0.0835134860563008
SYNTHETIC DATA,3.7124617517970577,-0.4624617517970577,-0.6816223868338818
SYNTHETIC DATA,3.1108967802609624,-0.3608967802609624,-0.5319257729017347
SYNTHETIC DATA,4.687621064556362,0.3123789354436379,0.4604153202861136
SYNTHETIC DATA,1.9898379534431605,-0.4898379534431605,-0.7219721710829603
SYNTHETIC DATA,3.724386654949304,-0.2243866549493036,-0.3307234959991519
SYNTHETIC DATA,3.7770710763620152,-0.2770710763620152,-0.4083750659565595
SYNTHETIC DATA,3.829994976452545,-1.4966616431192117,-2.205929630940188
SYNTHETIC DATA,2.3385189082244917,0.9114810917755088,1.3434320025726447
SYNTHETIC DATA,4.629513619001855,0.3704863809981447,0.5460598856534645
SYNTHETIC DATA,3.37707639932906,0.2895902673376067,0.4268271018294777
SYNTHETIC DATA,2.967121039569233,0.0328789604307671,0.0484603005510191
SYNTHETIC DATA,2.913675599165191,-0.9136755991651908,-1.3466664870658318
SYNTHETIC DATA,4.30880736380157,-0.9754740304682366,-1.4377511964146314
SYNTHETIC DATA,2.7285611212525005,0.2714388787474995,0.4000737697602614
SYNTHETIC DATA,4.0922423816493545,-0.0922423816493545,-0.1359560484791531
SYNTHETIC DATA,3.1960129187932584,-0.1960129187932584,-0.2889034456124436
SYNTHETIC DATA,4.020595637400693,0.4794043625993067,0.7065941012931876
SYNTHETIC DATA,2.5498058675251385,0.4501941324748615,0.6635411424268106
SYNTHETIC DATA,4.225233720051497,-0.2252337200514969,-0.3319719852731665
SYNTHETIC DATA,3.0078559357294608,-0.5078559357294608,-0.7485288755978626
SYNTHETIC DATA,4.198731803645011,0.0512681963549885,0.0755641958115719
SYNTHETIC DATA,2.7425535459492782,0.0074464540507217,0.0109753288002272
SYNTHETIC DATA,4.294085558116118,-0.2940855581161177,-0.4334527110134899
SYNTHETIC DATA,3.832343257802792,-0.3323432578027923,-0.4898407354801025
SYNTHETIC DATA,2.973999584503228,1.0260004154967723,1.5122220364947243
SYNTHETIC DATA,2.949201513797255,-0.1992015137972549,-0.2936031158637132
SYNTHETIC DATA,3.0720062195836597,0.6779937804163407,0.9992950488772788
SYNTHETIC DATA,2.948754923319985,-0.6154215899866515,-0.907069895933549
SYNTHETIC DATA,3.277861211752373,-0.5278612117523731,-0.7780146523978261
SYNTHETIC DATA,4.321684930557472,-0.8216849305574723,-1.2110814384446569
SYNTHETIC DATA,3.4162860730825533,0.3337139269174467,0.4918609647203797
SYNTHETIC DATA,3.2393121503183875,0.0106878496816125,0.0157528218967162
SYNTHETIC DATA,3.2968883380612053,0.2031116619387947,0.2993662833013524
SYNTHETIC DATA,3.488352359245912,-0.488352359245912,-0.7197825537607488
SYNTHETIC DATA,2.241683321311337,-0.2416833213113371,-0.3562170529563385
SYNTHETIC DATA,3.3606639990497387,-0.3606639990497386,-0.5315826766690456
SYNTHETIC DATA,4.077908032270474,0.9220919677295258,1.3590713728904509
SYNTHETIC DATA,2.5532788249498592,-0.3032788249498592,-0.4470026672156312
SYNTHETIC DATA,3.04230216967125,-1.7089688363379163,-2.5188492080109426
SYNTHETIC DATA,3.792250138065934,-0.2922501380659339,-0.430747485358422
SYNTHETIC DATA,3.743366138560193,0.0066338614398069,0.0097776485319174
SYNTHETIC DATA,4.377898964955524,-0.3778989649555235,-0.5569852933223184
SYNTHETIC DATA,4.073015091249634,-0.3230150912496343,-0.4760919505783454
SYNTHETIC DATA,4.095224439507503,-0.0952244395075032,-0.1403513036263076
SYNTHETIC DATA,2.547079986608024,-0.2970799866080233,-0.4378661992380292
SYNTHETIC DATA,3.0806758249992634,-0.3306758249992634,-0.4873831062318242
SYNTHETIC DATA,4.669847884663852,0.3301521153361477,0.4866112105470595
SYNTHETIC DATA,4.1124460545320005,-0.1124460545320005,-0.165734242415337
SYNTHETIC DATA,4.392329915904284,0.1076700840957158,0.1586949394771409
SYNTHETIC DATA,3.672813642915826,0.577186357084174,0.8507149852606921
SYNTHETIC DATA,3.479275360277648,-0.729275360277648,-1.0748789706391284
SYNTHETIC DATA,4.065700433415934,0.934299566584066,1.377064153128834
SYNTHETIC DATA,3.7156996907917534,-0.3823663574584199,-0.5635697832372472
SYNTHETIC DATA,2.580437170609397,0.9195628293906029,1.355343675833319
SYNTHETIC DATA,4.136570470752543,-0.6365704707525426,-0.9382412317910446
SYNTHETIC DATA,4.306142810633066,0.6938571893669341,1.0226761277020862
SYNTHETIC DATA,2.800539812769469,0.6994601872305308,1.030934386384819
SYNTHETIC DATA,4.7167351619709,0.2832648380291003,0.4175040514231271
SYNTHETIC DATA,3.599817452309891,0.0668492143567753,0.0985290586103015
SYNTHETIC DATA,4.480087899096913,0.2699121009030873,0.3978234518595283
SYNTHETIC DATA,2.217519663264041,0.2824803367359592,0.4163477749487436
SYNTHETIC DATA,4.191073298135596,0.8089267018644044,1.192277084874337
SYNTHETIC DATA,3.461562294156887,-0.4615622941568871,-0.6802966761969118
SYNTHETIC DATA,3.6338065652959104,0.1161934347040896,0.1712575061389806
SYNTHETIC DATA,4.693255455180767,-0.4432554551807666,-0.6533142258001
SYNTHETIC DATA,3.453856927483068,1.5461430725169318,2.278860310891482
SYNTHETIC DATA,4.53778159391164,0.2122184060883603,0.312788713717255
SYNTHETIC DATA,3.4927470918115686,0.5072529081884314,0.7476400732909783
SYNTHETIC DATA,3.271222479478625,0.9787775205213743,1.4426202104815289
SYNTHETIC DATA,4.12277083341585,0.6272291665841498,0.9244730833578844
SYNTHETIC DATA,2.412776391644881,-0.1627763916448805,-0.239916127467941
SYNTHETIC DATA,2.477394132476728,-0.4773941324767277,-0.703631223068311
SYNTHETIC DATA,3.016880979725346,-0.5168809797253466,-0.7618308881553381
SYNTHETIC DATA,3.060412620883869,1.4395873791161309,2.1218078718857463
SYNTHETIC DATA,3.423265137158992,0.8267348628410081,1.2185245337559505
SYNTHETIC DATA,3.91410978449366,1.0858902155063404,1.6004936141352455
SYNTHETIC DATA,3.298704985738657,1.2012950142613432,1.7705887497303474
SYNTHETIC DATA,3.254829772290191,0.4951702277098091,0.7298314102497939
SYNTHETIC DATA,4.170881460346159,0.829118539653841,1.2220378350663617
SYNTHETIC DATA,3.948527598518284,-0.1985275985182841,-0.2926098321182123
SYNTHETIC DATA,3.7800715776224094,0.2199284223775905,0.3241525069070093
SYNTHETIC DATA,3.324484547169345,-0.0744845471693449,-0.1097827758220517
SYNTHETIC DATA,2.8892137849423545,-1.1392137849423545,-1.6790872243792083
SYNTHETIC DATA,3.733458557246709,-1.2334585572467085,-1.8179945964917883
SYNTHETIC DATA,3.991858052360126,0.0081419476398738,0.0120004168176111
SYNTHETIC DATA,4.452590219795403,0.547409780204597,0.8068272878986268
SYNTHETIC DATA,4.07399431750586,0.5926723491608072,0.8735397893461064
SYNTHETIC DATA,3.947135203080289,1.0528647969197111,1.5518174489048622
SYNTHETIC DATA,4.207797260065795,0.7922027399342051,1.16762763699268
SYNTHETIC DATA,4.8464929687324005,-0.0964929687324005,-0.1422209888806731
SYNTHETIC DATA,4.2988923394576615,0.4511076605423385,0.6648875914669178
SYNTHETIC DATA,3.0506879817800674,1.1993120182199326,1.767666011818345
SYNTHETIC DATA,2.906548755162113,0.8434512448378868,1.2431628095737082
SYNTHETIC DATA,3.790904084144176,0.7090959158558245,1.0451364870319195
SYNTHETIC DATA,2.8394377668277357,-0.1727711001610687,-0.2546473285846611
SYNTHETIC DATA,4.323809312710279,-1.3238093127102788,-1.9511625770912924
SYNTHETIC DATA,2.966926233526707,-0.2169262335267068,-0.3197275806891899
SYNTHETIC DATA,2.195496620506352,-0.695496620506352,-1.0250924852969736
SYNTHETIC DATA,3.5687178892885694,1.4312821107114306,2.1095667365890223
SYNTHETIC DATA,3.766596038764059,-0.0165960387640589,-0.0244609019240787
SYNTHETIC DATA,2.759672966568809,0.9903270334311908,1.4596430378305296
SYNTHETIC DATA,4.113219620782744,0.6367803792172557,0.9385506158821146
SYNTHETIC DATA,3.6698370922032137,-0.3365037588698802,-0.4959728981005863
SYNTHETIC DATA,3.2456462143219342,1.0043537856780658,1.480317068296595
SYNTHETIC DATA,4.088606618456218,0.9113933815437818,1.3433027264600428
SYNTHETIC DATA,4.186655938137649,-0.4366559381376493,-0.6435871974752702
SYNTHETIC DATA,2.773229683759193,-0.273229683759193,-0.4027132373090507
SYNTHETIC DATA,3.797557930034804,0.952442069965196,1.4038043892883298
SYNTHETIC DATA,4.023783256451817,-0.023783256451817,-0.035054142242846
SYNTHETIC DATA,4.01299090733067,0.2370090926693295,0.3493277072511165
SYNTHETIC DATA,4.073031763325624,-1.3230317633256234,-1.9500165470349893
SYNTHETIC DATA,2.619823674220344,-0.6198236742203438,-0.9135581279889642
SYNTHETIC DATA,2.7961129998874346,0.7038870001125654,1.0374590659956069
SYNTHETIC DATA,4.287668903523173,0.7123310964768272,1.0499048198251888
SYNTHETIC DATA,3.9580412986112674,0.7919587013887326,1.167267948574777
SYNTHETIC DATA,2.594811038537004,-0.2614777052036707,-0.3853919958400894
SYNTHETIC DATA,2.67129378077218,-0.6712937807721802,-0.9894199192444116
SYNTHETIC DATA,4.339131886156848,-0.0891318861568475,-0.1313714890997019
SYNTHETIC DATA,4.366814725447078,-0.8668147254470782,-1.2775982441922504
SYNTHETIC DATA,3.806665073636112,0.4433349263638879,0.6534313583787689
SYNTHETIC DATA,2.8800261091070074,0.1199738908929926,0.1768295206045829
SYNTHETIC DATA,4.14906208468288,-0.6490620846828801,-0.9566526218563152
SYNTHETIC DATA,3.1216770882207947,0.1283229117792053,0.1891351426848356
SYNTHETIC DATA,4.489416556136664,0.5105834438633359,0.7525489499004325
SYNTHETIC DATA,3.551874119822565,0.948125880177435,1.39744275705879
SYNTHETIC DATA,3.107634439003025,0.5590322276636415,0.8239576134814476
SYNTHETIC DATA,4.419404126430535,-0.0860707930972015,-0.1268597439672047
SYNTHETIC DATA,4.5466630080314285,-0.0466630080314285,-0.068776608633331
SYNTHETIC DATA,4.693854883144886,-0.4438548831448861,-0.6541977226904924
SYNTHETIC DATA,4.171183928817246,0.5788160711827537,0.8531170209088601
SYNTHETIC DATA,2.9627353385489568,-0.4627353385489567,-0.6820256263539305
SYNTHETIC DATA,5.0070000629071485,-0.0070000629071484,-0.0103173928832318
SYNTHETIC DATA,3.552549509186629,-0.5525495091866288,-0.814402734565942
SYNTHETIC DATA,3.592555768496684,0.657444231503316,0.9690070682517976
SYNTHETIC DATA,4.029994791958604,-0.3633281252919373,-0.5355093323999851
SYNTHETIC DATA,3.605868984415112,0.1441310155848882,0.2124347072552606
SYNTHETIC DATA,4.53917777216308,0.2108222278369202,0.3107308865596704
SYNTHETIC DATA,3.790880051410859,-0.0408800514108591,-0.06025310873447
SYNTHETIC DATA,3.974873605286468,0.7751263947135323,1.1424588113709186
SYNTHETIC DATA,3.852586587298069,0.3974134127019315,0.5857476383140157
SYNTHETIC DATA,4.211870902522912,-0.2118709025229117,-0.3122765282039798
SYNTHETIC DATA,3.199657157608345,-1.1996571576083452,-1.7681747127710312
SYNTHETIC DATA,3.107756240198984,-0.357756240198984,-0.527296930830634
SYNTHETIC DATA,4.488010027651729,0.511989972348271,0.7546220322674086
SYNTHETIC DATA,4.224032573129408,0.5259674268705918,0.7752234028160961
SYNTHETIC DATA,2.8472088450667137,0.1527911549332863,0.2251988868442344
SYNTHETIC DATA,3.433300134870361,0.0666998651296388,0.0983089327809178
SYNTHETIC DATA,3.0631528655802827,-1.396486198913616,-2.058281041373095
SYNTHETIC DATA,3.925000178969304,0.5749998210306959,0.8474922497201234
SYNTHETIC DATA,3.9072913787094863,-0.6572913787094863,-0.9687817785153824
SYNTHETIC DATA,3.3725126859011434,-0.1225126859011433,-0.180571450626716
SYNTHETIC DATA,4.529660638377131,-0.1963273050437983,-0.2893668195144972
SYNTHETIC DATA,4.047118702816685,0.9528812971833148,1.40445176629543
SYNTHETIC DATA,2.4971106590739027,0.7528893409260973,1.1096836172714155
SYNTHETIC DATA,3.1626447651531797,-0.4126447651531792,-0.6081971290495944
SYNTHETIC DATA,4.11057312683506,-0.1105731268350602,-0.162973734238834
SYNTHETIC DATA,3.4735011486049894,-0.9735011486049894,-1.4348433657900612
SYNTHETIC DATA,3.442385889962702,-0.942385889962702,-1.3889825853465003
SYNTHETIC DATA,3.433874526820136,0.3161254731798641,0.4659373423435191
SYNTHETIC DATA,3.806854718414298,-0.3068547184142982,-0.4522731766768422
SYNTHETIC DATA,2.63910377682733,-0.3057704434939965,-0.450675063846347
SYNTHETIC DATA,3.144380728429144,-0.6443807284291436,-0.9497527707639988
SYNTHETIC DATA,4.490758393273941,0.509241606726059,0.7505712161122892
SYNTHETIC DATA,1.7050195744352072,0.5449804255647928,0.8032466620379697
SYNTHETIC DATA,4.042045694104131,-0.0420456941041313,-0.0619711495274572
SYNTHETIC DATA,3.642820694771268,0.857179305228732,1.263396598106157
SYNTHETIC DATA,3.2477056893057554,0.7522943106942446,1.1088066021987144
SYNTHETIC DATA,3.586939698646024,-0.5869396986460242,-0.8650904356177453
SYNTHETIC DATA,2.966532108503807,-1.2165321085038072,-1.793046703292135
SYNTHETIC DATA,3.598209736231424,0.0684569304352424,0.1008986713761089
SYNTHETIC DATA,3.810586029800448,0.1894139701995518,0.2791772551252133
SYNTHETIC DATA,3.9979809497037095,0.2520190502962904,0.3714508841499798
SYNTHETIC DATA,3.811896689934561,0.1881033100654394,0.2772454731227662
SYNTHETIC DATA,3.9660437778069135,0.0339562221930864,0.0500480766877994
SYNTHETIC DATA,3.4024846848178263,-0.1524846848178263,-0.2247471805338609
SYNTHETIC DATA,3.642819439725869,0.3571805602741307,0.5264484361758738
SYNTHETIC DATA,4.110358683554559,0.8896413164454406,1.311242357200784
SYNTHETIC DATA,3.786668197661234,-1.0366681976612346,-1.5279452808774416
SYNTHETIC DATA,4.214887113232412,-0.4648871132324119,-0.6851971271104061
SYNTHETIC DATA,3.961511152885647,0.7884888471143534,1.1621537302782854
SYNTHETIC DATA,2.748328443663251,0.2516715563367491,0.3709387127948514
SYNTHETIC DATA,2.4110116707109865,-1.1610116707109863,-1.7112151287254849
SYNTHETIC DATA,4.494204970952894,0.505795029047106,0.7454913051903429
SYNTHETIC DATA,3.821986023635333,-0.8219860236353331,-1.2115252195391868
SYNTHETIC DATA,2.410226606571049,1.0897733934289509,1.6062170301665717
SYNTHETIC DATA,2.575560339515844,-0.2422270061825107,-0.3570183901007288
SYNTHETIC DATA,2.5782586755489096,0.6717413244510904,0.9900795538832672
SYNTHETIC DATA,3.864586895349988,0.8854131046500124,1.3050103957362094
SYNTHETIC DATA,4.255089501374964,-0.5050895013749637,-0.744451427937804
SYNTHETIC DATA,3.511484557804765,-0.2614845578047648,-0.385402095889003
SYNTHETIC DATA,3.6426960943137257,0.6073039056862743,0.8951052408525918
SYNTHETIC DATA,4.453522408068114,0.546477591931886,0.8054533355815872
SYNTHETIC DATA,3.503629239289627,0.2463707607103731,0.3631258699966548
SYNTHETIC DATA,3.721921727296588,-0.0552550606299218,-0.0814404351600213
SYNTHETIC DATA,3.6447674381772974,0.021899228489369,0.0322772733847505
SYNTHETIC DATA,3.020722317928946,1.645944348737721,2.425957414256982
SYNTHETIC DATA,3.1580073387541177,-0.1580073387541176,-0.2328870203002517
SYNTHETIC DATA,4.345585304285133,-1.0122519709517994,-1.4919582037570276
SYNTHETIC DATA,4.967326517603845,0.0326734823961549,0.0481574464709789
SYNTHETIC DATA,3.7952645918671166,-0.0452645918671166,-0.066715483015912
SYNTHETIC DATA,4.147053293794141,-0.6470532937941407,-0.9536918649182288
SYNTHETIC DATA,3.776567970443679,-1.2765679704436788,-1.8815335616151607
SYNTHETIC DATA,3.188906173884911,-0.4389061738849111,-0.6469038199960025
SYNTHETIC DATA,3.182836276781281,-0.1828362767812805,-0.2694823926415563
SYNTHETIC DATA,2.9772234691991724,0.0227765308008276,0.0335703292822114
SYNTHETIC DATA,2.7452285872772872,0.9214380793893792,1.3581076068505529
SYNTHETIC DATA,3.376761207598981,-0.6267612075989812,-0.9237833585986552
SYNTHETIC DATA,3.657216571362977,-0.323883238029643,-0.4773715121377873
SYNTHETIC DATA,4.178887807981961,-0.6788878079819609,-1.000612756127241
SYNTHETIC DATA,2.832392595301887,-0.3323925953018869,-0.4899134540211766
SYNTHETIC DATA,2.9353056248853484,-0.2686389582186819,-0.3959469668270853
SYNTHETIC DATA,3.7207844614475287,0.2792155385524713,0.4115357888294321
SYNTHETIC DATA,2.9000887366118446,0.5999112633881554,0.8842092251957895
SYNTHETIC DATA,3.342189062168383,-0.8421890621683832,-1.2413024785074864
SYNTHETIC DATA,3.6897198407174976,0.8102801592825024,1.1942719457946556
SYNTHETIC DATA,3.173790232745709,-1.6737902327457088,-2.4669994633502728
SYNTHETIC DATA,4.344110190698072,-0.0941101906980721,-0.1387090122799206
SYNTHETIC DATA,4.615384852806372,0.3846151471936281,0.5668842744807798
SYNTHETIC DATA,1.6738171143274123,1.0761828856725877,1.5861859804653158
SYNTHETIC DATA,3.1904337382471675,-0.1904337382471674,-0.2806802912745417
SYNTHETIC DATA,2.270207975194401,-1.2702079751944009,-1.8721595644678957
SYNTHETIC DATA,2.7957899381754925,-0.7957899381754925,-1.1729148085647532
SYNTHETIC DATA,4.751657847146648,0.2483421528533522,0.3660315049224869
SYNTHETIC DATA,3.83296983192331,-0.8329698319233101,-1.2277142548327735
SYNTHETIC DATA,3.949102783653359,-0.449102783653359,-0.6619326033731694
SYNTHETIC DATA,4.767402658157596,0.2325973418424043,0.3428252276037082
SYNTHETIC DATA,3.662166642731064,-0.32883330939773,-0.4846674224434555
SYNTHETIC DATA,3.6724233198456777,-0.6724233198456777,-0.991084746911365
SYNTHETIC DATA,4.078784299482177,-1.0787842994821766,-1.5900202043403593
SYNTHETIC DATA,3.16473681926194,-0.41473681926194,-0.6112806076496257
SYNTHETIC DATA,3.574948498819277,-0.3249484988192774,-0.4789416000406455
SYNTHETIC DATA,2.837071965067062,-0.3370719650670621,-0.4968103772279562
SYNTHETIC DATA,3.619379152520785,0.6306208474792152,0.9294720819087696
SYNTHETIC DATA,2.9259594901722834,0.5740405098277166,0.8460783209155243
SYNTHETIC DATA,3.942440341859766,1.0575596581402338,1.558737204968042
SYNTHETIC DATA,3.208203490320544,0.5417965096794561,0.7985538883398027
SYNTHETIC DATA,2.4461573178461555,0.0538426821538444,0.0793587304909634
SYNTHETIC DATA,4.205929878690571,0.4607367879760957,0.6790799626176577
SYNTHETIC DATA,4.732518303846251,0.2674816961537489,0.3942412782424041
SYNTHETIC DATA,3.382708582927737,-0.3827085829277368,-0.5640741893645099
SYNTHETIC DATA,4.340816090912952,-1.340816090912952,-1.9762288678835904
SYNTHETIC DATA,3.3357204945171537,-0.5857204945171537,-0.8632934506235719
SYNTHETIC DATA,4.433940098287518,0.3160599017124816,0.4658406965562042
SYNTHETIC DATA,4.294839232181825,-0.2948392321818254,-0.4345635512366353
SYNTHETIC DATA,3.9923534095506783,-0.9923534095506784,-1.4626297136406283
SYNTHETIC DATA,4.331034247739794,-0.3310342477397938,-0.487911385517509
SYNTHETIC DATA,3.548505771790755,0.9514942282092452,1.4024073653019753
SYNTHETIC DATA,3.289705415356301,0.4602945846436985,0.678428199115653
SYNTHETIC DATA,4.20103623906245,-0.20103623906245,-0.29630731747517
SYNTHETIC DATA,3.573693892057109,-0.3236938920571095,-0.4770924351044237
SYNTHETIC DATA,4.4059469028184886,0.5940530971815114,0.8755748738862471
SYNTHETIC DATA,3.4216051243656094,-0.9216051243656094,-1.3583538144449414
SYNTHETIC DATA,3.7202974337640873,0.5297025662359127,0.7807286248143566
SYNTHETIC DATA,2.8269960868583555,0.6730039131416445,0.9919404833839248
SYNTHETIC DATA,3.810418295651981,-0.5604182956519805,-0.8260005391220102
SYNTHETIC DATA,3.7337942545956286,0.5162057454043714,0.7608356602737958
SYNTHETIC DATA,4.005525543042358,-0.2555255430423582,-0.3766191038907535
SYNTHETIC DATA,3.2996446605141005,0.2003553394858994,0.2953037395733022
SYNTHETIC DATA,3.765949506218193,0.2340504937818068,0.3449670282813186
SYNTHETIC DATA,3.9205533510672192,0.3294466489327807,0.4855714235985701
SYNTHETIC DATA,3.3585357951522528,1.1414642048477472,1.6824041183306144
SYNTHETIC DATA,4.301541023075459,-0.3015410230754591,-0.4444413209921434
SYNTHETIC DATA,3.6570741163896514,-0.1570741163896514,-0.2315115438353496
SYNTHETIC DATA,3.7981625972893376,-1.7981625972893376,-2.65031189437182
SYNTHETIC DATA,4.279293050500535,0.4707069494994647,0.693774983921085
SYNTHETIC DATA,2.645283260650276,-0.6452832606502756,-0.9510830130259196
SYNTHETIC DATA,4.739191512204805,0.2608084877951953,0.3844056362860219
SYNTHETIC DATA,3.896468499587643,0.8535315004123571,1.2580200985016392
SYNTHETIC DATA,4.167945955710037,-0.6679459557100369,-0.9844855598067002
SYNTHETIC DATA,2.755385479611642,-0.0053854796116419,-0.0079376585260686
SYNTHETIC DATA,4.2766684126890455,0.4733315873109545,0.6976434376530753
SYNTHETIC DATA,3.675191863635376,-0.425191863635376,-0.6266902977971534
SYNTHETIC DATA,3.4964710284378486,0.7535289715621514,1.1106263688809164
SYNTHETIC DATA,3.9892880167587625,0.5107119832412375,0.7527384040925402
SYNTHETIC DATA,3.9781191774697433,0.5218808225302567,0.7692001565829085
SYNTHETIC DATA,4.075071899930017,-0.325071899930017,-0.4791234809406625
SYNTHETIC DATA,3.432428519670096,-0.0990951863367626,-0.1460563974688514
SYNTHETIC DATA,3.8424509733204215,-0.0924509733204215,-0.1362634917480372
SYNTHETIC DATA,3.141903525233309,-1.391903525233309,-2.051526638528073
SYNTHETIC DATA,4.369160858812809,-0.8691608588128092,-1.2810562102150969
SYNTHETIC DATA,3.795789596748262,0.454210403251738,0.6694607240191648
SYNTHETIC DATA,4.177872457584355,-0.5112057909176886,-0.7534662272384578
SYNTHETIC DATA,3.91970087598528,-0.1697008759852796,-0.250122125099866
SYNTHETIC DATA,3.423574450259537,0.3264255497404629,0.481118625428067
SYNTHETIC DATA,4.264668760682628,-0.2646687606826283,-0.390095292585462
SYNTHETIC DATA,4.151372146977114,0.8486278530228857,1.2507926124991426
SYNTHETIC DATA,3.572522065604195,-0.3225220656041951,-0.4753652800679547
SYNTHETIC DATA,3.541769904963385,-0.041769904963385,-0.0615646639064348
SYNTHETIC DATA,3.566699298820041,0.433300701179959,0.6386419136445378
SYNTHETIC DATA,4.318675245581497,0.6813247544185028,1.0042045715372885
SYNTHETIC DATA,4.114202261261914,0.1357977387380859,0.2001522903150646
SYNTHETIC DATA,3.84470718609017,-0.09470718609017,-0.1395889238023532
SYNTHETIC DATA,4.393710925369677,0.1062890746303226,0.1566594695936669
SYNTHETIC DATA,4.204835930208865,-0.2048359302088647,-0.3019076823451004
SYNTHETIC DATA,3.5012484635229093,-0.2512484635229093,-0.3703151162865972
SYNTHETIC DATA,4.4034222113686585,-0.6534222113686585,-0.9630790126808748
SYNTHETIC DATA,2.9311110380572445,0.0688889619427555,0.1015354426251779
SYNTHETIC DATA,3.769279549486365,-0.2692795494863653,-0.3968911343115672
SYNTHETIC DATA,3.929694820141991,0.0703051798580092,0.103622806243728
SYNTHETIC DATA,2.768040213787953,0.9819597862120468,1.4473105519577412
SYNTHETIC DATA,2.3395379148147444,0.1604620851852556,0.2365050711227519
SYNTHETIC DATA,3.70921050559506,0.5407894944049403,0.7970696485030456
SYNTHETIC DATA,4.264025072543825,0.2359749274561746,0.3478034511191616
SYNTHETIC DATA,4.813751533987946,0.1862484660120538,0.274511618428923
SYNTHETIC DATA,4.121625766004416,0.6283742339955838,0.9261607982424872
SYNTHETIC DATA,3.08349766137993,0.6665023386200701,0.982357812543897
SYNTHETIC DATA,2.4186141965653505,0.914719136767983,1.348204557163093
SYNTHETIC DATA,3.297589597335267,-1.297589597335267,-1.9125173379843328
SYNTHETIC DATA,4.05833698200137,0.6916630179986303,1.0194421384708163
SYNTHETIC DATA,4.144488918229289,0.105511081770711,0.1555127858996153
SYNTHETIC DATA,3.179262504817932,-0.929262504817932,-1.3696400276734413
SYNTHETIC DATA,4.036440789126718,-0.0364407891267184,-0.0537100799496258
SYNTHETIC DATA,3.455076273119191,0.2115903935474756,0.3118630860184972
SYNTHETIC DATA,4.150770979642328,0.3492290203576722,0.514728661306276
SYNTHETIC DATA,3.8348501272722415,0.8318165393944246,1.226014416947366
SYNTHETIC DATA,3.323770764992513,-0.3237707649925125,-0.4772057381257195
SYNTHETIC DATA,3.8662899864294737,-0.3662899864294737,-0.5398748196001546
SYNTHETIC DATA,3.135343810321968,0.864656189678032,1.2744167782715634
SYNTHETIC DATA,4.414916743811912,0.5850832561880885,0.8623542250353983
SYNTHETIC DATA,3.7501551587231607,-0.5001551587231607,-0.7371787001874363
SYNTHETIC DATA,4.400899160758029,0.599100839241971,0.8830147410276968
SYNTHETIC DATA,4.176978559218944,-0.926978559218944,-1.366273720201458
SYNTHETIC DATA,3.945452681214547,-0.1954526812145469,-0.2880777114320244
SYNTHETIC DATA,4.1276796060976135,-0.3776796060976135,-0.5566619802964935
SYNTHETIC DATA,3.658568931597084,-0.4085689315970842,-0.6021897578755513
SYNTHETIC DATA,3.6009496218584744,-0.8509496218584744,-1.25421466764044
SYNTHETIC DATA,4.321072237303432,0.678927762696568,1.000671645382039
SYNTHETIC DATA,3.553526630594035,0.196473369405965,0.2895821037813248
SYNTHETIC DATA,3.5197356832111555,0.146930983455511,0.2165615799655244
SYNTHETIC DATA,2.861471613205044,0.388528386794956,0.5726519984210734
SYNTHETIC DATA,2.7873209920299926,0.4626790079700074,0.6819426007122942
SYNTHETIC DATA,4.608165800938177,-0.3581658009381767,-0.527900582413748
SYNTHETIC DATA,4.152527472150346,-0.4025274721503455,-0.5932852506551288
SYNTHETIC DATA,2.4943553142288084,-0.2443553142288084,-0.360155303380147
SYNTHETIC DATA,4.434750741297822,0.2319159253688445,0.3418208878473264
SYNTHETIC DATA,2.7400155424149624,0.5099844575850376,0.7516661040107825
SYNTHETIC DATA,4.651388478422928,0.3486115215770722,0.5138185298390486
SYNTHETIC DATA,4.015685141281674,0.7343148587183261,1.082306687509189
SYNTHETIC DATA,3.517213543023449,-1.0172135430234488,-1.4992710649499466
SYNTHETIC DATA,3.185408179071056,0.0645918209289444,0.0952018863840101
SYNTHETIC DATA,4.516243625056216,0.2337563749437841,0.34453352651905
SYNTHETIC DATA,3.7125277156329406,0.9541389510337264,1.4063054223350857
SYNTHETIC DATA,4.1042403814672,0.3957596185328,0.583310111049296
SYNTHETIC DATA,3.6713359990030576,0.3286640009969424,0.4844178787875586
SYNTHETIC DATA,2.347642566184817,0.9023574338151832,1.329984642890666
SYNTHETIC DATA,3.8313427609478343,0.8353239057188322,1.2311839242552756
SYNTHETIC DATA,3.916898021020542,-0.4168980210205419,-0.6144660029723814
SYNTHETIC DATA,2.8464206429355303,-1.3464206429355303,-1.9844894172412824
SYNTHETIC DATA,3.909665823155916,0.0903341768440837,0.1331435453718533
SYNTHETIC DATA,4.342974208876158,0.3236924577905089,0.4770903211388473
SYNTHETIC DATA,4.31548581280874,-0.8154858128087401,-1.201944558649224
SYNTHETIC DATA,4.028541801928922,-0.028541801928922,-0.0420677625332982
SYNTHETIC DATA,1.8287859095590349,-0.0787859095590348,-0.1161225539492266
SYNTHETIC DATA,3.712786327240739,0.2872136727592611,0.4233242390246434
SYNTHETIC DATA,3.252635701229798,0.747364298770202,1.1015402575080944
SYNTHETIC DATA,2.668100176580743,-0.9181001765807428,-1.3531878718225183
SYNTHETIC DATA,4.3985850191529545,0.1014149808470454,0.1494755426520341
SYNTHETIC DATA,2.486612013679294,0.8467213196540389,1.2479825729220273
SYNTHETIC DATA,3.118928903149248,-0.1189289031492482,-0.1752893131445381
SYNTHETIC DATA,2.9243384689369245,0.408994864396409,0.6028175402384784
SYNTHETIC DATA,4.013092181622353,-1.263092181622353,-1.8616715961549504
SYNTHETIC DATA,4.082220790155139,0.1677792098448609,0.2472897813303755
SYNTHETIC DATA,3.2442360471208618,-0.2442360471208617,-0.3599795155869436
SYNTHETIC DATA,4.4598820694138,0.5401179305862005,0.7960798305748343
SYNTHETIC DATA,3.845455893780863,0.154544106219137,0.2277825617856152
SYNTHETIC DATA,4.570633043362336,0.4293669566376641,0.6328439674712715
SYNTHETIC DATA,3.8528786108755817,-0.3528786108755817,-0.5201077928563278
SYNTHETIC DATA,4.313965781086127,0.186034218913873,0.2741958396258831
SYNTHETIC DATA,3.8097194146680073,0.4402805853319935,0.6489295650601332
SYNTHETIC DATA,3.614980924178824,-0.3649809241788242,-0.537945392718181
SYNTHETIC DATA,4.177138307883346,-0.1771383078833457,-0.2610841561490822
SYNTHETIC DATA,2.430240363866057,0.5697596361339432,0.8397687410777419
SYNTHETIC DATA,4.291839043055838,-0.0418390430558384,-0.0616665665425253
SYNTHETIC DATA,3.2747091072819376,-0.0247091072819376,-0.036418753803103
SYNTHETIC DATA,3.112331391631993,-0.1123313916319932,-0.1655652407643236
SYNTHETIC DATA,3.313396874162887,-0.313396874162887,-0.4619156601883195
SYNTHETIC DATA,3.651218339030721,-0.1512183390307209,-0.2228807134485081
SYNTHETIC DATA,2.8009239119971565,-0.13425724533049,-0.1978817570454327
SYNTHETIC DATA,3.890379374236514,-0.640379374236514,-0.9438551747255164
SYNTHETIC DATA,3.114010867017943,0.8859891329820568,1.3058594039083369
SYNTHETIC DATA,4.036223015763024,-0.5362230157630234,-0.7903391155254876
SYNTHETIC DATA,3.2029398874679607,0.5470601125320393,0.8063119127078326
SYNTHETIC DATA,3.2330331305581512,-0.4830331305581512,-0.7119425424729444
SYNTHETIC DATA,3.7628062842967727,-0.7628062842967727,-1.124300200338338
SYNTHETIC DATA,4.492814146969519,0.0071858530304806,0.0105912289503741
SYNTHETIC DATA,2.6553124822832026,-0.4053124822832026,-0.5973900771553485
SYNTHETIC DATA,4.01984968167146,-0.0198496816714603,-0.0292564462817045
SYNTHETIC DATA,3.2604477379189465,0.4895522620810535,0.7215510905776418
SYNTHETIC DATA,3.5290506730578506,-0.1957173397245171,-0.2884677916160845
SYNTHETIC DATA,4.563906416504334,0.4360935834956656,0.6427583429552443
SYNTHETIC DATA,3.7780313175247895,1.2219686824752105,1.8010596697962555
SYNTHETIC DATA,4.248440970830232,0.2515590291697682,0.3707728590007957
SYNTHETIC DATA,3.649437338008605,0.8505626619913946,1.253644327483264
SYNTHETIC DATA,4.051587994879379,0.6984120051206206,1.0293894707484077
SYNTHETIC DATA,2.1386487894641983,-0.1386487894641983,-0.2043544540472341
SYNTHETIC DATA,3.751700196868151,-0.7517001968681507,-1.1079309378164828
SYNTHETIC DATA,1.958884524797522,-0.2088845247975219,-0.3078749060043973
SYNTHETIC DATA,3.890422550396399,0.1095774496036008,0.161506205544004
SYNTHETIC DATA,3.0709654512391715,0.2623678820941619,0.3867040275798888
SYNTHETIC DATA,3.465657748350428,0.2843422516495719,0.4190920513836417
SYNTHETIC DATA,2.8883122593712502,1.1116877406287498,1.63851658701898
SYNTHETIC DATA,4.076841766608037,0.5898249000586295,0.8693429340475388
SYNTHETIC DATA,4.339165498452159,0.1608345015478409,0.237053975608312
SYNTHETIC DATA,3.5013885325226384,0.9986114674773616,1.4718534653657278
SYNTHETIC DATA,3.830292541901688,-1.080292541901688,-1.592243202877896
SYNTHETIC DATA,3.617246100618447,-0.1172461006184466,-0.1728090304548716
SYNTHETIC DATA,2.5843054656917013,-1.250972132358368,-1.843807855260143
SYNTHETIC DATA,3.3453705023343407,-0.0120371690010072,-0.0177415836732588
SYNTHETIC DATA,3.808944566370536,0.8577221002961313,1.2641966237687436
SYNTHETIC DATA,4.4277498873493295,0.3222501126506705,0.4749644486033683
SYNTHETIC DATA,3.956985542178981,0.7930144578210196,1.168824028005118
SYNTHETIC DATA,3.520111878720629,-0.7701118787206291,-1.1350679161312205
SYNTHETIC DATA,3.389647878839618,1.110352121160382,1.6365480174531877
SYNTHETIC DATA,2.262413892017153,-0.5124138920171535,-0.7552468474773295
SYNTHETIC DATA,4.316998349302788,-0.5669983493027884,-0.8356988803524582
SYNTHETIC DATA,4.040878125413848,0.9591218745861524,1.4136497534760226
SYNTHETIC DATA,4.220766064676824,-0.2207660646768241,-0.3253871079115203
SYNTHETIC DATA,4.084238120574339,-0.584238120574339,-0.8611085796344461
SYNTHETIC DATA,3.733446663018641,-1.4001133296853077,-2.0636270695026693
SYNTHETIC DATA,4.246487622844736,-0.2464876228447359,-0.3632981130992365
SYNTHETIC DATA,3.2004581728582844,1.1328751604750489,1.6697447256279936
SYNTHETIC DATA,4.7018228906936,0.0481771093064002,0.0710082425380682
SYNTHETIC DATA,3.7336712458014976,-0.2336712458014975,-0.3444080546742347
SYNTHETIC DATA,4.017725405278149,0.7322745947218507,1.079299542356871
SYNTHETIC DATA,2.6320820488858065,1.8679179511141932,2.753124312012371
SYNTHETIC DATA,3.94788776158519,-0.6978877615851902,-1.0286167881892254
SYNTHETIC DATA,3.787560405898752,0.2124395941012484,0.3131147227346451
SYNTHETIC DATA,3.360029557281477,-1.860029557281477,-2.741497608157084
SYNTHETIC DATA,3.4940816332173656,-0.2440816332173656,-0.3597519249309545
SYNTHETIC DATA,3.87002764892508,-0.5366943155917467,-0.7910337643541107
SYNTHETIC DATA,3.263920518571617,-0.0139205185716169,-0.0205174526496079
SYNTHETIC DATA,4.462563417712268,0.2041032489543992,0.3008277834269379
SYNTHETIC DATA,3.417156719818599,0.0828432801814011,0.1221027126048134
SYNTHETIC DATA,3.3083189300899685,-0.8083189300899685,-1.191381290041723
SYNTHETIC DATA,3.148614015711033,-0.3986140157110331,-0.5875172071173249
SYNTHETIC DATA,3.720063948212593,0.0299360517874074,0.0441227474324616
SYNTHETIC DATA,4.626219952456357,-0.3762199524563572,-0.5545105967603681
SYNTHETIC DATA,2.6487829962449347,0.3512170037550652,0.5176587500823783
SYNTHETIC DATA,4.666949950932791,-0.1669499509327909,-0.2460675366004017
SYNTHETIC DATA,3.361822471137658,0.8881775288623421,1.3090848806476805
SYNTHETIC DATA,3.3528427267867875,0.313823939879879,0.462545112358623
SYNTHETIC DATA,3.696276644268573,-0.6962766442685728,-1.0262421623384286
SYNTHETIC DATA,3.7213977344698046,-1.7213977344698046,-2.537168161259406
SYNTHETIC DATA,3.3063121924773893,-1.0563121924773893,-1.5568985652982807
SYNTHETIC DATA,4.678609346122155,0.3213906538778452,0.4736976922979181
SYNTHETIC DATA,3.907554805457541,0.0924451945424587,0.1362549744070621
SYNTHETIC DATA,3.346720467801318,0.653279532198682,0.9628687178488958
SYNTHETIC DATA,3.880643894761599,-0.2139772280949321,-0.3153810415140444
SYNTHETIC DATA,3.306408873657798,-0.6397422069911314,-0.942916053907584
SYNTHETIC DATA,4.010286070442059,0.7397139295579409,1.0902643781464856
SYNTHETIC DATA,4.4342335980765375,0.0657664019234625,0.0969331013394135
SYNTHETIC DATA,3.1546329833281934,1.0953670166718066,1.6144614715955743
SYNTHETIC DATA,3.5463515036066133,-0.2963515036066133,-0.4367924881251437
SYNTHETIC DATA,3.692051998930109,-0.692051998930109,-1.0200154574748577
SYNTHETIC DATA,2.85811425989006,0.6418857401099398,0.9460754074217332
SYNTHETIC DATA,4.166861143100627,0.5831388568993727,0.8594883748780988
SYNTHETIC DATA,4.10084877766541,0.6491512223345897,0.9567840018432632
SYNTHETIC DATA,3.056217025712024,0.1937829742879766,0.2856167303537419
SYNTHETIC DATA,2.922993280695126,0.3270067193048733,0.4819752112626994
SYNTHETIC DATA,3.750498483544825,0.5828348497885081,0.8590402987902562
SYNTHETIC DATA,3.7823477572454696,-0.0323477572454695,-0.0476773601637346
SYNTHETIC DATA,3.73507340623586,0.7649265937641405,1.1274253245120835
SYNTHETIC DATA,3.3112961344896155,0.9387038655103844,1.383555649419763
SYNTHETIC DATA,3.786821199032861,0.7131788009671389,1.0511542514933665
SYNTHETIC DATA,4.0476030462051,-1.5476030462050998,-2.2810121661447584
SYNTHETIC DATA,1.530142155275662,-0.280142155275662,-0.4129015292395031
SYNTHETIC DATA,4.170568200063221,-1.1705682000632214,-1.725300497562164
SYNTHETIC DATA,3.5648766625954345,-0.5648766625954345,-0.8325717262646648
SYNTHETIC DATA,4.693050897710164,-0.0263842310434974,-0.0388877187546036
SYNTHETIC DATA,4.7199358955723545,-0.2199358955723545,-0.3241635216489473
SYNTHETIC DATA,3.5948615296142568,0.1551384703857432,0.2286585951447337
SYNTHETIC DATA,3.764944373482279,0.9850556265177212,1.4518735110569758
SYNTHETIC DATA,3.335766944888204,0.1642330551117963,0.2420631037860356
SYNTHETIC DATA,3.387220621151532,-0.6372206211515321,-0.9391994884793832
